area_sqft,bedrooms,bathrooms,age_years,waterfront,floors,condition,grade,price
1180,3,1.0,59,0,1.0,3,7,221900.0
2570,3,2.25,63,0,2.0,3,7,538000.0
770,2,1.0,82,0,1.0,3,6,180000.0
1960,4,3.0,49,0,1.0,5,7,604000.0
1680,3,2.0,28,0,1.0,3,8,510000.0
5420,4,4.5,13,0,1.0,3,11,1225000.0
1715,3,2.25,19,0,2.0,3,7,257500.0
1060,3,1.5,52,0,1.0,3,7,291850.0
1780,3,1.0,55,0,1.0,3,7,229500.0
1890,3,2.5,12,0,2.0,3,7,323000.0
3560,3,2.5,50,0,1.0,3,8,662500.0
1160,2,1.0,72,0,1.0,4,7,468000.0
1430,3,1.0,87,0,1.5,4,7,310000.0
1370,3,1.75,37,0,1.0,4,7,400000.0
1810,5,2.0,115,0,1.5,3,7,530000.0
2950,4,3.0,36,0,2.0,3,9,650000.0
1890,3,2.0,20,0,2.0,3,7,395000.0
1600,4,1.0,98,0,1.5,4,7,485000.0
1200,2,1.0,93,0,1.0,4,7,189000.0
1250,3,1.0,46,0,1.0,4,7,230000.0
1620,4,1.75,67,0,1.0,4,7,385000.0
3050,3,2.75,46,0,1.0,3,9,2000000.0
2270,5,2.5,19,0,2.0,3,8,285000.0
1070,2,1.5,29,0,1.0,3,7,252700.0
2450,3,2.25,29,0,2.0,4,8,329000.0
1710,3,2.0,73,0,1.5,5,6,233000.0
2450,3,1.75,99,0,2.0,3,8,937000.0
1400,3,1.0,105,0,1.5,5,8,667000.0
1520,3,1.75,66,0,1.0,3,7,438000.0
2570,4,2.5,10,0,2.0,3,8,719000.0
2320,3,2.5,11,0,2.0,3,8,580500.0
1190,2,1.5,9,0,3.0,3,7,280000.0
2330,4,1.75,85,0,1.5,4,7,687500.0
1090,3,1.0,85,0,1.5,4,8,535000.0
2060,4,2.75,33,0,1.0,3,7,322500.0
2300,3,2.5,84,0,1.5,3,8,696000.0
1660,4,1.0,81,0,1.0,1,5,550000.0
2360,4,2.0,110,0,2.0,4,8,640000.0
1220,4,1.0,46,0,1.0,2,7,240000.0
2620,4,2.5,18,0,2.0,3,8,605000.0
2570,4,2.5,14,0,2.0,3,9,625000.0
4220,4,2.25,30,0,1.0,3,8,775000.0
3595,5,2.75,0,0,2.0,3,9,861990.0
1570,3,1.0,92,0,2.0,3,7,685000.0
1280,3,1.0,55,0,1.0,4,6,309000.0
3160,3,2.5,11,0,2.0,3,8,488000.0
990,3,1.0,49,0,1.0,3,6,210490.0
2290,4,2.5,33,0,2.0,4,9,785000.0
1250,3,1.75,62,0,1.0,4,7,450000.0
2753,3,2.5,62,1,1.0,5,9,1350000.0
1190,3,1.0,59,0,1.0,3,7,228000.0
3150,5,2.5,49,0,1.0,4,8,345000.0
1410,3,1.75,64,0,1.0,4,7,600000.0
1980,2,1.75,34,0,1.0,3,7,585000.0
2730,5,2.25,88,0,1.5,3,8,920000.0
2830,4,2.5,19,0,2.0,3,9,885000.0
2250,4,2.5,6,0,2.0,3,7,292500.0
2420,3,2.5,12,0,2.0,3,8,301000.0
3250,5,3.25,46,0,2.0,4,8,951000.0
1850,4,3.0,24,0,2.0,3,8,430000.0
2150,3,2.25,55,0,1.0,4,8,650000.0
1260,3,1.75,60,0,1.0,3,7,289000.0
2519,3,1.75,41,0,2.0,5,8,505000.0
1540,3,1.75,0,0,3.0,3,8,549000.0
1660,3,2.25,35,0,1.0,3,7,425000.0
2770,3,2.75,89,0,1.5,5,7,317625.0
2720,4,2.5,25,0,2.0,3,10,975000.0
2240,4,2.5,9,0,2.0,3,7,287000.0
1000,3,1.0,46,0,1.0,4,7,204000.0
3200,5,2.25,49,0,1.0,3,8,1325000.0
4770,5,3.25,41,0,1.0,4,11,1040000.0
1260,3,2.0,43,0,1.0,4,7,325000.0
2750,4,2.0,98,0,1.5,5,7,571000.0
2380,4,2.5,9,0,2.0,3,8,360000.0
1790,3,1.75,50,0,1.0,5,7,349000.0
3430,4,4.0,28,0,2.0,4,10,832500.0
1760,4,1.75,58,0,1.0,3,7,380000.0
1040,3,1.0,74,0,1.0,3,7,480000.0
1410,3,1.0,58,0,1.0,4,7,410000.0
3450,4,2.5,13,0,2.0,3,10,720000.0
2350,3,2.5,11,0,2.0,3,8,390000.0
1900,4,2.5,22,0,2.0,3,7,360000.0
2020,2,1.0,66,0,1.0,3,7,355000.0
1680,3,1.5,51,0,1.0,3,8,356000.0
960,3,1.0,62,0,1.0,3,6,315000.0
2140,3,1.5,89,0,2.0,3,9,940000.0
2660,5,2.25,53,0,1.5,5,7,305000.0
2770,3,3.25,8,0,2.0,3,9,461000.0
1610,2,2.25,35,0,2.0,4,7,215000.0
1030,2,1.75,8,0,2.0,3,7,335000.0
1980,4,2.5,26,0,2.0,3,7,243500.0
3520,5,2.75,14,0,2.0,4,10,1099880.0
1200,3,1.0,53,0,1.0,3,7,153000.0
1580,3,1.5,75,0,1.0,3,8,430000.0
1580,3,1.5,75,0,1.0,3,8,700000.0
3300,4,2.5,68,0,1.0,3,7,905000.0
1960,3,1.75,48,0,1.0,3,7,247500.0
1160,4,1.5,39,0,1.0,4,7,199000.0
1810,3,1.75,34,0,1.0,5,7,314000.0
2320,3,2.5,22,0,2.0,3,9,437500.0
2070,3,2.5,104,0,1.5,5,9,850830.0
1980,3,2.0,85,0,1.5,4,7,555000.0
2190,3,2.25,31,0,2.0,4,8,699950.0
2920,3,2.5,64,0,2.0,3,8,1088000.0
1210,3,1.0,60,0,1.0,3,7,290000.0
2340,3,2.5,37,0,1.0,4,8,375000.0
1670,3,1.0,75,0,1.5,4,7,460000.0
1240,2,1.75,29,0,1.0,4,8,188500.0
3140,4,2.5,24,0,2.0,4,10,680000.0
2030,5,1.75,72,0,2.0,4,7,470000.0
2310,4,2.5,30,0,2.0,3,8,597750.0
1260,3,1.75,110,0,1.0,5,6,570000.0
1540,3,1.75,34,0,1.0,4,7,272500.0
2080,3,1.75,43,0,1.0,3,7,329950.0
3230,4,2.5,13,0,2.0,3,9,480000.0
4380,3,3.5,114,0,2.0,3,8,740500.0
1590,3,3.5,4,0,3.0,3,8,518500.0
880,2,1.0,69,0,1.0,4,6,205425.0
1570,4,2.0,65,0,1.0,3,6,171800.0
1610,4,1.0,90,0,1.5,4,7,535000.0
2400,3,2.5,51,0,1.0,3,8,660000.0
1450,3,2.0,27,0,1.0,3,7,391500.0
770,2,1.0,62,0,1.0,3,6,395000.0
2100,4,1.75,90,0,1.5,5,7,445000.0
2910,3,2.25,24,0,2.0,3,9,770000.0
2750,4,2.75,101,0,1.5,3,8,1450000.0
2100,3,2.25,47,0,1.0,3,8,445000.0
2160,4,2.25,36,0,1.0,3,8,260000.0
2320,5,3.5,88,0,2.0,5,7,822500.0
2070,4,2.5,11,0,2.0,3,7,430000.0
1060,3,1.75,29,0,1.0,4,7,212000.0
2010,4,2.25,29,0,1.0,3,8,660500.0
3950,3,3.5,25,0,1.5,3,9,784000.0
2010,3,2.5,0,0,2.0,3,8,453246.0
2140,4,3.5,10,0,3.0,3,9,675000.0
1320,3,1.75,58,0,1.0,4,7,199000.0
2020,4,1.75,46,0,1.0,3,7,220000.0
2590,4,2.25,46,0,1.0,4,8,452000.0
1190,2,1.0,33,0,1.0,3,6,382500.0
1170,3,2.25,0,0,3.0,3,8,519950.0
1110,2,1.0,89,0,1.0,3,7,665000.0
2820,5,2.5,46,0,1.0,4,8,527700.0
1610,3,1.0,53,0,1.0,4,7,205000.0
1060,3,1.0,92,0,1.0,4,7,420000.0
2030,4,2.25,54,0,1.0,4,8,500000.0
3670,4,2.5,20,0,2.0,4,9,921500.0
2550,4,1.0,109,0,2.0,3,8,890000.0
2420,2,2.5,7,0,2.0,3,7,430000.0
2260,5,2.0,54,0,1.0,4,8,258000.0
1430,3,1.0,67,0,1.0,3,7,511000.0
1360,3,2.0,24,0,2.0,3,8,532170.0
1110,3,1.0,68,0,1.5,3,7,560000.0
1250,3,1.0,61,0,1.0,4,7,282950.0
5180,4,3.25,9,0,2.0,3,12,2250000.0
700,1,1.0,72,0,1.0,3,7,350000.0
1180,3,1.0,47,0,1.0,4,7,215000.0
3960,5,3.5,18,0,2.0,3,9,650000.0
2640,4,2.75,47,0,1.0,3,8,320000.0
1270,3,2.0,98,0,1.5,3,7,247000.0
1760,4,1.75,46,0,1.0,4,8,320000.0
2060,5,2.25,52,0,1.0,3,7,255000.0
1780,3,1.75,53,0,1.0,3,7,438000.0
3400,3,2.5,15,0,2.0,3,10,900000.0
1910,3,2.75,35,0,1.0,3,7,441000.0
2020,3,2.0,39,0,1.0,4,7,420000.0
1580,3,1.75,38,0,1.0,3,7,370000.0
1340,2,1.75,66,0,1.0,5,5,269950.0
2680,4,2.5,16,0,2.0,3,9,807100.0
2680,3,2.5,35,0,1.0,4,8,653000.0
1370,3,2.0,50,0,1.0,5,7,371500.0
1560,3,1.75,61,0,1.0,3,7,284000.0
2160,3,1.75,37,0,1.0,4,7,272000.0
1340,3,1.5,59,0,1.5,3,7,313000.0
3880,4,2.5,31,0,2.0,3,10,917500.0
2590,4,2.25,34,0,2.0,4,8,673000.0
1120,3,2.5,7,0,2.0,3,8,425000.0
1970,5,2.75,28,0,1.0,3,7,399950.0
1220,3,1.0,113,0,1.0,3,6,385000.0
1950,3,1.5,39,0,1.0,4,7,269950.0
1350,2,1.0,66,0,1.0,3,7,330000.0
1670,3,2.5,26,0,2.0,3,7,260000.0
2380,4,3.0,90,0,1.5,4,7,470000.0
2440,4,3.0,53,0,2.0,5,7,589000.0
1050,2,1.5,18,0,2.0,3,7,163500.0
3130,4,2.75,21,0,2.0,3,9,835000.0
4090,5,3.0,28,0,1.0,4,10,1095000.0
1490,4,1.75,46,0,1.0,4,8,269000.0
1900,3,2.5,27,0,2.0,3,8,560000.0
1330,4,1.0,114,0,1.5,4,6,615000.0
2230,3,2.25,39,0,1.0,3,8,585188.0
1650,3,1.75,37,0,1.0,3,7,305000.0
1190,3,1.0,55,0,1.0,3,6,166950.0
2140,3,2.5,55,0,1.0,4,8,799000.0
2180,3,2.5,52,0,1.0,4,7,400000.0
1060,3,1.0,66,0,1.0,3,7,230000.0
1690,3,2.5,11,0,2.0,3,8,256883.0
1970,4,2.0,94,0,1.5,5,7,423000.0
2150,3,2.5,7,0,2.0,3,8,465000.0
1910,3,2.5,18,0,2.0,3,7,440000.0
1350,3,1.75,45,0,1.0,4,7,385000.0
860,3,1.0,72,0,1.0,4,6,210000.0
1940,3,2.5,20,0,2.0,3,8,297000.0
1010,3,1.0,62,0,1.0,3,7,470000.0
1300,3,1.5,38,0,1.0,4,7,226500.0
910,3,1.0,53,0,1.0,4,6,274250.0
2480,4,1.75,48,0,1.0,4,9,840000.0
2440,3,2.5,4,0,2.0,3,8,677900.0
1010,3,1.0,100,0,1.0,3,7,425000.0
900,2,0.75,73,0,1.0,3,6,180250.0
2300,6,3.0,94,0,2.0,3,7,464000.0
1550,4,2.25,22,0,2.0,3,8,320000.0
1270,3,2.25,0,0,2.0,3,8,625504.0
2240,4,2.5,31,0,1.0,3,9,592500.0
2714,3,2.5,10,0,2.0,3,9,465000.0
1720,4,2.75,36,0,2.0,3,8,477000.0
850,2,1.0,92,0,1.0,3,6,280000.0
3300,5,3.0,58,0,1.0,3,9,1505000.0
2250,3,2.5,14,0,2.0,3,8,445838.0
3900,2,2.25,67,0,1.0,3,8,1072000.0
1320,2,1.5,67,0,1.0,4,8,467000.0
2760,4,2.5,15,0,2.0,3,10,686000.0
1750,3,2.0,53,0,1.0,3,7,279950.0
2330,4,2.25,27,0,2.0,3,8,527000.0
2220,3,2.25,48,0,1.0,4,8,325000.0
2020,3,2.25,20,0,2.0,3,7,328000.0
1250,3,2.25,72,0,1.0,5,7,390000.0
1510,2,2.0,10,0,1.0,3,8,479950.0
1720,4,2.25,36,0,1.0,4,7,264950.0
1430,3,1.0,54,0,1.0,4,7,235000.0
1480,3,2.5,11,0,2.0,3,7,516500.0
1450,2,1.75,100,1,2.0,3,7,655000.0
2280,4,2.75,54,0,1.0,5,7,500000.0
2940,6,2.75,36,0,1.0,3,8,315000.0
1000,2,1.0,53,0,1.0,3,6,213000.0
2480,3,1.5,67,0,1.5,5,7,475000.0
3760,5,4.0,31,0,2.0,3,10,1025000.0
2220,3,2.0,39,0,1.0,5,7,416000.0
1970,4,1.0,111,0,1.5,3,7,410000.0
3830,3,3.5,21,0,2.0,3,10,800000.0
4410,6,2.5,49,0,1.0,4,9,472000.0
1430,3,1.75,46,0,1.0,4,7,225000.0
830,2,1.0,74,0,1.0,3,6,210000.0
1430,2,1.0,90,0,1.5,2,7,455000.0
1300,3,1.0,61,0,1.0,4,6,225000.0
1030,2,1.0,96,0,1.0,4,7,480000.0
2740,3,2.5,25,0,2.0,3,9,363000.0
3650,4,2.5,14,1,1.0,3,9,2400000.0
720,2,1.5,61,0,1.0,3,6,181000.0
2010,4,2.0,39,0,1.0,4,7,250000.0
1560,3,1.75,97,0,1.0,4,6,481000.0
1810,3,2.0,36,0,1.0,4,7,260000.0
3360,4,2.5,13,0,2.0,3,9,455000.0
1510,3,2.25,24,0,2.0,3,8,415000.0
1400,3,1.0,62,0,1.0,3,7,349500.0
1730,3,2.5,27,0,2.0,3,7,245000.0
1420,2,2.0,86,0,1.5,5,7,592500.0
2360,4,1.75,59,0,1.0,4,7,385000.0
1580,3,1.75,41,0,1.0,4,7,315000.0
1230,3,1.0,35,0,1.0,3,7,255000.0
2460,4,2.5,8,0,2.0,3,8,693000.0
1660,3,1.0,103,0,1.5,3,8,780000.0
1270,3,1.75,54,0,1.0,4,7,237000.0
2100,3,2.25,35,0,2.0,3,10,525000.0
770,2,1.0,85,0,1.0,3,5,425000.0
760,1,0.75,78,1,1.0,5,5,369900.0
1700,4,2.5,26,0,2.0,4,7,290000.0
1120,3,1.0,60,0,1.0,3,7,285000.0
1070,2,1.0,77,0,1.0,3,7,415000.0
2070,3,2.5,36,0,1.0,3,8,272500.0
5050,4,3.25,33,0,1.5,3,11,2900000.0
5310,4,4.75,25,0,2.0,4,11,1365000.0
1040,2,1.0,76,0,1.0,4,7,436000.0
1700,3,1.0,47,0,1.0,4,7,210000.0
1300,3,1.0,53,0,1.0,3,7,236000.0
1080,3,1.75,60,0,1.0,3,7,331000.0
2653,3,2.5,9,0,2.0,3,8,365000.0
2290,3,2.0,55,0,1.0,5,8,450000.0
3820,4,2.75,0,0,2.0,3,9,770000.0
2210,4,2.5,18,0,1.0,3,8,455000.0
2390,3,1.75,107,0,1.0,3,6,405000.0
2600,4,1.75,45,0,1.0,4,7,304900.0
860,2,1.0,84,0,1.0,3,6,170000.0
3830,5,3.0,110,0,2.0,5,9,2050000.0
3500,4,2.5,9,0,2.0,3,9,780000.0
2420,3,3.0,27,0,1.0,4,8,330000.0
2720,4,2.5,22,0,2.0,3,9,370000.0
2500,5,2.25,35,0,1.0,3,7,467000.0
1670,3,1.75,35,0,1.0,3,7,405000.0
2900,5,2.25,29,0,1.0,3,8,675000.0
1640,2,1.0,60,0,1.0,4,7,500000.0
1890,4,2.5,46,0,2.0,4,7,389999.0
2950,4,1.75,40,0,1.0,4,8,630000.0
2160,4,2.5,22,0,2.0,3,9,360000.0
3280,4,3.0,28,0,2.0,3,8,580000.0
1970,3,2.0,85,0,2.0,5,8,550000.0
3360,4,2.5,20,0,2.0,3,10,879000.0
1320,3,2.0,21,0,1.0,3,7,265000.0
2650,3,2.5,25,0,2.0,3,8,446500.0
2030,3,1.5,51,0,1.0,3,7,404000.0
1590,3,1.75,57,0,1.0,3,7,267500.0
2440,3,2.5,16,0,2.0,3,8,335000.0
1940,3,2.5,66,0,1.0,4,7,576000.0
2040,3,2.5,9,0,2.0,3,8,208633.0
2200,3,2.25,51,0,1.0,4,7,315000.0
1920,3,1.75,102,0,1.0,4,8,725000.0
1800,4,2.75,50,0,1.0,4,8,550000.0
2180,4,2.25,30,0,2.0,3,8,610750.0
1010,2,1.0,107,0,1.5,4,6,550700.0
3320,4,2.75,55,0,2.0,5,8,665000.0
2370,4,2.5,87,0,1.5,5,8,834000.0
1660,5,1.75,99,0,1.5,3,6,201000.0
3650,5,2.5,93,0,2.0,5,10,2384000.0
4290,4,3.25,17,0,1.0,3,11,1384000.0
4290,4,3.25,17,0,1.0,3,11,1400000.0
1950,4,2.25,35,0,1.0,3,8,305000.0
2590,3,2.0,67,0,1.0,5,8,487000.0
1930,3,2.5,27,0,1.0,4,8,390000.0
1470,2,1.0,98,0,1.0,4,7,548000.0
800,4,1.0,71,0,1.0,3,6,268750.0
3150,5,2.75,1,0,2.0,3,9,819900.0
2030,3,2.25,30,0,2.0,3,8,520000.0
1450,3,2.0,11,0,1.0,3,7,230000.0
1510,3,1.75,46,0,1.0,3,7,240000.0
1240,2,1.0,92,0,1.0,3,6,232000.0
1240,2,1.0,93,0,1.0,3,6,240500.0
3030,3,2.5,27,0,2.0,3,9,274975.0
2050,4,2.0,92,0,1.5,4,9,740000.0
1000,3,1.0,63,0,1.0,2,7,186375.0
2370,3,2.25,37,0,1.0,4,9,790000.0
2800,4,3.5,63,0,2.0,3,9,880000.0
2240,6,1.75,60,0,2.0,4,7,279000.0
1810,3,2.0,23,0,1.0,3,8,295000.0
1070,2,1.0,91,0,1.0,3,7,640000.0
2490,4,2.0,46,0,2.0,5,9,940000.0
1960,4,2.5,11,0,2.0,3,7,260000.0
2930,3,2.75,10,0,1.0,3,9,559900.0
1510,4,2.0,103,0,1.5,5,7,791500.0
1420,3,1.75,60,0,1.0,3,7,265000.0
1740,3,1.75,61,0,1.0,3,7,245000.0
2560,4,1.75,53,0,2.0,4,7,485000.0
3040,4,3.5,4,0,2.0,3,9,684000.0
2500,3,1.75,57,0,1.0,3,8,425000.0
1275,4,1.75,23,0,1.0,4,6,309600.0
2580,4,2.5,12,0,2.0,3,8,552250.0
1000,4,1.0,71,0,1.0,3,6,165000.0
1000,4,1.0,71,0,1.0,3,6,239900.0
1070,2,1.0,84,0,1.0,4,6,320000.0
1390,3,2.0,27,0,1.0,4,7,206600.0
2500,4,1.75,42,0,1.0,3,7,387000.0
560,1,0.75,47,0,1.0,3,4,299000.0
2270,4,2.75,49,0,2.0,3,9,855000.0
1900,3,1.0,61,0,1.0,4,7,315000.0
990,2,1.0,107,0,1.0,5,7,437500.0
1550,4,1.5,46,0,1.0,4,7,252000.0
2200,4,1.75,59,0,1.0,5,7,375000.0
1910,4,2.5,9,0,2.0,3,7,300000.0
1750,4,1.0,60,0,1.5,4,7,420000.0
1330,3,1.0,86,0,1.0,3,7,900000.0
2440,3,2.5,14,0,2.0,3,9,679900.0
1640,3,2.5,22,0,2.0,3,7,463000.0
2760,5,2.5,36,0,2.0,4,9,380000.0
1820,4,2.5,20,0,2.0,3,7,329500.0
2110,3,2.5,1,0,1.0,3,8,604950.0
3040,5,2.5,48,0,1.0,4,8,795000.0
1840,3,2.0,21,0,2.0,3,7,465000.0
2990,4,2.5,13,0,2.0,3,9,673000.0
3520,4,2.5,23,0,2.0,3,10,810000.0
2440,4,2.75,26,0,1.0,4,8,785000.0
2090,4,3.0,28,0,1.0,3,7,338000.0
1430,3,2.25,21,0,2.0,3,7,280000.0
2180,4,2.25,60,0,1.0,5,7,315000.0
2180,4,2.25,61,0,1.0,5,7,530000.0
3450,5,3.0,10,0,2.0,3,9,380000.0
1450,3,2.25,20,0,2.0,3,7,297000.0
3230,4,2.5,10,0,2.0,3,10,730000.0
1640,3,1.75,74,0,1.0,3,7,450000.0
1590,3,3.0,17,0,1.0,3,7,275000.0
2020,4,2.0,55,0,2.0,3,7,595000.0
1300,3,1.5,111,0,1.5,3,7,435000.0
1380,2,1.5,60,0,1.0,1,6,270000.0
4040,3,3.0,28,0,2.0,3,10,950000.0
2130,4,2.25,14,0,2.0,3,7,389000.0
2550,4,2.25,47,0,1.0,3,8,560000.0
4800,5,3.5,16,0,2.0,3,11,1350000.0
2510,4,2.25,45,0,2.0,4,8,799000.0
1410,3,2.0,31,0,1.0,4,7,365500.0
1650,3,2.0,35,0,1.0,3,7,252350.0
2120,4,2.5,21,0,2.0,3,8,403950.0
2040,4,1.5,60,0,1.0,3,7,385000.0
1550,4,1.0,57,0,1.5,3,7,345000.0
1980,3,2.75,35,0,2.0,4,9,490000.0
1600,3,2.5,9,0,2.0,3,8,330000.0
3300,4,2.75,61,0,2.0,3,8,927000.0
3840,4,2.5,31,0,2.0,4,10,1118000.0
1220,2,1.0,65,0,1.0,5,7,330000.0
2720,5,2.25,57,0,1.0,4,7,530000.0
1940,4,2.0,52,0,1.0,1,8,365000.0
2160,3,2.5,105,0,1.5,3,7,378750.0
1530,4,1.75,46,0,1.5,4,7,269900.0
1710,3,3.5,7,0,2.0,3,8,557000.0
3730,4,1.75,40,0,1.0,4,7,360000.0
940,2,1.0,78,0,1.0,4,7,352000.0
1750,3,2.5,21,0,2.0,3,8,437000.0
1820,4,2.5,20,0,2.0,3,7,322500.0
1510,3,3.25,13,0,2.0,3,9,650000.0
1290,3,2.0,13,0,3.0,3,8,450000.0
1570,3,2.0,17,0,1.0,3,7,278500.0
1930,4,2.5,20,0,2.0,3,8,364950.0
2840,4,3.5,28,0,1.0,4,10,840000.0
1550,3,2.5,24,0,2.0,3,7,268000.0
833,2,1.0,8,0,1.0,3,5,517534.0
2990,3,2.5,36,0,2.0,4,8,632925.0
2000,3,2.5,19,0,2.0,3,9,577500.0
2390,4,1.5,95,0,1.5,3,7,339000.0
2910,3,1.75,47,0,1.0,4,7,570000.0
2085,4,1.75,50,0,1.0,3,7,563500.0
2200,4,2.25,53,0,1.0,5,7,423000.0
1860,3,2.25,2,0,2.0,3,8,355000.0
6070,5,4.25,15,0,2.0,3,12,1550000.0
950,2,1.0,73,0,1.0,3,7,482000.0
1600,3,1.75,59,0,1.0,5,7,625000.0
2250,3,2.5,26,0,2.0,3,8,538000.0
2280,3,2.5,30,0,2.0,4,8,380000.0
940,2,1.0,105,0,1.0,3,7,375000.0
1530,3,2.5,19,0,1.0,5,7,245000.0
2190,5,1.75,67,0,1.0,4,7,310000.0
2350,3,2.0,39,0,1.0,4,8,1300000.0
1440,4,2.0,43,0,1.0,3,7,397000.0
2200,3,2.5,10,0,2.0,3,8,365000.0
2290,4,3.0,24,0,2.0,3,9,328500.0
4040,4,3.0,27,0,2.0,3,11,988000.0
2610,4,2.5,92,0,1.5,5,8,1000000.0
1490,3,2.5,9,0,2.0,3,7,237000.0
2450,4,2.5,11,0,2.0,3,8,525000.0
1710,4,2.5,38,0,1.0,3,9,749000.0
4870,5,2.5,31,0,2.0,3,10,722500.0
3130,3,2.5,24,0,2.0,3,10,843000.0
1270,2,2.0,14,0,3.0,3,8,438000.0
2120,3,1.75,37,0,1.0,3,8,578000.0
1670,3,1.5,60,0,1.0,5,7,227950.0
2070,3,2.25,40,0,2.0,3,7,196000.0
1420,2,1.0,61,0,1.0,3,8,641000.0
1250,3,1.5,35,0,1.0,4,6,350000.0
940,3,1.0,54,0,1.0,4,7,205000.0
1920,3,1.75,46,0,1.0,3,7,400000.0
3545,3,2.5,9,0,1.0,3,10,1030000.0
1260,3,2.0,43,0,1.0,3,7,505000.0
2340,5,2.5,39,0,1.0,3,7,475000.0
2590,3,2.25,37,0,1.0,5,8,520000.0
3970,3,4.5,38,0,2.0,3,10,1450000.0
1220,3,1.75,49,0,1.0,3,7,333500.0
1400,3,1.0,39,0,1.0,4,6,232000.0
2360,3,2.75,32,0,1.0,4,8,691100.0
1870,3,1.75,54,0,1.0,4,8,811000.0
2830,3,2.5,13,0,2.0,3,9,551000.0
2260,3,2.5,21,0,2.0,3,8,496500.0
1970,3,3.0,34,1,2.0,4,9,705000.0
3140,4,2.5,48,0,1.0,5,9,578000.0
1240,3,1.75,29,0,1.0,5,7,255000.0
3450,4,3.5,7,0,2.0,3,10,1050000.0
2570,3,2.25,26,0,2.0,4,8,348000.0
1510,3,2.0,29,0,2.0,3,7,230000.0
2390,4,2.25,26,0,2.0,3,9,359500.0
980,3,1.0,61,0,1.0,3,6,330000.0
430,1,0.75,102,0,1.0,2,4,80000.0
1480,3,1.75,60,0,1.0,3,7,465000.0
1850,4,2.5,17,0,2.0,3,8,325000.0
2270,3,2.0,68,0,1.0,4,7,340500.0
1810,3,2.5,22,0,2.0,3,8,342500.0
1610,2,2.0,84,0,2.0,3,6,290900.0
3840,3,4.25,15,0,2.0,3,10,868700.0
4110,4,2.75,86,0,2.0,3,9,1199000.0
4190,4,3.25,14,0,2.0,3,11,1150000.0
3390,4,2.75,3,0,2.0,3,9,859900.0
1890,4,2.25,11,0,2.0,3,7,520000.0
1610,3,2.5,9,0,2.0,3,9,460000.0
1050,3,1.5,65,0,1.0,3,7,438924.0
630,2,1.0,97,0,1.0,3,5,315000.0
2910,4,2.75,39,0,1.0,3,8,590000.0
1700,4,1.75,59,0,1.0,3,7,378500.0
1950,3,2.5,24,0,2.0,4,9,328500.0
2990,3,3.0,42,0,2.0,4,8,849950.0
1350,3,1.5,64,0,1.0,3,7,525000.0
4860,4,3.25,22,0,2.5,3,9,1385000.0
2160,4,2.5,37,0,1.0,4,8,295000.0
4860,6,3.5,16,0,2.0,3,11,1067000.0
890,2,2.0,97,0,1.0,3,6,207950.0
2810,4,2.75,12,0,2.0,3,9,699900.0
3400,5,2.5,38,0,2.0,4,8,1280000.0
1580,4,1.5,51,0,1.0,4,7,452000.0
1680,3,2.0,28,0,1.0,4,7,370000.0
1300,3,1.75,47,0,1.0,5,7,232000.0
2820,5,2.5,54,0,2.0,4,7,669950.0
1510,3,2.0,42,0,1.0,3,7,397500.0
1230,2,2.5,10,0,2.0,3,8,490000.0
2110,4,2.0,90,0,2.0,3,9,725000.0
3080,3,2.75,56,0,1.0,4,7,299000.0
1490,2,1.5,114,0,1.5,4,7,625000.0
2120,3,2.5,14,0,2.0,3,7,437500.0
3180,4,2.5,12,0,2.0,3,9,650000.0
1490,2,1.0,85,0,1.0,3,7,475000.0
1930,3,2.0,48,0,1.0,4,8,342000.0
2770,4,2.5,15,0,2.0,3,10,1197350.0
1670,3,1.5,52,0,1.0,4,7,280000.0
1330,2,1.75,21,0,1.0,3,7,240000.0
1210,3,1.0,90,0,1.5,4,7,529000.0
1190,3,1.0,74,0,1.0,4,7,442000.0
1540,2,1.0,68,0,1.0,4,7,615000.0
4030,4,3.75,8,0,2.0,3,10,1485000.0
2430,4,1.75,34,0,1.0,4,8,585000.0
2600,4,2.5,10,0,2.0,3,8,480000.0
4410,5,3.5,24,0,2.0,4,9,1095000.0
1330,4,1.0,65,0,1.5,3,7,290000.0
1900,3,1.75,63,0,1.0,5,7,615000.0
1100,2,1.0,65,0,1.0,4,7,300000.0
1980,3,1.0,82,0,1.5,3,6,308000.0
2400,3,2.5,14,0,2.0,3,9,750000.0
4760,4,2.25,98,0,2.5,5,9,2250000.0
3180,4,3.25,9,0,2.0,3,10,890000.0
1190,3,1.0,57,0,1.0,5,6,288000.0
630,2,1.0,71,0,1.0,3,6,190000.0
2530,5,3.0,10,0,1.0,3,8,515000.0
1690,4,1.5,84,0,1.0,4,5,235000.0
940,2,1.0,63,0,1.0,3,6,275000.0
1240,2,2.0,62,0,1.0,4,7,727500.0
3040,4,2.5,11,0,2.0,3,7,650000.0
6050,6,5.0,13,0,2.0,3,11,1600000.0
1590,4,1.0,70,0,1.5,3,6,365000.0
2500,3,1.75,30,0,1.0,3,9,662000.0
1780,3,2.5,37,0,1.0,3,7,270500.0
1360,2,1.5,37,0,2.0,3,7,200000.0
4740,4,3.25,28,0,2.0,3,10,970000.0
1010,3,1.5,52,0,1.0,4,7,160000.0
1040,3,1.0,44,0,1.0,4,6,204000.0
1610,3,2.25,30,0,2.0,4,7,358000.0
1570,4,1.75,36,0,1.0,3,7,452000.0
1510,2,2.0,114,0,1.0,4,7,595000.0
1360,3,2.0,21,0,1.0,3,7,249000.0
1970,4,2.5,16,0,2.0,3,8,346900.0
5403,3,2.5,39,1,2.0,4,12,2125000.0
1560,4,2.5,11,0,2.0,3,7,280000.0
2320,4,1.75,41,0,1.0,4,8,318888.0
2120,3,2.25,47,0,1.0,3,8,530000.0
2120,3,2.25,31,0,2.0,4,8,375000.0
3350,4,2.5,27,0,2.0,3,11,910000.0
2380,4,2.5,23,0,2.0,4,10,782000.0
1070,2,2.0,7,0,2.0,3,9,259950.0
2300,4,2.75,35,0,1.0,4,7,315000.0
1320,2,1.0,71,0,1.0,4,6,215000.0
2180,3,1.75,68,0,1.0,4,7,705000.0
4380,3,3.0,62,0,2.0,5,10,1450000.0
1790,3,1.75,66,0,2.0,3,7,451000.0
750,2,1.0,71,0,1.0,4,6,261000.0
1300,3,1.5,58,0,1.0,5,7,396000.0
2990,4,2.5,15,0,2.0,3,9,725000.0
4640,7,3.5,49,0,2.0,3,11,1950000.0
1400,4,1.0,55,0,1.5,3,7,238000.0
2750,6,1.75,42,0,2.0,4,8,750000.0
2050,4,2.5,16,0,2.0,3,7,331500.0
2230,4,3.0,36,0,1.0,3,7,460000.0
2340,4,2.25,32,0,1.0,4,8,404950.0
2870,3,2.5,0,0,2.0,3,9,880000.0
4120,4,2.5,17,0,2.0,3,10,863000.0
2080,3,1.75,54,0,1.0,3,7,638700.0
1840,3,2.5,6,0,2.0,3,7,435000.0
1180,3,1.0,55,0,1.5,4,6,260000.0
2160,5,2.75,87,0,1.5,5,7,671500.0
1180,3,1.0,107,0,1.5,3,8,610000.0
1160,2,0.75,77,0,1.0,4,6,405000.0
1830,4,2.5,11,0,2.0,3,7,338900.0
3200,4,4.0,11,0,2.0,3,10,720000.0
2560,5,3.0,88,0,1.5,4,7,442000.0
2550,5,2.75,112,0,1.5,5,8,650000.0
1330,3,1.75,34,0,1.0,3,7,263500.0
1220,2,1.0,51,0,1.0,4,7,300000.0
1805,3,2.5,5,0,2.0,3,7,266000.0
6050,4,4.0,5,0,2.5,3,9,930000.0
2320,4,2.5,11,0,2.0,3,8,530000.0
1384,3,1.0,49,0,1.0,4,6,180000.0
2720,3,2.5,9,0,2.0,3,9,619000.0
1820,3,1.5,52,0,1.0,4,7,264000.0
2130,2,2.25,73,0,1.5,4,7,730000.0
2060,4,2.25,39,0,2.0,3,7,439000.0
1420,4,1.75,33,0,1.0,4,7,268500.0
1510,3,1.75,29,0,1.0,3,7,330000.0
2160,3,2.5,111,0,1.5,3,8,640000.0
3180,3,2.5,36,0,2.0,4,11,900000.0
2110,3,2.25,29,0,2.0,4,8,370000.0
2060,3,2.0,84,0,1.5,5,8,685000.0
1830,3,1.5,33,0,1.0,3,7,505000.0
1820,3,1.75,48,0,1.0,4,7,265000.0
1610,3,2.5,9,0,2.0,3,8,290000.0
1780,4,2.5,8,0,2.0,3,7,296000.0
1840,4,2.5,19,0,2.0,3,7,360000.0
1460,3,1.75,17,0,1.0,3,7,240500.0
1400,2,2.5,7,0,2.0,3,8,372500.0
3370,3,2.5,10,0,2.0,3,9,595000.0
3590,4,3.0,17,0,2.0,3,9,515000.0
3200,4,2.25,52,0,2.0,4,9,1220000.0
1670,2,1.75,10,0,1.0,3,8,507000.0
2420,4,2.0,31,0,1.0,3,9,399950.0
1430,3,1.75,20,0,2.0,3,7,185000.0
1440,3,1.75,34,0,1.0,3,7,460000.0
1450,3,2.25,30,0,2.0,3,7,435500.0
3550,4,2.75,49,0,1.0,5,8,469000.0
1270,2,3.0,14,0,2.0,3,8,531000.0
940,2,1.0,66,0,1.0,3,7,443500.0
1670,3,2.0,24,0,1.0,3,7,223000.0
3100,4,3.5,19,0,2.0,3,8,590000.0
1100,2,2.5,17,0,3.0,3,7,340000.0
1870,3,2.0,89,0,1.0,4,8,650000.0
1930,3,2.5,24,0,2.0,4,8,533600.0
2540,3,2.75,9,0,2.0,3,9,695000.0
1280,3,1.75,26,0,1.5,4,7,242000.0
1820,3,2.25,48,0,1.0,3,7,425000.0
1490,3,2.25,34,0,2.0,3,7,525000.0
1880,3,2.5,26,0,2.0,3,8,485000.0
1250,3,1.0,44,0,1.0,3,7,175000.0
1440,3,2.0,31,0,1.0,3,8,210000.0
1920,3,2.5,26,0,2.0,3,7,260000.0
2060,3,2.5,38,0,1.0,3,7,577000.0
1210,3,1.5,56,0,1.0,4,7,200000.0
1760,2,1.75,88,0,1.0,4,7,605000.0
990,3,1.0,67,0,1.0,4,6,325000.0
960,3,1.0,70,0,1.0,4,6,289500.0
1660,3,2.5,0,0,3.0,3,9,559950.0
1900,3,1.75,74,0,1.0,4,8,1042500.0
1270,3,2.25,44,0,1.0,3,7,543500.0
3250,4,2.25,31,0,2.0,4,9,480000.0
960,3,1.0,32,0,1.0,5,6,218000.0
1330,2,1.75,100,0,1.0,4,7,565000.0
2080,3,1.75,46,0,1.0,5,7,426700.0
2690,3,2.5,57,0,1.0,3,8,650000.0
890,2,1.0,104,0,1.0,3,7,542000.0
1070,3,1.75,37,0,1.0,3,7,415000.0
1200,3,1.0,61,0,1.0,4,6,214000.0
1360,3,1.5,66,0,2.0,5,7,245000.0
2050,3,2.0,21,0,1.0,3,8,314500.0
3000,3,1.5,91,0,2.0,5,9,1120000.0
1300,2,2.0,52,0,1.0,3,7,378000.0
2250,4,2.5,32,0,1.0,3,7,305000.0
3740,5,2.75,37,0,1.0,4,8,595000.0
1660,3,2.5,0,0,3.0,3,9,729500.0
2360,3,2.5,11,0,2.0,3,7,430000.0
1760,3,1.75,28,0,1.0,3,7,240000.0
1680,3,1.75,99,0,1.5,3,7,545000.0
1320,3,1.75,96,0,1.0,3,7,530000.0
870,1,1.0,75,0,1.0,3,6,157000.0
1260,4,1.0,90,0,1.5,3,6,425000.0
1000,3,1.0,70,0,1.0,3,6,220000.0
2020,4,1.75,38,0,1.0,4,8,521000.0
1920,3,1.0,62,0,1.0,3,7,325000.0
2150,3,2.0,104,0,1.5,4,7,597500.0
1470,3,2.5,15,0,2.0,3,7,337000.0
3180,3,2.5,24,0,2.0,3,10,1000000.0
990,3,1.0,71,0,1.0,3,6,495000.0
2770,4,3.5,14,0,2.0,3,8,748000.0
1250,3,1.5,61,0,1.0,4,7,888000.0
1140,3,1.75,29,0,1.0,3,7,269900.0
2250,4,2.5,47,0,1.0,3,7,496500.0
1640,3,2.5,46,0,2.0,3,7,475000.0
1255,3,1.5,10,0,3.0,3,7,312000.0
1290,3,1.0,38,0,1.0,3,7,323000.0
1300,3,1.75,28,0,1.0,3,7,331000.0
1220,3,1.5,7,0,3.0,3,8,306000.0
2630,4,2.5,12,0,3.0,3,8,655000.0
1950,3,1.5,55,0,1.0,4,8,290000.0
3160,4,3.25,49,0,2.0,5,9,1250000.0
1550,3,1.75,65,0,1.0,4,7,460000.0
1700,4,2.5,74,0,1.0,4,7,435000.0
2510,4,2.75,37,0,1.0,5,8,664000.0
1800,4,1.75,93,0,2.0,4,8,865000.0
1800,3,1.75,46,0,1.0,3,8,385000.0
1870,3,2.25,39,0,1.0,3,7,497000.0
1010,2,1.0,89,0,1.0,4,7,280000.0
1120,2,1.5,91,0,1.0,3,6,188000.0
2090,3,1.0,45,0,1.0,3,8,478500.0
4370,4,3.5,13,0,2.0,3,11,1145000.0
1440,3,2.0,33,0,1.0,4,7,222000.0
2580,4,3.0,30,0,2.0,3,8,799000.0
3190,4,2.5,8,0,2.0,3,10,609900.0
2380,4,3.5,19,0,2.0,4,7,413000.0
1420,4,1.0,84,0,1.5,3,7,400000.0
2990,5,2.75,1,0,2.0,3,9,802541.0
2680,3,2.5,24,0,2.0,3,8,320000.0
2730,4,2.5,9,0,2.0,3,7,507000.0
1220,3,1.0,68,0,1.0,3,6,387500.0
1500,3,1.0,48,0,1.0,3,7,396000.0
1830,3,1.75,56,0,1.0,3,8,373000.0
4570,5,2.5,49,0,2.0,5,10,1484900.0
2470,4,2.25,31,0,2.0,3,8,359900.0
800,2,1.0,88,0,1.0,3,6,410000.0
2900,4,2.5,22,0,2.0,3,9,690000.0
1410,3,2.0,29,0,1.0,3,7,245000.0
2830,5,2.5,35,0,1.0,5,8,700000.0
1680,4,1.75,37,0,1.0,3,7,268000.0
1760,3,1.75,35,0,1.0,3,7,225000.0
2240,4,2.25,38,0,2.0,3,8,980000.0
1380,2,1.0,110,0,1.5,3,5,795000.0
820,2,1.0,62,0,1.0,3,6,195000.0
2180,4,2.0,64,0,1.0,2,6,480000.0
1400,4,2.0,114,0,1.0,3,7,485000.0
880,2,1.0,86,0,1.0,3,5,130000.0
1060,2,1.0,68,0,1.0,4,6,325000.0
1530,3,1.75,31,0,1.0,4,7,440000.0
2480,4,1.75,56,0,1.0,3,8,550000.0
1490,3,1.75,47,0,1.0,5,6,310000.0
3660,3,2.5,25,0,2.0,4,9,530000.0
2340,4,2.5,21,0,2.0,3,8,390000.0
1450,3,1.75,33,0,1.0,4,7,243000.0
2210,4,2.5,24,0,2.0,3,9,639000.0
1130,4,1.0,45,0,1.0,4,7,215000.0
1550,5,1.75,54,0,1.0,3,7,405000.0
1710,4,1.75,46,0,1.0,5,7,250000.0
1010,3,1.5,60,0,1.0,5,7,405500.0
2660,6,2.25,77,0,2.0,3,7,452000.0
2660,6,2.25,78,0,2.0,3,7,730000.0
1300,3,2.0,21,0,1.0,3,7,267000.0
1670,3,2.5,12,0,2.0,3,7,289950.0
960,2,1.0,103,0,1.0,5,7,565000.0
4670,4,3.25,26,0,2.0,4,12,1578000.0
2140,3,2.5,8,0,2.0,3,8,636000.0
2520,5,3.0,10,0,1.0,3,8,350000.0
1650,3,1.5,36,0,1.0,5,7,320000.0
1440,2,1.75,36,0,1.0,4,8,210000.0
1050,2,1.0,64,0,1.0,3,7,245000.0
1470,3,1.75,31,0,1.0,3,7,328000.0
4230,4,2.25,25,0,2.0,3,11,985000.0
1970,3,1.75,38,0,1.0,5,8,501000.0
1540,3,2.25,22,0,2.0,3,7,315000.0
2090,3,2.75,2,0,2.0,3,8,403000.0
2380,3,2.0,80,0,2.0,4,8,550000.0
2156,4,2.5,3,0,2.0,3,9,347500.0
2070,4,2.25,28,0,2.0,4,8,365000.0
1910,3,1.0,64,0,1.0,4,8,588000.0
1920,3,1.75,37,0,1.0,4,8,605000.0
3400,3,3.25,77,0,2.0,4,9,1300000.0
1400,3,2.0,40,0,1.0,3,7,233000.0
2210,4,2.5,17,0,2.0,3,8,360000.0
1170,2,1.75,85,0,1.0,3,6,459000.0
2100,3,2.0,19,0,1.0,4,9,740000.0
1160,3,1.0,47,0,1.0,3,7,305000.0
1500,3,1.0,89,0,1.0,3,6,395000.0
2940,4,2.5,15,0,2.0,3,8,560000.0
2010,4,1.75,51,0,1.0,4,7,650000.0
2170,3,2.5,11,0,2.0,3,7,449950.0
1430,3,1.5,75,0,1.0,4,7,517500.0
1510,4,1.5,44,0,1.0,3,7,435000.0
1150,3,1.0,63,0,1.0,3,6,329999.0
2150,3,1.75,54,0,1.0,5,8,950000.0
1370,3,1.0,70,0,1.0,5,7,447000.0
2380,2,2.5,4,0,1.0,3,8,699800.0
1370,3,1.75,103,0,1.0,5,7,850000.0
1600,3,1.75,35,0,1.0,3,7,316500.0
3750,5,3.5,33,0,1.0,4,9,942500.0
3950,2,2.25,24,0,2.0,3,10,1310000.0
2400,4,2.25,51,0,1.0,4,9,856600.0
2830,5,1.5,96,0,2.5,4,8,405600.0
2440,4,2.5,18,0,2.0,3,8,565000.0
1190,3,2.25,6,0,2.0,3,8,400000.0
1400,3,2.0,18,0,1.0,3,7,330000.0
2730,4,2.75,10,0,2.0,3,7,374950.0
2390,3,2.75,31,0,1.0,5,7,405300.0
2060,3,2.25,30,0,2.0,3,8,560000.0
2490,4,2.25,54,0,1.0,4,8,824000.0
1100,3,1.75,30,0,1.0,5,7,260000.0
2430,4,2.5,50,0,1.0,5,8,760000.0
3170,3,2.5,19,0,2.0,3,10,405000.0
2640,4,2.5,27,0,2.0,3,8,429900.0
1130,3,1.5,53,0,1.0,4,7,341500.0
1940,5,2.0,57,0,1.5,3,7,465250.0
1100,2,2.0,102,0,1.5,3,7,450000.0
1200,3,1.0,60,0,1.0,4,7,390000.0
2000,3,2.25,51,0,1.0,4,8,420000.0
1890,3,2.5,12,0,2.0,3,8,269950.0
1910,4,2.0,104,0,1.0,3,7,493000.0
2710,4,2.5,16,0,2.0,3,9,370000.0
4860,5,4.25,109,0,1.5,5,10,2250000.0
1250,3,1.0,48,0,1.0,5,7,305000.0
1590,3,1.75,76,0,1.5,5,6,400000.0
1240,3,1.5,5,0,2.0,3,8,320000.0
2000,4,1.0,104,0,2.0,4,7,715000.0
3610,6,2.75,48,0,1.5,4,8,650000.0
1930,5,1.75,49,0,1.0,4,8,218000.0
1280,2,1.0,51,0,1.0,3,7,500000.0
2090,4,2.0,30,0,1.0,4,7,460000.0
1940,3,1.5,45,0,1.0,4,7,232500.0
1800,3,2.5,24,0,2.0,4,7,408200.0
1730,3,1.75,34,0,1.0,4,7,522000.0
2810,4,2.5,32,0,2.0,3,9,675000.0
3550,4,3.5,15,0,1.0,3,11,1355000.0
1330,4,1.0,62,0,1.5,3,6,249950.0
750,2,1.0,65,0,1.0,3,6,210000.0
1760,4,1.0,67,0,1.0,3,7,429950.0
3200,4,2.5,21,0,2.0,3,9,737500.0
1740,4,2.0,56,0,1.0,5,8,710000.0
2100,3,2.5,15,0,2.0,3,8,470000.0
4270,4,3.5,22,0,1.0,4,12,1100000.0
1340,3,2.0,101,0,1.5,3,7,650000.0
3190,4,2.5,47,0,1.0,5,9,1216000.0
1630,3,2.5,28,0,2.0,3,8,422120.0
2990,5,2.5,8,0,2.0,3,9,625000.0
1550,4,1.0,60,0,1.5,3,6,385200.0
1690,3,2.25,26,0,2.0,3,8,500000.0
1960,4,2.25,25,0,2.0,3,8,308000.0
2390,3,2.75,37,0,1.0,5,8,565000.0
2600,3,2.5,10,0,2.0,3,7,581000.0
1950,3,2.0,15,0,1.0,3,8,361000.0
1250,3,1.0,51,0,1.0,4,7,345000.0
1180,2,2.25,6,0,2.0,3,8,419000.0
1680,3,2.5,11,0,2.0,3,7,347000.0
2220,4,2.25,25,0,2.0,3,9,625000.0
4890,4,4.25,16,0,2.0,3,11,2400000.0
2660,3,3.25,0,0,2.5,3,8,379000.0
1150,3,1.5,26,0,2.0,3,7,310000.0
1130,2,2.0,74,0,1.0,4,6,250000.0
2760,5,2.75,9,0,2.0,3,9,682000.0
1430,3,2.0,22,0,1.0,3,7,246500.0
1490,3,1.0,82,0,1.5,4,5,325000.0
2030,4,2.5,10,0,2.0,3,8,310950.0
3010,3,2.0,83,0,2.0,5,9,1100000.0
1810,3,1.0,60,0,1.0,4,7,287500.0
1810,3,1.0,61,0,1.0,4,7,431000.0
970,3,1.0,46,0,1.0,3,6,226000.0
2010,3,1.75,89,0,1.5,5,7,825000.0
1300,4,1.0,67,0,1.5,3,6,175000.0
1260,3,1.5,55,0,1.0,3,7,465750.0
2610,4,2.25,32,0,2.0,3,8,659000.0
1910,3,1.75,74,0,1.0,3,8,595000.0
1780,3,2.25,27,0,2.0,4,8,350000.0
1900,4,2.25,39,0,1.0,4,8,270000.0
2450,6,2.25,57,0,1.0,3,7,662500.0
1380,3,1.75,75,0,1.0,4,5,249900.0
1920,3,1.75,38,0,1.0,4,7,324500.0
1350,2,1.75,10,0,1.0,3,8,430000.0
1350,2,1.75,11,0,1.0,3,8,419950.0
2510,4,1.75,52,0,1.0,4,8,285000.0
2470,4,2.5,13,0,2.0,3,8,332000.0
1660,4,1.75,58,0,1.0,3,7,282000.0
1340,3,1.0,27,0,1.0,3,7,320000.0
1620,3,1.0,103,0,1.5,4,7,428750.0
2300,3,2.25,38,0,2.0,3,8,330000.0
2000,4,3.5,6,0,3.0,3,8,456500.0
1640,3,2.25,42,0,1.0,4,8,352000.0
1530,4,2.0,102,0,1.5,4,7,664000.0
4000,3,1.75,27,0,1.0,3,9,628000.0
1610,3,1.75,38,0,1.0,3,7,512000.0
2070,3,2.0,45,0,1.0,4,7,254000.0
1900,4,2.5,20,0,2.0,3,8,535800.0
1050,3,1.0,54,0,1.0,4,7,287653.0
1520,3,2.5,8,0,2.0,3,8,438000.0
2390,4,1.75,65,0,1.0,3,7,450000.0
2400,5,2.75,16,0,2.0,3,8,327000.0
1790,4,2.5,9,0,2.0,3,7,370500.0
1720,3,2.5,21,0,2.0,3,7,265000.0
2980,4,2.75,36,0,1.0,4,8,450000.0
1520,3,1.0,26,0,1.5,5,8,425000.0
1150,3,1.75,37,0,1.0,4,7,166600.0
380,1,0.75,51,0,1.0,3,5,245000.0
910,3,1.0,64,0,1.0,3,7,565000.0
1650,3,1.75,38,0,1.0,3,8,539900.0
2480,3,3.5,5,0,2.0,3,10,910000.0
2050,4,2.5,24,0,2.0,3,8,280000.0
1420,3,2.25,26,0,2.0,4,7,275000.0
3460,3,2.5,14,0,2.0,3,7,467000.0
1500,3,2.5,18,0,2.0,3,8,457500.0
1320,2,1.0,106,0,1.0,4,7,381156.0
2180,5,2.5,38,0,1.0,4,8,289999.0
1830,3,1.75,96,0,1.0,3,7,642450.0
1620,3,2.25,52,0,1.0,3,7,469950.0
2920,3,2.0,40,0,1.0,5,8,795000.0
3300,4,2.5,31,0,2.0,3,10,785000.0
3060,3,2.25,31,0,2.0,3,10,860000.0
1530,3,1.0,56,0,1.0,3,7,147500.0
1910,3,2.0,36,0,1.0,3,7,390000.0
1020,3,1.0,60,0,1.0,3,7,229000.0
1150,3,1.0,82,0,1.0,3,6,185000.0
1260,3,1.5,73,0,1.0,3,7,414900.0
1920,4,2.0,101,0,1.0,2,6,200000.0
1800,4,2.25,45,0,1.0,3,8,225000.0
2040,3,1.75,90,0,2.0,5,7,720000.0
2200,4,2.5,106,0,2.0,5,8,930000.0
3200,5,2.5,62,0,1.0,3,7,1270000.0
2400,5,3.25,86,0,2.0,4,7,700000.0
1140,2,1.5,9,0,3.0,3,7,466000.0
1330,3,1.5,38,0,1.0,3,7,374000.0
1940,3,2.5,20,0,2.0,4,8,480000.0
3000,3,2.5,19,0,2.0,3,9,740000.0
1820,4,1.0,91,0,1.5,3,8,1010000.0
2910,4,2.5,12,0,2.0,3,8,395000.0
1090,2,1.0,60,0,1.0,3,6,340000.0
1230,3,2.0,11,0,2.0,3,7,209000.0
1710,5,2.5,52,0,1.5,3,7,431650.0
3160,5,2.5,43,0,1.0,4,9,980000.0
2680,3,2.5,21,0,2.0,3,9,660000.0
2190,4,2.25,38,0,2.0,4,8,730000.0
1260,3,1.75,27,0,1.0,4,7,291500.0
2970,4,3.5,17,0,2.0,3,9,905000.0
2570,4,2.5,21,0,1.5,3,10,800000.0
3810,4,3.5,1,0,1.0,3,9,839900.0
1010,1,1.5,7,0,2.0,3,8,200000.0
1480,3,2.0,36,0,1.0,4,7,300000.0
1250,3,1.75,72,0,1.5,5,7,530000.0
1654,3,2.25,20,0,2.0,3,7,314950.0
1410,3,1.75,54,0,1.0,5,7,255000.0
2160,5,2.75,64,0,1.0,5,7,550000.0
1400,3,1.0,97,0,1.0,4,6,435000.0
1420,3,1.75,48,0,1.0,4,7,234000.0
2500,4,2.25,39,0,1.0,3,8,615000.0
1410,3,2.0,29,0,1.0,3,7,205000.0
2100,4,1.75,59,0,1.0,4,7,384000.0
1750,3,2.5,20,0,2.0,3,8,324000.0
2070,3,1.75,68,0,1.0,4,7,645000.0
1570,3,3.25,7,0,2.0,3,8,570000.0
1920,3,2.5,15,0,2.0,3,8,324000.0
1000,2,1.0,71,0,1.0,3,6,270000.0
2120,5,1.5,52,0,1.5,5,7,290000.0
1440,3,2.0,49,0,1.0,3,7,250000.0
1660,3,1.75,25,0,2.0,3,7,342000.0
1340,3,1.5,57,0,1.0,4,7,255000.0
2380,3,2.25,42,0,1.0,4,9,800000.0
1560,3,1.75,88,0,1.5,3,7,451000.0
2780,4,2.5,47,0,1.0,3,7,990000.0
1860,4,2.5,31,0,1.0,4,7,288400.0
2390,3,1.5,95,0,2.0,3,8,420000.0
1370,2,2.75,6,0,2.0,3,8,359000.0
2570,4,3.0,26,0,1.0,3,7,390000.0
1320,3,2.5,9,0,2.0,3,7,300000.0
2520,5,2.5,34,0,1.0,3,7,545000.0
1250,3,1.0,43,0,1.0,4,6,288349.0
1560,3,2.25,30,0,1.0,3,7,299900.0
2330,4,2.0,89,0,1.5,5,7,891000.0
3660,3,2.0,68,0,1.0,4,9,1200000.0
2790,4,2.5,11,0,2.0,3,8,378000.0
1060,2,1.0,63,0,1.0,4,6,299995.0
2020,3,2.5,20,0,1.0,3,7,253000.0
1580,3,2.25,36,0,1.0,3,7,350000.0
2020,4,3.0,115,0,1.5,3,6,565000.0
970,2,1.0,106,0,1.0,4,6,315000.0
1490,4,3.0,99,0,1.5,5,7,570000.0
4390,5,3.5,9,0,2.0,3,9,971000.0
2750,5,2.5,104,0,1.5,5,9,915000.0
2150,4,1.5,65,0,1.0,4,7,419000.0
1810,4,1.75,38,0,1.0,3,7,260000.0
2230,3,3.0,25,0,2.0,3,9,1321500.0
2430,3,1.0,38,0,1.0,3,7,369950.0
3680,3,2.5,20,0,2.0,3,10,1029900.0
1410,5,1.0,86,0,1.5,3,6,435000.0
1330,3,1.75,57,0,1.0,3,8,601000.0
1490,3,1.0,51,0,1.0,3,7,460500.0
2020,3,2.5,14,0,3.0,3,8,720000.0
3130,4,2.5,19,0,2.0,3,10,851000.0
2670,4,3.0,98,0,2.0,3,7,550000.0
1980,4,1.0,95,0,1.5,3,7,700000.0
2100,3,1.75,51,0,1.0,4,7,323000.0
1350,3,1.0,70,0,1.0,5,6,345500.0
2140,4,1.5,55,0,1.0,3,7,378000.0
2208,4,2.0,97,0,3.0,5,8,650000.0
1010,3,2.0,33,0,1.0,3,7,385000.0
970,2,1.0,104,0,1.0,3,7,425000.0
1520,4,2.0,94,0,1.5,5,6,210000.0
2740,4,2.5,21,0,2.0,3,9,630000.0
1570,3,1.75,61,0,1.0,3,7,335000.0
1320,3,1.0,48,0,1.0,3,7,196500.0
2550,4,2.75,28,0,1.0,3,8,582800.0
1560,3,1.75,31,0,1.0,3,7,440000.0
2360,4,2.25,40,0,2.0,4,8,752500.0
1330,3,1.75,105,0,2.0,4,7,532500.0
1070,3,1.0,65,0,1.0,4,7,265000.0
1510,3,1.25,54,0,1.0,4,6,397500.0
1710,3,2.5,15,0,2.0,3,8,524250.0
2790,4,2.75,18,0,2.0,3,10,765000.0
2620,4,2.5,13,0,2.0,3,9,648000.0
2970,5,2.5,45,0,1.0,4,8,469500.0
1050,3,1.75,40,0,1.0,4,7,237500.0
1280,3,1.0,59,0,1.0,4,7,216000.0
1030,3,1.0,52,0,1.0,4,7,427200.0
1900,3,2.25,38,0,1.0,4,8,280000.0
3070,5,3.0,47,0,1.0,4,9,718000.0
1760,2,2.75,5,0,2.0,3,8,420000.0
930,2,1.0,62,0,1.0,3,7,379000.0
880,2,1.0,72,0,1.0,3,6,326100.0
1360,3,2.5,11,0,3.0,3,7,535000.0
2130,4,2.75,22,0,1.0,3,7,283000.0
1480,3,1.0,74,0,1.5,3,6,260000.0
1500,4,1.0,64,0,1.5,4,7,399000.0
1670,3,2.25,28,0,2.0,3,8,484950.0
2060,4,1.75,54,0,1.0,4,8,640000.0
2160,4,2.5,63,0,1.0,4,8,585000.0
2780,4,2.0,60,0,1.0,3,8,645000.0
1490,3,2.0,27,0,1.0,3,7,253000.0
740,2,1.0,61,0,1.0,3,6,178500.0
1860,4,2.5,23,0,2.0,4,7,291000.0
1590,2,2.75,94,0,1.5,3,5,199950.0
850,2,1.0,92,0,1.0,3,7,553500.0
1030,2,1.0,34,0,1.0,3,8,189950.0
1850,3,2.0,26,0,1.0,3,8,289000.0
1830,4,2.0,107,0,2.0,3,8,700000.0
1560,3,2.0,47,0,1.0,3,7,270000.0
1730,4,1.75,37,0,1.0,3,7,258000.0
1930,3,2.5,9,0,2.0,3,8,530000.0
1422,3,2.25,2,0,2.0,3,7,245000.0
1380,3,2.0,98,0,1.5,4,7,563000.0
2430,3,2.5,13,0,2.0,3,8,515000.0
2610,4,2.5,27,0,2.0,3,9,325000.0
2000,3,2.25,19,0,2.0,3,8,540000.0
920,2,1.0,65,0,1.0,4,6,280300.0
1750,4,1.75,88,0,1.5,5,7,460000.0
2020,3,1.75,33,0,1.0,4,7,475000.0
2460,4,2.25,57,0,1.0,4,9,900000.0
1780,4,3.0,50,0,1.0,4,8,538200.0
1080,2,1.0,92,0,1.0,3,7,429000.0
1250,3,1.0,34,0,1.0,3,7,164808.0
1870,4,2.25,38,0,2.0,3,7,520000.0
1700,3,1.75,37,0,1.0,3,8,475000.0
1480,4,1.5,72,0,1.0,5,6,283000.0
1930,4,2.5,15,0,2.0,3,8,321500.0
3130,4,2.75,21,0,2.0,4,10,840000.0
1370,3,2.25,23,0,2.0,4,7,287000.0
960,3,1.75,52,0,1.0,3,7,375000.0
1260,3,1.75,45,0,1.0,4,7,349500.0
1480,3,1.5,54,0,1.0,5,7,446450.0
1930,4,2.5,22,0,2.0,4,7,315000.0
870,2,1.0,108,0,1.5,2,6,271310.0
1300,4,1.0,62,0,1.5,4,7,315000.0
1490,3,1.75,24,0,1.0,4,7,245000.0
1380,2,1.0,68,0,1.0,3,8,543115.0
1190,4,2.0,69,0,1.5,3,7,900000.0
4250,4,4.25,7,0,2.0,4,10,2450000.0
1920,2,2.0,12,0,1.0,3,8,554000.0
2080,3,1.75,64,0,1.0,5,6,249900.0
3220,3,2.5,33,0,2.0,4,9,768000.0
3680,4,3.0,47,0,1.0,3,10,980000.0
2070,5,2.5,53,0,1.0,3,7,395000.0
1480,3,1.75,20,0,2.0,3,7,415000.0
2000,4,2.5,12,0,2.0,3,8,380000.0
1560,3,2.5,16,0,2.0,3,8,566000.0
1600,2,1.0,66,0,1.0,4,7,218500.0
1940,4,2.5,38,0,1.0,4,7,550000.0
1540,3,1.75,94,0,1.0,3,7,512031.0
820,2,1.0,65,0,1.0,3,6,197500.0
1780,3,2.25,37,0,1.0,3,7,470000.0
1560,3,1.75,34,0,1.0,3,7,590000.0
2210,4,2.25,38,0,1.0,4,8,465000.0
2040,2,1.75,46,0,1.0,4,7,499000.0
1920,3,2.25,42,0,1.0,3,8,515000.0
1930,3,1.75,78,0,1.0,3,9,716500.0
1700,3,2.0,70,0,1.0,3,6,410000.0
3450,4,3.25,20,0,2.0,3,8,850000.0
3440,4,3.25,31,0,2.0,3,10,1050000.0
2380,4,2.5,22,0,2.0,3,10,648000.0
2400,4,2.25,85,0,1.5,4,7,620000.0
5670,4,4.5,7,0,2.0,3,11,935000.0
1140,3,1.0,52,0,1.0,4,7,379000.0
1670,3,1.75,62,0,1.0,3,7,699000.0
1910,4,2.25,54,0,1.0,3,8,528000.0
1560,3,1.75,41,0,1.0,4,8,425000.0
1500,2,1.75,51,0,1.0,4,7,249500.0
4475,5,3.25,0,0,2.0,3,9,1035480.0
2840,4,2.75,53,0,1.0,4,9,790000.0
1020,3,1.0,45,0,1.0,3,7,399950.0
1410,3,1.5,61,0,1.0,3,7,275000.0
1520,3,1.0,103,0,1.5,3,8,550000.0
730,1,1.0,88,0,1.0,4,4,140000.0
1190,3,1.0,60,0,1.0,3,7,250000.0
1410,3,2.25,26,0,2.0,3,7,318000.0
1240,2,1.0,52,0,1.0,3,7,505000.0
2500,5,2.5,49,0,1.0,3,8,470500.0
1050,3,1.0,60,0,1.5,3,7,360000.0
2680,4,2.75,53,0,1.0,4,9,1242500.0
2380,3,2.5,51,0,1.0,4,9,986000.0
1060,2,1.0,109,0,1.0,3,7,515000.0
2300,3,1.75,76,0,1.0,4,8,320000.0
2010,4,3.0,64,0,1.0,5,7,310000.0
1090,2,1.0,72,0,1.0,4,7,356700.0
2320,4,1.75,59,0,1.0,3,7,775000.0
1040,3,1.0,64,0,1.0,3,6,325000.0
1810,4,2.75,52,0,1.5,3,7,208000.0
1150,2,1.0,106,1,1.0,4,6,825000.0
2360,3,2.5,24,0,1.0,3,9,515000.0
1970,3,1.5,86,0,1.5,4,8,490000.0
2690,4,3.0,60,0,1.0,3,8,675000.0
2080,4,2.5,52,0,1.0,5,7,360000.0
2080,4,2.5,53,0,1.0,5,7,550000.0
1370,3,1.5,52,0,1.0,3,7,225000.0
3410,3,2.75,48,0,1.5,4,8,500000.0
1850,4,2.0,46,0,1.0,4,8,385000.0
3010,5,2.75,20,0,2.0,3,10,837700.0
1530,3,2.25,12,0,2.0,3,7,448000.0
2690,5,1.75,63,0,1.0,4,7,730000.0
2810,4,1.5,60,0,1.0,3,8,575000.0
1810,3,1.75,38,0,1.0,4,7,430000.0
1560,3,2.5,13,0,2.0,3,7,435000.0
1010,3,1.0,41,0,1.0,4,6,241000.0
1000,2,1.75,91,0,1.0,4,6,453500.0
990,2,1.5,14,0,3.0,3,7,285000.0
720,2,1.0,72,0,1.0,4,5,151000.0
6070,5,4.5,10,0,2.0,3,11,1570000.0
2270,5,2.0,109,0,2.0,3,7,631000.0
1380,2,2.5,3,0,2.0,3,7,285000.0
1260,3,1.0,56,0,1.0,4,6,195000.0
2910,4,2.5,28,0,2.0,4,9,817500.0
1810,3,2.0,55,0,1.0,4,7,550000.0
3160,4,2.5,19,0,2.0,4,9,1127000.0
1910,2,2.75,12,0,3.0,3,9,609850.0
1230,3,1.0,68,0,1.0,3,6,200000.0
2960,4,2.5,9,0,2.0,3,9,367000.0
2200,3,2.25,26,0,2.0,3,8,285167.0
1270,2,1.5,68,0,1.0,4,7,275000.0
2540,4,2.5,23,0,2.0,3,9,350900.0
3030,4,3.25,26,0,2.0,5,8,660000.0
1520,3,1.75,57,0,1.0,4,7,525000.0
1560,4,2.5,18,0,2.0,3,7,262000.0
970,2,1.0,107,0,1.0,4,7,690000.0
3570,5,3.75,10,0,2.0,3,9,624000.0
1350,3,1.0,67,0,1.0,4,6,353000.0
3710,4,3.5,13,0,2.0,3,8,552500.0
1430,4,1.0,31,0,1.5,4,7,224500.0
940,3,1.0,65,0,1.0,3,6,239000.0
4300,5,4.5,10,0,2.0,3,10,975000.0
3990,4,1.75,8,0,2.0,3,11,1200000.0
1380,3,1.0,105,0,1.5,3,7,505000.0
2020,4,1.75,51,0,1.0,4,7,302000.0
1480,3,1.0,70,0,1.0,3,6,170000.0
1190,2,1.0,104,0,1.0,4,5,195000.0
2550,5,1.5,55,0,1.0,4,7,272000.0
2550,5,1.5,56,0,1.0,4,7,369000.0
1500,3,1.5,62,0,1.0,3,7,332500.0
3000,3,2.5,52,0,1.0,4,8,515000.0
1690,3,1.0,47,0,1.0,3,7,269000.0
4390,4,4.0,20,0,1.0,4,11,1278000.0
1560,3,2.5,30,0,2.0,3,7,303000.0
2940,7,3.0,38,0,1.0,3,8,420000.0
1130,3,1.0,73,0,1.0,3,7,400000.0
1020,3,1.0,28,0,1.0,5,6,225000.0
1310,2,2.0,10,0,2.0,3,6,219000.0
2570,3,2.5,25,0,2.0,3,9,605000.0
2020,4,2.0,72,0,1.0,5,8,625000.0
1680,5,2.0,109,0,1.0,3,5,380000.0
1770,4,2.0,53,0,1.5,4,7,620000.0
3190,4,2.75,20,0,2.0,3,10,687500.0
1440,4,2.0,52,0,1.0,5,6,225500.0
1150,3,2.0,58,0,1.0,5,7,252500.0
1860,3,2.5,20,0,2.0,3,8,510000.0
2430,4,2.5,11,0,2.0,3,8,510000.0
1940,3,2.5,108,0,1.5,5,7,725000.0
880,2,1.0,88,0,1.0,3,7,492000.0
1930,4,2.5,38,0,1.0,4,7,425000.0
3120,4,2.75,52,1,1.0,4,8,1955000.0
1830,3,2.5,21,0,2.0,3,8,298900.0
3230,4,2.5,28,0,2.0,4,10,699000.0
700,2,1.0,96,0,1.0,4,6,310000.0
1010,3,1.75,53,0,1.0,3,7,350000.0
2460,4,1.75,53,1,1.0,3,7,790000.0
2230,4,2.5,11,0,2.0,3,8,305000.0
1570,3,2.5,11,0,2.0,3,7,315000.0
2390,5,3.5,37,0,2.0,5,7,267500.0
3460,4,3.25,64,0,2.0,3,10,1750000.0
2400,6,3.5,27,0,2.0,3,8,435000.0
2940,6,4.5,48,0,1.5,4,8,482500.0
1570,3,1.75,55,0,1.0,4,7,439995.0
1520,3,3.0,48,0,1.0,3,7,460000.0
1070,3,1.0,43,0,1.0,4,7,194000.0
440,2,0.75,71,1,1.0,4,5,290000.0
2440,4,2.0,51,0,1.0,5,7,274700.0
2660,4,2.5,105,0,2.0,5,8,900000.0
4460,4,4.0,13,0,2.0,3,11,1150000.0
2010,3,2.5,6,0,2.0,3,9,605000.0
1450,3,2.5,11,0,2.0,3,7,359000.0
1400,3,1.75,63,0,1.0,3,7,850000.0
1500,3,2.0,12,0,2.0,3,8,505000.0
2500,3,2.5,24,0,2.0,3,9,565000.0
1280,2,1.75,60,0,1.0,4,7,585000.0
3380,4,3.25,25,0,2.0,3,7,328000.0
2910,4,2.75,57,0,1.0,3,9,749950.0
3060,4,2.5,8,0,2.0,3,9,826000.0
1330,3,1.0,37,0,1.0,4,7,535000.0
3300,4,2.5,23,0,2.0,4,10,925000.0
3250,3,3.5,13,0,2.0,3,10,875000.0
2530,4,2.25,38,0,1.0,5,9,902000.0
1830,3,1.0,63,0,1.0,3,7,423000.0
1170,3,1.0,46,0,1.0,4,6,235000.0
2930,2,2.0,34,0,1.0,4,8,545000.0
1230,2,1.0,53,0,1.0,3,7,343000.0
1620,3,2.5,13,0,2.0,3,8,334950.0
1760,3,1.75,58,0,1.0,3,7,405000.0
1440,4,1.0,55,0,1.0,3,7,220000.0
1740,2,1.0,67,0,1.0,3,6,173000.0
1270,3,1.0,108,0,1.5,3,7,655000.0
880,2,1.0,91,0,1.0,3,6,406000.0
2560,6,2.5,53,0,1.0,3,7,632000.0
1540,5,2.75,24,0,1.0,3,7,357000.0
1150,3,1.75,50,0,1.0,3,7,361000.0
770,2,1.0,66,0,1.0,3,6,277000.0
4610,4,3.75,34,0,1.0,4,10,630000.0
1850,3,2.5,11,0,2.0,3,8,254000.0
1840,3,2.25,53,0,1.0,3,8,472800.0
1490,3,1.75,101,0,1.0,3,6,263000.0
1490,3,1.75,102,0,1.0,3,6,510000.0
960,3,1.0,62,0,1.0,4,7,179950.0
1580,4,2.25,41,0,1.0,3,8,525000.0
1260,3,2.5,6,0,3.0,3,8,479000.0
1940,3,2.0,74,0,1.0,5,7,651000.0
2490,4,1.75,56,0,1.0,4,8,949000.0
2520,5,2.5,73,0,1.5,3,7,392400.0
1760,4,1.75,64,0,1.0,4,7,585000.0
4190,4,2.5,10,0,2.0,3,7,460000.0
1170,3,1.0,63,0,1.0,3,7,470000.0
1600,3,2.5,12,0,2.0,3,7,245000.0
2760,4,2.0,36,0,2.0,4,8,500000.0
2090,3,2.5,25,0,2.0,3,8,455000.0
2320,4,2.5,16,0,2.0,3,7,485500.0
4110,5,3.25,93,0,2.0,3,9,1875000.0
770,2,1.0,36,0,1.0,3,7,100000.0
1410,3,1.75,32,0,1.0,3,7,307000.0
3660,4,3.5,20,0,2.0,3,10,475000.0
2180,4,2.5,43,0,1.0,3,7,330000.0
1110,3,1.0,55,0,1.0,4,7,130000.0
2280,3,2.5,16,0,2.0,3,8,320000.0
2820,4,2.5,1,0,2.0,3,9,735000.0
1570,4,2.5,43,0,1.0,3,7,365000.0
1200,3,1.5,47,0,1.0,4,7,234000.0
1710,4,2.0,44,0,1.5,3,7,211000.0
3000,6,3.5,46,0,2.0,3,8,680000.0
2800,4,3.0,12,0,2.0,3,8,457000.0
1640,3,2.25,25,0,2.0,3,7,349000.0
2030,3,2.75,35,0,1.0,3,7,360000.0
2530,4,2.5,17,0,2.0,3,8,350000.0
990,3,1.0,55,0,1.0,5,6,208000.0
790,2,1.0,72,0,1.0,4,6,250275.0
790,2,1.0,73,0,1.0,4,6,435000.0
1800,3,1.75,30,0,1.0,3,6,270000.0
1650,3,1.75,53,0,1.0,4,7,438000.0
1980,4,2.0,76,0,2.0,3,8,659000.0
2340,4,2.75,41,0,1.0,4,7,645000.0
2790,4,2.5,15,0,2.0,3,9,685100.0
2800,7,3.0,51,0,1.0,3,7,350000.0
1840,2,1.0,60,0,1.0,3,6,375000.0
1350,3,1.5,48,0,1.0,2,7,170000.0
3030,4,2.5,9,0,3.0,3,9,880000.0
1980,4,2.5,7,0,2.0,3,8,410500.0
3690,4,2.5,18,0,2.0,3,10,780000.0
3732,5,4.5,13,0,2.5,3,10,1225000.0
1510,2,1.75,9,0,1.0,3,8,449000.0
2000,3,1.75,93,0,1.0,4,7,546000.0
1760,3,2.0,37,0,1.0,5,7,317000.0
1270,3,1.0,56,0,1.0,4,7,276900.0
2620,5,2.0,49,0,1.0,3,8,399000.0
2630,5,2.75,38,0,1.0,4,8,495000.0
2270,3,1.75,36,0,1.0,4,8,258000.0
2410,2,2.5,102,0,1.0,4,7,600000.0
1120,3,2.75,15,0,3.0,3,8,265000.0
3030,5,2.75,37,0,1.0,4,7,321000.0
2120,5,2.25,104,0,1.5,4,7,682000.0
1720,4,2.5,14,0,2.0,3,8,295700.0
2150,4,2.5,29,0,2.0,3,9,609000.0
4380,3,4.5,46,1,2.0,3,9,995000.0
2010,3,2.25,28,0,2.0,4,8,530000.0
3150,5,2.5,107,0,2.0,5,8,614000.0
2500,3,2.5,28,0,1.0,3,8,390000.0
1690,3,2.5,10,0,2.0,3,7,467000.0
3300,6,2.5,34,0,1.0,3,8,484000.0
1240,3,2.5,11,0,3.0,3,8,340000.0
2200,3,2.5,20,0,2.0,3,8,302495.0
1620,3,1.75,87,0,1.0,5,7,532500.0
2420,3,2.5,21,0,2.0,3,8,441500.0
2680,4,2.5,47,0,1.0,4,7,470000.0
4250,4,3.25,10,0,2.0,3,9,2300000.0
2400,3,2.5,18,0,1.0,3,9,590000.0
2300,3,1.75,72,0,1.0,3,8,320000.0
920,2,2.0,5,0,2.0,3,8,363000.0
2350,4,2.25,37,0,2.0,4,9,747500.0
2630,2,2.5,11,0,2.0,3,8,750000.0
2170,4,3.0,32,0,2.0,4,9,831000.0
1700,3,2.5,11,0,2.0,3,7,403000.0
2470,3,2.5,9,0,2.0,3,7,445000.0
1250,3,1.0,45,0,1.0,4,7,345000.0
3110,3,3.5,12,0,1.0,3,10,2260000.0
1530,3,2.0,37,0,1.0,3,7,371025.0
960,2,1.0,98,0,1.0,3,6,355000.0
1240,3,1.0,42,0,1.0,4,7,270000.0
2440,4,2.75,57,0,2.0,4,7,425000.0
2320,3,1.75,48,0,1.0,3,8,364808.0
1580,3,2.25,34,0,1.0,3,8,320000.0
2963,4,2.5,8,0,2.0,3,9,325000.0
2470,3,2.25,30,0,2.0,3,8,350000.0
1370,3,1.5,68,0,1.0,3,6,170000.0
960,2,1.0,30,0,1.0,4,6,255000.0
1130,3,1.0,67,0,1.0,3,7,550000.0
4930,4,4.25,9,0,2.0,3,12,835000.0
1150,3,1.0,69,0,1.0,4,6,420000.0
2190,4,2.5,56,0,2.5,5,8,925000.0
1490,2,1.5,58,0,1.0,3,7,389250.0
2600,3,2.5,11,0,1.0,3,8,748000.0
1530,3,1.75,27,0,1.0,3,7,284000.0
1680,4,2.0,64,0,1.0,3,7,588000.0
1680,3,1.75,52,0,1.0,4,7,372500.0
1900,4,3.0,27,0,2.0,4,7,285000.0
1570,3,1.0,60,0,1.0,3,7,360000.0
1370,3,1.0,84,0,1.0,4,7,275000.0
1350,2,2.0,11,0,1.0,3,8,428000.0
3010,6,2.5,46,0,2.0,3,8,847000.0
1010,3,1.0,37,0,1.0,4,6,316000.0
2050,3,2.5,15,0,2.0,3,8,375000.0
1670,3,1.0,47,0,1.0,3,7,533000.0
3840,5,2.5,23,0,2.0,3,11,556000.0
2220,4,2.0,48,0,1.0,3,7,225000.0
2590,4,2.5,36,0,1.0,4,8,537250.0
1180,3,1.0,47,0,1.0,4,7,255000.0
2950,4,2.5,9,0,2.0,3,7,530000.0
2150,3,2.75,19,0,2.0,3,9,595000.0
2100,4,2.0,56,0,1.0,4,7,548000.0
1650,3,1.75,35,0,1.0,3,7,234975.0
1620,3,1.75,9,0,2.5,3,9,600000.0
1750,4,1.0,48,0,1.0,4,7,432000.0
1380,3,1.5,29,0,2.0,3,7,455000.0
1510,3,1.75,49,0,1.0,3,7,279950.0
1600,3,1.5,51,0,1.0,4,7,267500.0
1840,4,2.5,14,0,2.0,3,8,620000.0
830,2,1.0,72,0,1.0,2,6,110000.0
1810,3,3.5,5,0,2.0,4,8,625000.0
910,2,1.0,62,0,1.0,3,7,389000.0
2120,4,2.0,109,0,2.0,3,9,1200000.0
2510,4,2.25,38,0,2.0,4,8,788500.0
2100,5,2.25,40,0,1.0,3,8,567000.0
2690,2,2.25,28,0,1.0,3,8,515000.0
2430,4,2.5,46,0,1.0,5,8,605000.0
2452,4,3.75,78,0,2.0,3,7,430000.0
1550,2,1.75,94,0,1.0,3,7,805000.0
2080,3,2.5,16,0,2.0,3,8,567500.0
1290,3,1.75,98,0,1.0,5,7,647500.0
1850,2,1.75,111,0,2.5,4,7,495000.0
3370,4,2.5,8,0,2.0,3,9,825000.0
2730,4,2.25,28,0,2.0,4,8,435000.0
1300,3,1.75,46,0,1.0,5,7,445950.0
3040,5,2.75,21,0,2.0,3,10,960000.0
2440,4,3.0,85,0,1.5,5,8,780000.0
1720,3,2.25,45,0,1.0,4,8,274500.0
3230,5,3.0,106,0,1.5,4,8,729953.0
1200,3,1.5,6,0,2.0,3,8,464950.0
2350,4,1.75,55,0,1.0,3,8,620000.0
3100,4,3.5,10,0,2.0,3,9,735000.0
2040,4,2.25,56,0,1.0,3,8,450000.0
2000,4,1.0,98,0,1.5,3,7,450000.0
2160,4,2.5,112,0,2.5,4,9,842500.0
1970,3,2.0,35,0,1.0,3,7,360000.0
2270,3,2.5,16,0,2.0,3,8,585000.0
1850,3,2.25,37,0,1.0,4,7,461000.0
1350,2,1.0,65,0,1.0,3,7,345000.0
3280,3,2.5,44,0,1.0,3,10,1075000.0
2270,4,2.5,27,0,2.0,3,8,643000.0
2820,4,2.5,24,0,2.0,3,9,690000.0
1200,4,1.0,66,0,1.5,3,7,282000.0
2000,3,1.75,63,0,1.0,4,8,549000.0
2310,3,2.0,89,0,2.0,4,9,815000.0
4640,5,4.25,63,1,2.0,5,8,2200000.0
2330,3,2.25,31,0,2.0,4,8,700000.0
3940,3,2.5,22,0,2.0,3,9,933399.0
1440,3,1.0,47,0,1.0,3,7,290000.0
1960,4,1.75,35,0,1.0,5,7,372000.0
1250,2,1.75,94,0,1.0,4,7,450000.0
1981,3,2.5,4,0,2.0,3,8,303700.0
2440,4,2.5,25,0,2.0,4,9,672000.0
1150,4,1.5,44,0,1.5,3,6,334000.0
1120,2,1.0,70,0,1.0,3,6,260000.0
1800,3,1.75,73,0,1.0,4,8,749950.0
2380,4,2.25,30,0,2.0,4,8,330000.0
2920,5,3.0,54,0,2.0,3,8,830000.0
2790,3,2.25,8,0,1.0,3,8,1131000.0
1560,3,1.0,66,0,1.0,4,6,320000.0
1550,2,1.0,95,0,1.5,5,7,260000.0
1700,3,2.0,69,0,1.0,5,6,225000.0
640,1,1.0,75,0,1.0,3,5,279200.0
2680,4,3.5,72,0,2.0,3,8,520000.0
1860,3,2.5,27,0,2.0,4,8,505000.0
1490,3,1.75,39,0,1.0,4,7,234000.0
2470,4,2.5,9,0,2.0,3,9,503000.0
2390,4,2.25,35,0,1.0,4,8,606000.0
1230,3,1.0,77,0,1.0,4,7,433500.0
2840,3,1.5,64,0,1.0,3,8,250000.0
2120,3,2.5,30,0,2.0,4,9,719000.0
1770,3,2.0,55,0,1.0,4,8,381000.0
2495,3,2.5,7,0,2.0,3,8,267000.0
1170,1,0.75,52,0,1.0,5,7,275000.0
2740,4,2.5,21,0,2.0,3,8,651000.0
1050,2,1.0,66,0,1.0,3,7,439000.0
1130,2,1.0,60,0,1.0,4,7,325000.0
880,2,1.0,76,0,1.0,3,7,490000.0
2403,4,2.5,15,0,2.0,3,9,519900.0
3410,4,2.75,30,0,2.0,3,9,545000.0
5320,4,4.0,11,0,2.0,3,11,1062500.0
1900,4,1.75,59,0,1.0,4,7,542000.0
1810,4,1.75,53,0,2.0,4,7,465000.0
1200,2,2.0,9,0,1.0,3,8,408000.0
2060,4,2.5,14,0,2.0,3,8,292000.0
1250,3,1.75,20,0,1.0,3,7,253000.0
910,2,1.0,72,0,1.0,5,6,280000.0
2560,3,2.25,28,0,2.0,3,10,658588.0
1920,4,2.25,45,0,1.0,4,8,635000.0
2240,4,2.25,36,0,2.0,3,8,439000.0
1260,3,2.5,15,0,2.0,3,8,300000.0
1360,3,1.5,55,0,1.0,4,8,345000.0
2100,4,2.25,36,0,2.0,3,8,283500.0
2110,2,1.0,103,0,1.5,3,7,425000.0
2210,3,1.75,41,0,1.0,3,8,685000.0
2360,3,2.5,32,0,2.0,3,8,750000.0
1280,4,1.5,55,0,1.0,3,6,245000.0
2740,6,3.75,53,0,1.0,3,7,585444.0
2740,4,2.5,5,0,2.0,3,9,706000.0
2630,4,2.0,70,0,1.5,3,7,445000.0
1650,3,2.0,25,0,1.0,3,7,241000.0
1770,2,2.5,58,1,2.0,3,8,1175000.0
1500,3,1.0,88,0,1.5,4,7,530000.0
1430,3,1.5,67,0,1.0,3,7,350000.0
3190,4,3.75,16,1,2.0,3,10,1700000.0
1280,3,1.0,47,0,1.0,3,7,389000.0
2390,4,2.75,69,0,2.0,4,7,799000.0
4040,4,2.5,63,0,1.0,4,9,1400000.0
920,2,1.0,67,0,1.0,5,7,340895.0
2730,4,2.5,18,0,2.0,3,9,780000.0
1320,2,1.5,21,0,1.0,3,7,350000.0
2620,3,2.5,16,0,2.0,3,7,470000.0
3180,4,3.0,30,0,2.0,3,11,914600.0
2900,4,2.5,9,0,2.0,3,8,354000.0
1900,5,2.0,95,0,1.5,4,6,470000.0
1760,3,2.0,87,0,1.0,5,7,715000.0
760,2,1.0,64,0,1.0,4,6,265000.0
3710,4,3.0,79,0,2.0,5,10,2537000.0
1530,3,1.0,64,0,1.0,3,7,640000.0
1990,4,1.75,85,0,2.0,4,7,290000.0
3830,5,4.75,38,0,1.0,3,8,480000.0
2040,3,2.0,60,0,1.0,5,7,535000.0
2170,3,1.75,49,0,1.0,5,8,907000.0
1620,3,1.75,40,0,1.0,4,7,459000.0
3600,3,2.5,65,0,1.0,3,9,1355000.0
1470,3,1.5,48,0,1.0,3,7,264950.0
1760,3,1.0,114,0,1.5,1,6,352950.0
2230,3,2.25,40,0,1.0,4,8,491500.0
3770,4,3.5,25,0,2.0,3,10,1229000.0
1200,3,1.0,63,0,1.0,4,7,369500.0
2090,3,2.5,11,0,2.0,3,9,566000.0
1500,3,2.25,46,0,1.0,4,7,290000.0
870,3,1.0,45,0,1.0,3,6,180000.0
1010,2,1.0,70,0,1.0,4,6,215000.0
1010,2,1.0,71,0,1.0,4,6,302000.0
1860,3,1.75,29,0,1.0,3,7,352500.0
1330,4,2.0,72,0,1.0,4,5,235867.0
1760,3,2.25,36,0,2.0,3,8,500000.0
1800,3,2.25,20,0,2.0,3,7,382000.0
1690,5,2.5,85,0,1.5,3,7,515000.0
660,1,1.0,96,0,1.0,3,6,250000.0
2400,3,2.25,75,0,1.5,4,7,672500.0
3020,3,2.25,25,0,2.0,3,9,755000.0
1500,3,1.0,105,0,2.0,3,7,707500.0
1560,4,2.0,90,0,1.0,4,6,459000.0
1090,3,1.0,56,0,1.5,3,7,140000.0
970,2,1.0,109,0,1.0,3,7,495000.0
3190,3,3.25,7,0,2.0,3,9,757000.0
3190,3,3.25,8,0,2.0,3,9,765000.0
1890,4,1.5,59,0,1.0,4,7,359000.0
1050,3,1.0,114,0,1.0,3,6,440000.0
1390,4,1.5,49,0,1.0,3,7,400000.0
1700,3,2.0,74,0,1.0,4,7,652000.0
1050,3,1.75,34,0,1.0,3,7,260000.0
3340,5,3.0,51,0,1.0,3,9,1328000.0
1540,4,2.0,51,0,1.0,3,6,519500.0
1710,3,1.0,86,0,1.5,4,7,650000.0
2100,4,2.25,37,0,2.0,3,8,280000.0
1730,4,1.75,49,0,1.0,4,8,515000.0
1500,3,2.25,29,0,2.0,3,7,400000.0
2380,3,2.5,12,0,2.0,3,9,652100.0
2180,6,3.0,34,0,2.0,3,7,235000.0
1840,4,1.5,108,0,2.0,3,8,701000.0
2341,4,2.5,17,0,2.0,3,9,640000.0
1690,3,2.5,12,0,2.0,3,7,455800.0
2490,3,2.5,21,0,2.0,3,8,504750.0
2440,3,3.0,22,0,2.0,3,9,483000.0
920,3,0.75,64,1,1.0,5,6,530000.0
1030,2,1.0,58,0,1.0,3,6,250000.0
2000,5,2.75,20,0,1.0,3,7,229950.0
4210,4,3.5,13,0,2.0,3,9,884744.0
1610,3,1.5,38,0,1.0,3,7,514000.0
1910,3,2.25,38,0,1.0,4,8,532000.0
2660,4,2.5,10,0,2.0,3,8,423000.0
820,2,1.0,92,0,1.0,5,6,420000.0
1730,3,1.75,26,0,1.0,3,8,521000.0
2360,4,2.25,36,0,2.0,3,8,577000.0
970,3,1.0,58,0,1.0,3,7,425000.0
2460,4,2.5,10,0,2.0,3,8,495000.0
2690,3,2.5,27,0,2.0,3,9,340000.0
1820,3,3.5,0,0,2.0,3,8,499950.0
3470,4,3.0,1,0,2.0,3,9,1218000.0
3370,4,2.75,38,0,1.0,5,8,720000.0
1700,3,1.5,45,0,1.0,3,7,249000.0
1340,3,1.0,36,0,1.0,4,7,206135.0
2000,5,2.75,46,0,2.0,4,7,300000.0
3840,6,3.0,66,0,1.5,3,8,612000.0
3890,5,2.5,64,0,2.0,3,10,1102030.0
1220,4,2.0,45,0,1.5,4,7,230000.0
2280,3,1.0,79,0,1.0,3,8,850000.0
2770,4,2.5,35,0,1.0,4,7,355000.0
2520,4,2.5,24,0,2.0,3,9,442000.0
3060,4,3.0,13,0,2.0,3,8,399000.0
2390,4,2.5,15,0,2.0,3,9,360000.0
1320,3,1.75,37,0,1.0,3,8,390000.0
2900,5,2.5,38,0,1.0,3,8,413000.0
700,2,1.0,64,0,1.0,3,6,190000.0
2210,3,2.5,16,0,2.0,3,8,432900.0
2180,3,2.25,28,0,2.0,3,9,621138.0
2080,3,2.25,11,0,1.5,3,7,270000.0
2090,4,2.25,35,0,1.0,3,8,610000.0
1720,3,2.0,73,0,1.0,5,7,500000.0
2460,4,2.25,46,0,1.0,5,8,715000.0
1470,3,1.5,56,0,1.0,4,7,264000.0
1650,3,1.75,113,0,1.5,3,8,550000.0
1690,3,2.0,17,0,1.0,3,8,337000.0
970,3,1.0,53,0,1.0,4,6,170000.0
2030,4,2.5,42,0,1.0,4,7,405000.0
2540,4,2.5,30,0,1.0,3,10,775000.0
1570,3,2.25,31,0,1.0,4,7,425000.0
2580,5,2.75,47,0,2.0,4,8,713000.0
2090,5,2.5,48,0,1.0,3,8,555000.0
3260,4,2.5,12,0,2.0,3,9,810000.0
3830,4,3.75,24,0,2.0,4,11,1250000.0
2130,3,3.5,106,0,2.0,5,8,819000.0
1690,3,2.5,2,0,2.0,3,8,409900.0
1780,2,2.5,40,0,2.0,5,9,935000.0
1620,4,1.75,68,0,1.0,4,7,657500.0
4210,6,3.75,7,0,2.0,3,9,900000.0
2980,5,3.25,17,0,2.5,3,9,932800.0
1490,3,2.0,38,0,1.0,4,8,391000.0
2110,4,2.5,14,0,2.0,3,8,420000.0
6563,6,3.5,12,0,2.0,3,10,1300000.0
1510,3,1.5,59,0,1.0,5,8,415000.0
1830,3,1.75,69,0,1.0,3,8,350000.0
1230,2,1.0,66,0,2.0,4,7,375000.0
2180,3,1.75,67,0,1.0,5,8,860000.0
2220,4,2.25,53,0,1.0,4,8,495000.0
1730,4,2.25,53,0,1.0,3,7,250000.0
1990,4,2.25,46,0,1.0,4,8,365000.0
1540,3,2.75,34,0,1.0,5,7,503000.0
1100,2,1.0,71,0,1.0,4,6,150000.0
1640,4,1.75,102,0,1.0,4,7,450000.0
2590,4,3.0,13,0,2.0,3,8,355000.0
1450,3,2.0,42,0,2.0,4,7,245000.0
1180,3,2.0,22,0,1.0,4,7,265900.0
1820,4,2.5,39,0,1.0,3,7,299000.0
2360,4,2.25,47,0,2.0,4,10,957500.0
1120,3,1.0,42,0,1.0,4,7,343000.0
1646,3,2.25,20,0,2.0,3,7,307500.0
4210,5,3.75,11,0,2.0,3,10,937500.0
2480,3,3.0,38,0,1.0,4,8,610000.0
1590,3,1.5,62,0,1.0,3,8,720000.0
2130,4,2.0,95,0,1.5,5,7,610000.0
1650,3,1.75,48,0,1.0,4,7,434500.0
3090,2,2.5,36,0,1.0,4,10,602500.0
2180,4,2.5,12,0,2.0,3,8,607010.0
1800,3,1.0,68,0,1.0,3,7,610000.0
3720,4,2.5,31,0,2.0,3,10,828500.0
1100,3,1.0,53,0,1.0,3,6,199990.0
1530,3,1.75,28,0,1.0,3,7,294000.0
3010,4,2.5,9,0,2.0,3,9,789500.0
3500,3,3.5,7,0,2.0,3,10,797000.0
3100,5,3.0,8,0,2.0,3,7,539950.0
2000,4,1.5,53,0,1.0,4,7,284950.0
2290,4,1.5,50,0,1.0,3,7,776500.0
2400,4,2.5,48,0,1.0,3,7,525000.0
1850,3,2.5,16,0,2.0,3,8,303000.0
3680,3,3.25,27,0,2.0,3,9,722080.0
1060,3,1.0,55,0,1.0,3,7,140000.0
1060,3,1.0,56,0,1.0,3,7,235000.0
1610,3,1.0,111,0,1.5,3,7,440000.0
2330,3,1.75,74,0,1.5,4,7,605000.0
1210,2,1.0,64,0,1.0,3,8,380000.0
1530,4,1.0,89,0,1.0,3,7,352000.0
2270,4,2.25,36,0,1.0,4,7,420000.0
2590,4,2.0,85,0,2.0,4,10,1175000.0
1850,3,1.5,61,0,1.0,4,8,1375000.0
1500,3,1.5,81,0,1.5,4,6,300000.0
4740,4,3.25,24,0,2.0,3,11,1150000.0
1710,2,1.5,63,0,1.0,5,7,453500.0
1920,3,2.0,42,0,1.0,4,8,443500.0
1150,2,1.0,61,0,1.0,3,7,332000.0
2320,3,2.5,11,0,2.0,3,8,655000.0
1420,4,1.0,64,0,1.5,3,7,475000.0
1550,3,1.75,26,0,1.0,3,7,372500.0
2920,4,2.5,93,0,1.0,3,8,1050000.0
1620,3,1.75,69,0,1.0,5,7,500000.0
2300,6,2.75,64,0,1.5,4,9,900000.0
1070,3,1.0,25,0,1.0,3,7,327500.0
1790,3,1.75,102,0,1.0,3,7,390000.0
1510,2,1.5,30,0,2.0,4,8,451101.0
1340,4,1.0,100,0,1.5,3,7,455000.0
3350,4,2.5,10,0,2.0,3,10,650000.0
2500,3,2.5,21,0,2.0,4,10,895000.0
2350,4,2.25,63,0,1.0,2,7,800000.0
2550,4,2.25,27,0,2.0,3,9,703770.0
1320,3,1.75,46,0,1.0,4,7,249950.0
1270,2,2.0,89,0,1.0,4,6,512000.0
3480,5,2.5,43,0,1.0,4,8,780000.0
2820,3,2.25,28,0,2.0,3,8,336000.0
2110,3,2.0,59,0,1.5,5,6,285000.0
1100,3,1.75,33,0,1.0,3,7,229900.0
1920,4,3.0,84,0,1.5,4,8,667500.0
1890,4,2.5,36,0,1.0,3,7,378000.0
2530,3,2.5,23,0,2.0,3,8,454000.0
2550,4,2.5,9,0,2.0,3,7,537500.0
1550,3,1.0,88,0,1.5,4,6,425000.0
1760,3,2.0,16,0,1.0,3,7,290000.0
1270,3,2.0,51,0,1.0,3,7,349500.0
1250,3,2.75,8,0,2.0,3,7,370000.0
1620,3,1.75,54,0,1.0,4,8,549500.0
710,2,1.0,73,0,1.0,3,6,245000.0
1070,3,1.75,20,0,1.0,3,7,208000.0
2320,4,2.25,48,0,1.0,4,8,248000.0
5450,4,3.25,30,0,1.5,5,9,610000.0
1670,4,2.5,16,0,2.0,3,8,550000.0
3010,3,2.75,13,0,2.0,3,10,750000.0
1340,2,1.75,74,0,1.0,3,6,192000.0
790,2,1.0,107,0,1.0,3,7,169317.0
3400,4,3.5,6,0,2.5,3,10,1198000.0
1530,2,1.0,91,0,1.5,4,7,880000.0
930,1,1.0,66,0,1.0,3,6,210000.0
1540,3,1.5,42,0,1.0,3,7,180500.0
1990,4,2.0,30,0,2.0,3,9,540000.0
2300,3,1.75,30,0,1.0,3,9,520000.0
1220,3,1.5,46,0,1.0,3,7,177500.0
2380,3,1.75,58,0,1.0,4,8,415000.0
2020,4,2.5,46,0,1.0,5,7,495000.0
1890,3,2.25,49,0,1.0,3,8,325000.0
1330,2,1.75,30,0,1.0,3,7,440000.0
1490,3,1.75,55,0,1.0,4,7,411000.0
3550,5,3.5,16,0,2.0,3,9,810000.0
2040,5,1.75,52,0,1.0,4,7,561750.0
2380,4,2.5,51,0,1.0,4,9,835100.0
1780,3,2.25,29,0,1.0,3,8,450000.0
1650,3,2.5,10,0,2.0,3,7,238000.0
1510,3,1.0,40,0,1.0,3,7,299000.0
1100,2,1.0,73,0,1.0,4,7,570000.0
2190,3,1.75,36,0,2.0,4,8,340000.0
1760,2,1.75,103,0,1.5,3,6,450000.0
1800,4,1.5,48,0,1.0,3,7,272750.0
2000,4,2.0,65,0,2.0,4,6,520000.0
990,3,1.0,54,0,1.0,5,7,284950.0
1480,2,1.5,66,0,1.0,3,7,255000.0
1200,2,1.0,73,0,1.0,5,7,231500.0
3000,1,2.0,35,0,2.5,3,8,415000.0
3504,4,2.5,9,0,2.0,3,7,330000.0
1300,3,1.5,51,0,1.0,3,7,365000.0
1330,4,2.0,86,0,1.5,3,7,425000.0
1850,4,1.75,56,0,1.0,4,7,400000.0
2240,4,2.5,25,0,2.0,3,9,335000.0
1260,3,3.0,11,0,2.0,3,7,342000.0
2800,8,5.0,17,0,2.0,3,8,490000.0
1820,4,1.75,45,0,1.0,4,7,331500.0
1730,3,2.5,19,1,3.0,3,8,960000.0
3350,4,2.5,29,0,2.0,4,9,720500.0
3370,3,2.5,102,0,2.0,4,8,830000.0
1240,3,1.75,88,0,1.5,5,7,662990.0
2340,4,2.0,56,0,1.5,4,6,220000.0
1880,5,2.0,63,0,1.0,3,7,349950.0
1810,3,2.0,93,0,1.0,3,7,550000.0
2340,3,1.75,73,0,1.0,4,6,396000.0
2820,4,1.5,104,0,2.0,3,7,635000.0
1020,3,1.0,74,0,1.0,3,7,293000.0
2090,3,2.25,35,0,1.0,4,7,339000.0
1830,4,2.25,23,0,2.0,4,7,285000.0
2980,6,2.75,98,0,1.5,3,7,775000.0
1600,4,1.5,55,0,1.0,4,7,224000.0
4440,4,3.5,92,0,2.0,5,10,2250000.0
1200,3,1.0,55,0,1.0,3,7,165050.0
1230,3,1.25,101,0,1.5,4,7,275000.0
2930,5,3.0,63,0,1.0,3,7,445000.0
2370,3,2.25,37,0,1.0,3,8,510000.0
3040,4,2.5,13,0,2.0,3,9,1230000.0
1610,3,1.5,44,0,1.0,3,7,390000.0
2350,3,2.25,37,0,1.0,3,8,460000.0
2000,3,1.75,57,0,1.0,4,8,700000.0
3530,4,3.5,27,0,2.0,3,10,874150.0
2220,3,2.25,27,0,2.0,3,8,470000.0
2000,3,1.75,53,0,1.0,4,6,374000.0
1210,2,1.75,64,0,1.5,5,7,510000.0
1140,2,2.5,7,0,3.0,3,8,467000.0
2440,4,2.5,12,0,2.0,3,8,576000.0
1560,3,2.0,22,0,1.0,3,6,196440.0
3210,4,2.5,21,0,2.0,3,10,825000.0
930,2,1.0,34,0,1.0,3,7,281000.0
1782,3,2.5,14,0,3.0,3,7,326000.0
1740,3,1.75,35,0,1.0,4,7,340000.0
3690,5,1.75,29,0,1.0,3,9,440000.0
2930,4,2.5,16,0,2.0,3,9,749000.0
1230,4,1.0,52,0,1.5,3,7,340000.0
2000,3,2.0,98,0,2.0,3,7,561000.0
1520,3,2.25,26,0,1.0,3,7,270000.0
1040,2,1.0,95,0,1.0,4,7,600000.0
1120,4,1.5,45,0,1.0,3,6,219900.0
3020,3,1.75,22,0,2.0,3,8,617000.0
1820,3,2.25,36,0,2.0,3,8,469000.0
1370,3,1.0,72,0,1.0,3,7,229000.0
3130,4,3.0,109,0,2.5,5,9,1265000.0
1640,3,1.5,56,0,1.0,3,7,365000.0
2650,4,2.5,13,0,2.0,3,9,429000.0
2850,4,2.5,11,0,2.0,3,9,550000.0
1820,3,2.5,60,0,1.0,4,7,453000.0
1180,3,1.5,37,0,1.0,4,7,187500.0
1880,6,2.5,60,0,1.0,5,7,520500.0
1280,3,1.75,38,0,1.0,4,7,300000.0
3120,4,3.25,9,0,2.0,3,9,799000.0
2470,3,2.5,12,0,2.0,3,8,338000.0
1700,3,1.0,108,0,1.5,4,8,800000.0
1180,2,2.0,69,0,1.0,4,6,360000.0
2800,6,2.5,46,0,1.0,3,7,442500.0
1300,4,1.0,95,0,1.0,4,6,700000.0
3040,5,3.0,46,0,1.0,5,9,830000.0
1630,3,2.5,27,0,2.0,3,8,360400.0
1340,3,1.0,54,0,1.0,5,7,345000.0
1830,3,1.75,48,0,1.0,4,7,300000.0
1240,3,1.0,55,0,1.0,5,7,350000.0
2500,4,2.0,42,0,1.0,3,7,368000.0
1760,3,1.75,48,0,1.0,4,8,264000.0
2660,3,2.0,25,0,1.0,3,9,435000.0
2060,3,1.5,111,0,1.5,3,6,200000.0
2540,5,2.5,85,0,2.0,5,8,620000.0
4830,5,4.25,0,0,2.0,3,10,1679000.0
1400,3,1.75,95,0,1.0,4,7,337000.0
4280,4,3.25,30,0,2.0,4,11,1928000.0
2230,4,2.5,40,0,1.0,5,7,544500.0
680,1,1.0,105,0,1.0,1,6,252000.0
2340,4,2.5,6,0,2.0,3,8,445000.0
2070,3,2.25,25,0,2.0,3,7,379500.0
1910,4,2.0,96,0,1.0,4,6,189950.0
950,3,1.0,66,0,1.5,5,6,469000.0
2910,5,2.75,35,0,1.0,5,7,600000.0
2930,3,2.5,14,0,2.0,3,9,785000.0
2610,4,2.75,25,0,2.0,4,8,372000.0
3880,5,3.0,11,0,2.0,3,7,445000.0
3320,4,2.25,28,0,2.0,4,8,508000.0
1940,5,1.5,110,0,2.0,3,8,780000.0
2510,4,2.25,37,0,2.0,3,9,541100.0
2660,4,2.5,12,0,2.0,3,9,729000.0
1710,3,2.0,62,0,1.0,5,7,397000.0
1320,2,1.0,102,0,1.0,3,6,451555.0
960,2,1.0,67,0,1.0,3,6,300000.0
1790,3,2.5,46,0,1.0,5,7,416000.0
950,2,1.0,89,0,1.0,3,6,490000.0
2940,6,3.75,73,0,2.0,3,7,480000.0
930,2,2.0,13,0,1.0,3,7,368000.0
4570,3,2.5,23,0,2.0,3,12,1038000.0
2370,3,2.5,63,0,1.0,4,8,545000.0
3430,5,2.75,17,0,2.0,3,10,850000.0
3540,4,3.5,11,0,2.0,3,10,550000.0
2240,3,2.25,31,0,2.0,3,9,600000.0
2710,4,2.5,46,0,1.0,3,8,535000.0
2660,3,2.5,0,0,2.0,3,8,599950.0
2540,5,2.75,59,0,1.0,4,8,531000.0
2210,4,2.25,46,0,2.0,4,8,530000.0
3450,4,2.5,18,0,2.0,3,9,805000.0
2330,4,1.75,46,0,1.0,4,8,390000.0
1690,4,2.0,113,0,1.5,3,7,487250.0
1030,3,1.5,47,0,1.0,4,7,301000.0
2560,5,2.75,92,0,1.5,3,8,1175000.0
1950,4,2.5,12,0,2.0,3,7,299000.0
4370,4,2.25,107,0,2.5,4,10,2350000.0
2350,4,2.5,15,0,2.5,3,7,400000.0
3160,4,2.5,45,0,1.0,4,7,467500.0
2430,4,2.5,25,0,2.0,3,8,305000.0
1340,3,1.0,61,0,1.0,3,5,210000.0
1010,3,1.0,36,0,1.0,3,6,300000.0
1770,3,2.25,33,0,1.0,3,8,327500.0
1210,3,2.0,11,0,1.0,3,7,269000.0
3330,4,3.25,46,0,1.0,3,9,975000.0
1240,3,1.0,74,0,1.0,4,7,355000.0
1250,3,1.0,114,0,1.5,4,7,712000.0
2960,4,2.5,29,0,2.0,3,10,883000.0
840,2,1.0,20,0,1.0,3,6,190000.0
1530,3,1.75,48,0,1.0,3,7,443000.0
3750,4,3.0,38,0,2.0,3,10,920000.0
2150,4,2.25,36,0,1.0,4,7,285000.0
1560,4,3.25,99,0,1.0,3,7,901000.0
2040,3,1.75,57,0,1.0,3,7,552500.0
860,2,1.0,100,0,1.0,3,6,256000.0
1720,3,1.5,62,0,1.5,4,7,341000.0
2090,4,2.25,40,0,2.0,3,7,279000.0
2130,4,2.25,37,0,2.0,4,8,686000.0
1300,2,1.0,39,0,1.5,4,6,225000.0
1220,2,1.75,42,0,1.0,3,6,215500.0
2420,4,3.0,96,0,1.5,3,7,950000.0
2940,4,2.5,18,0,2.0,3,9,503000.0
2610,3,2.5,18,0,2.0,3,9,780000.0
1880,4,2.0,69,0,1.0,5,6,212000.0
2330,4,2.75,31,0,1.5,3,7,580000.0
2200,4,2.5,20,0,2.0,3,7,465000.0
1720,4,2.0,55,0,1.0,3,7,206000.0
2250,3,2.5,28,0,2.0,3,9,615000.0
1640,4,1.0,107,0,1.5,5,6,519000.0
4130,4,3.25,14,0,2.0,3,11,1135000.0
2600,5,2.5,9,0,2.0,3,7,330000.0
1920,4,1.5,60,0,1.0,3,8,240000.0
2060,3,2.0,26,0,1.0,4,9,574000.0
5710,4,4.25,7,0,2.0,3,11,930000.0
2720,4,3.0,39,0,2.0,3,8,850000.0
1490,3,1.5,40,0,1.0,3,7,415000.0
2360,3,2.5,85,0,1.0,5,7,480000.0
1940,5,1.0,57,0,1.0,3,7,300000.0
2570,4,2.25,34,0,2.0,3,8,439000.0
1160,3,1.0,77,0,1.0,3,7,450000.0
2660,3,2.5,26,0,1.0,3,8,589000.0
1260,3,2.25,12,0,2.0,3,7,477000.0
1780,4,2.25,63,0,1.0,3,8,587500.0
3180,4,2.25,109,0,2.0,3,10,1315000.0
3380,4,2.5,48,0,2.0,3,10,1430000.0
2690,4,2.25,37,0,2.0,3,9,700000.0
1180,2,1.0,65,0,1.0,4,6,275000.0
1660,3,1.0,36,0,1.0,4,7,367500.0
2260,4,2.5,14,0,2.0,3,7,453250.0
1910,5,1.75,61,0,1.0,3,8,607000.0
2430,4,2.0,54,0,1.0,3,7,255000.0
1300,2,2.0,89,0,1.0,4,7,501000.0
1060,3,1.0,65,0,1.0,3,7,450000.0
2200,3,2.25,33,0,2.0,3,8,360000.0
1720,4,1.75,85,0,1.5,5,7,460000.0
2360,3,1.75,65,0,1.0,4,7,753000.0
820,2,1.0,64,0,1.0,3,6,389950.0
1030,2,1.0,90,0,1.0,3,7,469000.0
2030,4,1.75,75,0,2.0,4,9,550000.0
2700,5,3.5,66,0,1.5,4,6,565000.0
1100,2,1.75,34,0,1.0,3,6,189650.0
3620,4,3.25,87,0,2.0,4,11,1525000.0
1340,3,1.75,34,0,1.0,3,7,260000.0
1790,3,1.75,54,0,1.0,3,7,243000.0
3830,4,2.5,45,0,1.0,4,9,1100000.0
1580,3,1.5,38,0,1.0,4,7,249000.0
2020,2,1.0,67,0,1.0,4,7,720000.0
3330,4,2.5,20,0,2.0,3,10,905000.0
2610,4,2.5,88,0,1.5,5,7,824500.0
2610,4,2.75,36,0,1.0,4,8,762500.0
1740,3,2.5,7,0,3.0,3,8,580000.0
1840,3,2.0,24,0,1.0,3,8,380000.0
1080,3,1.75,89,0,1.0,4,7,805000.0
1240,4,1.75,70,0,1.5,4,7,520000.0
5620,5,4.5,16,0,3.0,3,11,1569500.0
1170,2,1.0,103,0,1.0,3,6,175000.0
1760,4,2.25,27,0,2.0,3,7,353500.0
2230,4,2.5,53,0,1.0,4,8,500000.0
1520,3,1.75,43,0,1.0,4,7,386500.0
1450,2,1.0,64,0,1.0,3,7,210000.0
1600,3,2.5,32,0,1.0,3,7,439500.0
3220,5,2.5,12,0,2.0,3,8,315000.0
1830,4,2.5,11,0,2.0,3,7,339000.0
2200,4,2.25,43,0,1.0,4,8,655000.0
2170,2,2.5,6,0,1.0,3,8,740000.0
1900,5,2.5,49,0,2.0,5,7,685000.0
2960,5,2.5,55,0,1.0,4,7,550000.0
1710,2,1.75,94,0,2.0,3,7,405000.0
2620,4,2.25,31,0,1.0,3,9,765000.0
2140,3,2.0,104,0,2.0,3,8,625000.0
2100,4,2.5,100,0,1.5,3,6,207000.0
2100,4,2.5,101,0,1.5,3,6,370000.0
1460,3,2.5,26,0,1.0,4,8,475000.0
990,2,1.0,59,0,1.0,3,7,365000.0
2190,4,2.25,45,0,1.0,5,7,411800.0
3990,5,3.5,12,0,2.0,3,9,668000.0
2340,3,2.5,16,0,2.0,3,9,618000.0
2460,4,2.0,66,0,1.0,4,7,247500.0
2080,5,3.0,64,0,1.0,3,7,345000.0
1700,3,2.0,88,0,2.0,3,7,616300.0
1330,3,1.5,63,0,1.0,4,7,348000.0
1630,3,2.5,20,0,1.0,3,7,425000.0
2920,5,2.75,46,0,1.0,5,8,850000.0
2830,5,2.75,4,0,2.0,3,9,820000.0
3190,4,2.25,35,0,2.0,4,10,832000.0
1490,3,1.75,30,0,2.0,3,8,835000.0
1630,3,2.5,16,0,2.0,3,8,350000.0
2280,4,2.5,11,0,2.0,3,7,349000.0
3010,6,3.75,0,0,2.0,3,9,1125000.0
1590,3,2.5,11,0,2.0,3,7,320000.0
1250,3,1.0,47,0,1.0,4,7,150000.0
1710,3,1.0,65,0,1.0,3,6,340000.0
3280,4,4.0,7,0,2.0,3,10,785500.0
3362,4,2.5,11,0,2.0,3,8,410500.0
2200,3,2.5,36,0,2.0,3,9,580000.0
830,2,1.5,10,0,2.0,3,7,345000.0
2160,3,2.25,81,0,1.5,4,7,550000.0
2580,4,3.0,16,0,2.0,3,8,449500.0
2150,3,1.0,60,0,1.0,3,6,300000.0
3510,4,2.5,26,0,2.0,3,10,915000.0
3810,4,3.75,26,0,2.0,3,11,1575000.0
2020,4,2.75,97,0,1.0,3,8,599000.0
2120,4,2.5,54,0,1.0,4,7,755000.0
1250,3,1.0,71,0,1.0,3,7,400000.0
980,3,1.0,47,0,1.0,3,7,133000.0
1250,4,1.5,64,0,1.0,3,7,330000.0
1100,4,1.0,111,0,1.5,5,6,330000.0
1330,3,1.75,78,0,1.0,5,6,375000.0
2560,4,2.75,46,0,1.0,4,7,485000.0
1850,4,2.5,33,0,1.5,3,7,470000.0
2790,4,3.0,109,0,2.0,3,8,1045000.0
1660,4,1.0,84,0,1.5,3,7,548800.0
1080,2,1.0,95,0,1.0,4,6,315000.0
3030,3,2.0,55,0,1.0,4,7,590000.0
2380,4,2.5,12,0,2.0,3,7,439950.0
2250,3,1.75,34,0,1.0,3,8,325000.0
880,2,1.0,83,0,1.0,3,6,400000.0
2770,4,2.5,27,0,2.0,3,10,685000.0
1340,3,2.0,61,0,1.5,3,7,339950.0
1660,3,1.75,63,0,1.0,4,7,315000.0
1710,3,2.5,6,0,2.0,3,7,411753.0
1620,2,1.75,90,0,1.0,3,7,577000.0
1530,3,1.75,42,0,1.0,5,8,500000.0
1440,3,2.0,51,0,1.0,3,7,210000.0
2020,4,1.75,45,0,1.0,3,7,640000.0
1870,4,1.75,66,0,1.0,5,7,460000.0
620,2,1.0,74,0,1.0,3,6,265000.0
5774,5,5.0,30,0,1.0,3,11,740000.0
1240,3,1.0,66,0,1.0,3,6,230000.0
1890,3,1.75,37,0,1.0,5,7,315000.0
2410,3,1.75,33,0,1.0,4,8,432000.0
1530,3,2.5,20,0,2.0,3,8,467000.0
2800,5,3.75,50,0,1.0,3,7,255000.0
1460,3,1.75,36,0,1.0,3,7,316500.0
1580,4,2.0,38,0,1.0,3,7,190000.0
1450,3,2.0,114,0,1.5,3,8,490000.0
1990,4,1.75,39,0,1.0,4,7,378000.0
4470,6,4.0,2,0,3.0,3,9,598800.0
1980,5,3.0,24,0,1.0,3,7,333800.0
2920,4,2.5,24,0,2.0,4,9,690000.0
1660,4,1.75,66,0,1.0,4,6,320000.0
3190,4,3.5,103,0,1.5,4,9,1249000.0
1560,3,1.5,53,0,1.0,4,7,335000.0
3050,3,2.5,10,0,1.0,3,8,840000.0
3030,4,2.75,28,0,2.0,3,8,608250.0
2260,3,2.5,9,0,2.0,3,7,550000.0
1260,3,1.0,49,0,1.0,3,7,240000.0
3370,3,2.25,35,0,2.0,4,9,998000.0
1490,3,1.75,36,0,1.0,3,8,275000.0
1570,3,2.5,38,0,1.0,3,7,284200.0
4490,4,3.75,73,0,2.0,4,10,1715000.0
4090,4,3.75,88,0,2.0,4,11,2400000.0
4150,5,2.5,26,0,2.0,3,10,930800.0
2900,4,3.0,55,0,1.0,5,8,930000.0
1430,4,1.5,35,0,1.0,3,7,215000.0
1008,2,1.5,72,1,1.0,4,6,480000.0
1480,2,1.75,63,0,1.0,4,6,483945.0
1240,3,1.75,36,0,1.0,4,7,347000.0
1370,3,2.0,36,0,1.0,4,7,232500.0
1770,4,2.25,49,0,1.0,4,8,390000.0
2160,3,2.25,49,0,1.0,3,8,550000.0
2340,4,2.5,27,0,2.0,3,9,590000.0
960,1,1.0,69,0,1.0,5,5,420850.0
2280,4,2.5,32,0,1.0,3,7,345000.0
1970,3,2.0,29,0,1.0,3,8,429800.0
1530,4,1.75,46,0,1.5,3,7,302000.0
1790,4,1.5,82,0,1.5,4,8,800000.0
1700,3,2.5,17,0,2.0,3,8,250000.0
2660,3,2.0,92,0,1.0,4,7,605000.0
1950,3,1.75,29,0,1.0,4,8,412000.0
1340,3,2.0,20,0,2.0,3,6,252000.0
1130,3,1.0,60,0,1.5,3,7,375000.0
1950,2,1.75,95,0,1.0,5,7,725000.0
3790,5,3.5,13,0,1.0,3,8,471750.0
2020,4,2.25,19,0,2.0,3,7,490000.0
800,2,1.0,69,0,1.0,3,7,439000.0
1770,4,2.0,65,0,1.0,5,6,355000.0
940,1,0.75,71,0,1.0,3,6,250000.0
2260,4,2.25,31,0,1.0,3,10,780000.0
890,2,1.0,96,0,1.0,4,6,409000.0
860,2,1.0,98,0,1.0,4,6,420000.0
680,1,0.75,67,0,1.0,3,5,200000.0
2130,2,1.5,52,0,1.0,4,7,830000.0
2390,3,2.5,8,0,2.0,3,9,695000.0
3488,4,2.75,16,0,2.0,3,10,815000.0
1260,3,1.75,31,0,1.0,3,7,210000.0
2940,3,1.75,57,0,1.0,4,8,635000.0
2440,4,2.5,23,0,2.0,3,9,562500.0
2600,4,2.5,26,0,2.0,3,10,402500.0
2080,3,2.0,63,0,1.0,4,7,555000.0
1990,3,1.0,42,0,1.0,3,7,310000.0
2840,4,2.5,20,0,2.0,3,9,500000.0
2630,6,3.0,55,0,1.0,3,7,430000.0
2820,3,4.25,84,0,2.0,4,10,1600000.0
1560,4,1.0,91,0,1.5,3,7,627500.0
2330,4,2.5,16,0,2.0,3,8,335000.0
3320,4,2.25,34,0,1.0,4,8,962000.0
1730,3,1.75,55,0,1.0,3,7,299000.0
3110,4,2.5,14,0,2.0,3,8,399950.0
1230,3,1.0,47,0,1.0,3,7,322000.0
950,2,1.5,65,0,1.0,4,7,430000.0
1890,3,1.75,48,0,1.0,5,7,307000.0
1010,3,1.5,71,0,1.0,3,6,194000.0
1010,3,1.0,94,0,1.0,4,6,180000.0
2340,4,2.25,31,0,1.0,3,8,465000.0
2460,4,2.5,37,0,2.0,3,9,722500.0
1010,2,1.0,93,0,1.0,3,7,470450.0
1650,3,2.5,25,0,2.0,3,7,280000.0
1440,4,2.0,49,0,1.0,4,7,176250.0
1710,5,1.0,88,0,1.5,4,7,560000.0
2760,3,2.5,23,0,2.0,3,10,830000.0
1350,2,1.0,62,0,1.0,4,7,276900.0
1660,3,1.75,108,0,2.0,3,7,625000.0
2960,4,2.5,115,0,2.0,3,8,1015000.0
1090,1,1.0,90,0,1.0,4,6,463500.0
3110,3,2.5,24,0,2.0,3,9,485000.0
1380,3,2.0,25,0,1.0,3,7,272000.0
1290,2,1.0,6,0,2.0,3,7,305000.0
1980,3,2.5,55,0,1.0,5,7,760000.0
870,2,1.0,77,0,1.0,4,7,387500.0
2470,4,2.5,10,0,2.0,3,8,352000.0
2140,3,1.75,64,0,1.0,5,8,507000.0
770,3,1.0,73,0,1.0,3,6,156000.0
1490,3,3.25,13,0,3.0,3,8,580000.0
2510,4,2.5,37,0,1.0,4,8,630000.0
1950,5,1.5,50,0,1.0,3,7,275000.0
3600,5,4.0,54,0,1.0,5,8,835000.0
2380,4,2.5,19,0,2.0,3,8,340000.0
720,2,1.0,72,0,1.0,3,6,329350.0
4070,3,3.5,23,0,2.0,3,11,1480000.0
1250,3,1.0,40,0,1.0,3,7,475000.0
2190,3,2.25,0,0,3.0,3,8,719950.0
810,1,1.0,73,0,1.0,5,7,235000.0
2440,3,1.5,76,0,1.0,3,8,875000.0
1740,4,1.75,41,0,1.0,3,7,380000.0
1480,3,2.25,31,0,1.5,3,7,325000.0
2120,4,2.5,25,0,2.0,3,9,475000.0
900,1,1.0,100,0,1.0,5,6,152900.0
1190,2,2.0,75,0,1.0,3,6,210000.0
1010,4,1.0,89,0,1.0,3,6,350000.0
2100,3,2.5,30,0,2.0,4,8,505000.0
2020,4,2.25,35,0,1.0,4,7,464900.0
2520,3,2.0,57,0,1.0,3,8,650000.0
1370,2,2.75,6,0,2.0,3,8,369950.0
1530,3,2.5,13,0,2.0,3,7,250000.0
1530,3,2.5,14,0,2.0,3,7,320000.0
5040,4,4.25,65,0,1.0,3,10,2532000.0
2530,4,2.25,40,0,2.0,3,7,340000.0
1010,2,1.5,108,0,1.5,5,5,440000.0
1200,3,1.0,56,0,1.0,4,7,219950.0
2720,4,3.0,57,0,1.0,5,9,940000.0
1850,4,1.5,69,0,1.5,3,6,399950.0
2340,3,2.75,61,0,1.0,4,9,1568000.0
1860,4,1.75,46,0,1.0,3,7,528000.0
1940,4,1.75,58,0,1.0,4,8,545000.0
1680,2,2.0,11,0,1.0,3,8,575000.0
1770,4,2.75,35,0,1.0,3,8,235000.0
1790,3,2.5,16,0,2.0,3,8,272000.0
1720,4,1.75,46,0,1.0,4,8,380000.0
1280,3,1.0,66,0,1.5,3,7,195000.0
1690,3,2.5,12,0,2.0,3,7,297000.0
2190,4,2.5,12,0,2.0,3,8,349000.0
710,2,1.0,72,0,1.0,4,6,320000.0
1890,4,1.5,52,0,1.0,3,7,319990.0
1410,2,2.0,105,0,1.5,5,8,439900.0
2210,3,3.25,19,0,2.0,3,8,429000.0
1540,3,2.0,16,0,1.0,3,7,272500.0
1350,4,2.0,55,0,1.0,4,7,400000.0
1380,5,2.0,99,0,1.5,3,7,462000.0
890,2,1.0,68,0,1.0,3,7,510000.0
1900,3,2.5,26,0,2.0,3,8,550000.0
1240,3,1.0,46,0,1.0,3,6,150000.0
1730,3,2.5,45,0,1.0,3,7,460000.0
2090,4,2.5,28,0,2.0,3,10,632500.0
1650,3,1.75,45,0,1.0,4,7,361000.0
1130,3,2.25,10,0,2.0,3,8,437000.0
3240,6,2.75,65,0,1.0,4,6,370000.0
3840,4,2.5,17,0,2.0,3,10,884250.0
1200,3,1.0,45,0,1.0,4,6,225000.0
870,2,1.0,65,0,1.0,3,6,235000.0
2410,6,3.5,98,0,2.0,3,9,767500.0
1560,3,1.75,86,1,1.5,4,6,1200000.0
2410,3,2.5,25,0,2.0,3,9,715000.0
2300,4,2.25,55,0,1.0,3,7,417000.0
1390,3,1.0,50,0,1.0,4,7,199000.0
2920,5,2.5,108,0,2.0,3,8,875000.0
1370,4,1.5,88,0,1.5,3,7,545000.0
950,2,1.0,88,0,1.0,3,6,192500.0
3090,3,2.5,16,0,2.0,3,10,822500.0
2390,4,2.5,39,0,1.0,3,9,800000.0
2070,3,2.5,84,0,2.0,3,9,1250000.0
1460,3,2.5,19,0,2.0,3,7,295000.0
1510,2,1.75,8,0,1.0,3,8,419000.0
5180,5,3.25,21,0,1.0,3,11,1195000.0
3430,4,2.75,19,0,2.0,3,11,750000.0
1700,4,1.5,62,0,1.0,3,7,502000.0
2640,3,1.75,54,0,1.0,4,9,1025000.0
1200,3,1.0,70,0,1.5,3,6,398500.0
1850,2,1.5,108,0,1.5,4,7,700000.0
1510,5,1.5,55,0,1.0,4,7,248000.0
2130,4,2.0,92,0,1.0,5,7,800000.0
2640,4,2.5,11,0,2.0,3,9,383000.0
3000,4,3.0,101,0,1.5,3,8,688000.0
1870,3,2.0,88,0,1.0,5,7,521000.0
990,2,1.0,65,0,1.0,3,7,365000.0
2005,3,2.0,34,0,1.0,3,7,491000.0
2030,3,2.75,49,0,1.0,5,8,643000.0
1500,3,2.5,36,0,1.0,2,7,279000.0
1530,4,1.0,107,0,1.5,4,7,583500.0
1990,3,2.5,10,0,2.0,3,7,310000.0
1420,3,1.75,30,0,1.0,4,7,310000.0
1400,3,1.0,59,0,1.0,4,6,280000.0
1870,4,2.5,10,0,2.0,3,7,272000.0
3040,4,3.0,91,0,1.5,3,9,870000.0
1790,3,2.0,34,0,1.0,3,7,307000.0
1590,2,1.5,68,0,1.0,4,7,490000.0
2050,3,2.0,54,0,1.0,5,7,399950.0
4220,5,3.5,56,0,1.0,3,10,1635000.0
4030,5,4.5,14,0,2.0,3,11,989000.0
1770,4,1.75,31,0,1.0,5,7,264950.0
2100,4,2.75,35,0,1.0,3,8,491500.0
2120,3,2.25,30,0,2.0,3,7,345000.0
2600,4,1.75,46,0,1.0,4,8,339900.0
2400,3,3.0,110,0,2.0,3,7,852000.0
3180,5,3.5,46,0,1.0,3,7,585000.0
2790,4,2.0,38,0,1.0,4,8,723000.0
2080,3,2.25,25,0,2.0,3,8,594000.0
1370,2,1.5,27,0,2.0,4,7,405000.0
2790,4,2.5,17,0,2.0,3,9,725500.0
1740,2,1.0,59,0,1.0,3,8,800000.0
6400,3,3.75,48,0,1.0,4,10,1325000.0
1800,3,2.5,18,0,2.0,3,7,180500.0
1800,3,2.5,19,0,2.0,3,7,325000.0
1190,3,1.75,46,0,1.0,4,7,235000.0
860,2,1.0,66,0,1.0,4,7,330000.0
2460,3,2.0,62,0,1.0,4,8,678500.0
1980,4,2.5,40,0,2.0,4,7,463000.0
670,2,1.0,71,0,1.0,3,6,250000.0
1410,3,2.0,87,0,1.5,4,8,655000.0
1860,4,2.25,35,0,1.0,3,8,239900.0
980,3,1.0,59,0,1.0,3,7,185000.0
3040,4,2.25,88,0,2.0,4,9,1735000.0
1810,3,2.25,37,0,1.0,3,7,251700.0
1560,4,2.0,51,0,1.0,3,8,400000.0
2100,4,1.75,59,0,1.0,3,8,735000.0
2500,5,2.0,72,1,2.0,5,8,1700000.0
520,2,1.0,63,0,1.0,2,5,82500.0
3010,4,4.0,10,0,2.0,3,10,765000.0
2140,4,1.75,46,0,1.0,3,7,292500.0
2390,3,2.25,45,0,1.0,4,7,270000.0
1510,2,1.0,75,0,1.0,3,7,415000.0
2210,4,1.75,62,0,1.0,4,7,950000.0
2170,3,2.75,19,0,2.0,3,7,353000.0
1790,3,2.5,7,0,3.0,3,8,670950.0
1390,3,1.75,102,0,1.0,4,7,280950.0
1850,3,1.75,31,0,1.0,4,8,585000.0
1480,2,1.5,40,0,1.0,3,8,525000.0
1850,3,1.75,41,0,1.0,4,8,605000.0
3350,4,3.5,7,0,2.0,3,9,1010000.0
1040,3,1.0,72,0,1.0,3,7,245990.0
2810,4,2.25,30,0,2.0,3,10,535000.0
1010,1,1.5,103,0,1.0,3,7,410000.0
2250,3,2.5,27,0,2.0,4,8,550000.0
1800,3,1.75,42,0,1.0,3,8,665000.0
2400,3,1.0,75,0,1.0,4,7,455000.0
1780,4,1.0,92,0,1.5,3,7,440000.0
2120,3,2.25,35,0,1.0,3,9,332000.0
1860,3,2.5,25,0,2.0,3,7,280000.0
1460,3,3.5,8,0,2.0,3,8,570000.0
1230,3,1.0,57,0,1.0,4,7,250000.0
1088,2,1.0,63,0,1.0,3,6,238000.0
800,3,1.0,65,0,1.0,3,6,265000.0
1190,3,1.0,56,0,1.0,4,7,306000.0
1940,5,2.75,13,0,1.0,3,7,345000.0
3300,4,2.5,43,0,1.0,4,9,765000.0
2590,4,2.5,17,0,2.0,3,8,346300.0
2080,3,2.0,12,0,1.0,3,8,342500.0
2680,4,2.25,15,0,2.0,3,7,501000.0
1670,3,2.5,24,0,1.0,4,7,270000.0
1830,3,1.0,85,0,1.5,4,8,638000.0
1400,3,1.75,106,0,1.0,4,8,460000.0
2770,4,1.75,61,0,1.0,4,7,760000.0
3630,3,2.5,43,0,1.0,4,9,1085000.0
1040,3,1.0,31,0,1.0,3,6,234000.0
2690,3,2.75,40,1,2.0,4,10,1650000.0
2020,5,2.0,76,0,1.5,4,7,488000.0
2450,5,2.5,52,0,2.0,4,9,1550000.0
2030,4,3.0,33,0,2.0,3,7,499000.0
1450,3,1.0,62,0,1.0,3,7,150000.0
2400,4,2.5,22,0,2.0,3,8,333000.0
2870,4,2.75,56,0,1.0,4,8,700000.0
1340,4,1.0,88,0,1.5,3,7,275000.0
1680,3,2.5,55,0,1.0,3,7,330000.0
1850,4,2.0,45,0,1.0,3,7,360000.0
1220,3,1.0,50,0,1.5,3,7,467000.0
2320,3,2.5,35,0,1.0,4,9,568000.0
3220,5,2.25,42,0,2.0,3,8,605000.0
3190,4,2.75,9,0,2.0,3,9,750000.0
3530,3,2.75,20,0,2.0,3,10,760000.0
2050,3,1.75,35,0,1.0,3,7,265000.0
1720,3,1.75,58,0,1.0,4,7,490000.0
2850,4,2.5,10,0,2.0,3,8,360000.0
2270,4,2.25,39,0,1.0,4,7,311750.0
1880,3,2.25,56,0,1.0,3,8,399000.0
2770,4,2.5,25,0,2.0,3,8,347000.0
4490,4,3.75,16,0,2.0,3,12,1680000.0
3110,4,2.5,9,0,2.0,3,9,585000.0
2360,4,2.5,22,0,2.0,3,8,340000.0
2180,3,2.5,21,0,2.0,3,8,612000.0
1910,2,1.75,34,0,2.0,3,8,230000.0
2260,4,2.5,25,0,2.0,3,9,604000.0
1770,3,1.75,55,0,1.0,4,7,250000.0
1460,3,2.0,26,0,1.0,3,7,258500.0
2080,4,2.75,75,0,1.0,5,8,783000.0
2960,5,2.25,56,0,1.0,5,8,1050000.0
3220,4,2.5,13,0,2.0,3,9,760000.0
1140,3,1.0,54,0,1.0,3,7,276000.0
1660,4,2.0,49,0,1.0,3,8,550000.0
1430,4,1.0,62,0,1.5,5,7,398000.0
1820,3,3.0,101,0,1.5,4,8,775000.0
3540,4,3.0,27,0,2.0,3,8,1027500.0
1620,4,1.0,109,0,1.5,5,7,327000.0
3100,4,2.75,20,0,2.0,3,8,564500.0
1500,4,1.75,109,0,1.5,5,7,782000.0
2820,4,2.5,10,0,2.0,3,9,398000.0
1850,3,1.75,100,0,1.5,3,6,257000.0
1570,4,2.0,30,0,2.0,4,7,235000.0
2300,4,2.75,35,0,1.0,5,8,453000.0
920,2,1.0,61,0,1.0,1,6,535000.0
1600,3,2.5,21,0,2.0,4,8,275000.0
2630,3,2.5,18,0,2.0,3,9,665000.0
3020,4,2.75,37,0,1.0,4,8,670000.0
1490,3,1.75,49,0,1.0,3,7,465000.0
1160,3,1.5,44,0,1.0,5,7,210000.0
2040,4,2.5,13,0,2.0,3,8,265000.0
1550,2,2.5,28,0,2.0,4,8,426000.0
1990,4,2.25,48,0,1.0,4,8,529219.0
1900,3,2.25,45,0,1.5,4,7,600000.0
3840,5,3.5,13,0,2.0,3,9,875000.0
2400,4,3.0,59,0,1.0,3,7,608000.0
1660,3,1.0,41,0,1.0,4,7,220000.0
6055,4,5.0,18,0,1.0,4,12,1760000.0
2030,3,2.0,48,0,1.0,4,8,295450.0
840,2,1.0,89,0,1.0,3,7,315000.0
1450,4,2.0,48,0,1.0,4,7,205000.0
1460,3,1.5,62,0,1.0,3,7,310000.0
2010,5,1.0,88,0,1.5,3,9,1000000.0
2910,4,2.5,8,0,2.0,3,9,525000.0
1880,4,1.75,54,0,1.0,3,7,284000.0
2170,3,1.75,28,0,1.0,3,8,510000.0
1260,2,1.0,67,0,1.0,4,7,405000.0
1970,3,2.5,7,0,2.0,3,8,509950.0
2090,4,2.25,27,0,2.0,3,8,600000.0
3450,4,3.75,9,0,2.0,3,10,990000.0
1130,3,1.5,61,0,1.0,3,7,280005.0
2600,3,1.75,46,0,1.0,4,8,700000.0
1030,3,1.0,61,0,1.0,3,7,330000.0
1700,2,1.0,59,0,1.0,3,7,340000.0
1480,2,2.5,7,0,2.0,3,8,468000.0
4250,4,2.5,42,0,2.0,4,9,1339000.0
1600,3,1.75,59,0,1.0,3,8,515000.0
1870,4,2.0,37,0,1.0,3,7,245000.0
1440,3,2.5,31,0,1.0,4,7,265000.0
2720,3,2.5,25,0,2.0,3,9,372400.0
1240,3,1.5,67,0,1.0,5,6,390000.0
1020,3,1.0,48,0,1.0,4,7,208000.0
1180,2,0.5,69,0,1.0,4,6,273000.0
3080,5,3.5,11,0,2.0,3,8,455000.0
1750,4,2.5,27,0,2.0,3,7,270000.0
2530,4,2.25,56,0,1.0,4,7,618000.0
1580,3,2.5,24,0,2.0,3,7,213550.0
2340,5,1.75,57,0,2.0,3,7,210000.0
6300,5,4.0,11,0,2.0,3,12,2750000.0
2400,4,2.75,40,0,1.0,5,7,403500.0
1300,3,1.5,52,0,1.0,4,7,235000.0
1760,3,2.0,79,0,1.0,4,6,287500.0
1520,4,1.5,68,0,1.0,3,7,546800.0
1070,3,1.75,57,0,1.0,4,6,183000.0
2560,3,2.0,28,0,1.0,3,8,560000.0
1280,3,1.0,56,0,1.0,3,6,299500.0
1660,4,2.25,49,0,1.0,3,8,610000.0
1860,3,1.5,51,0,1.0,3,7,288350.0
950,2,1.0,88,0,1.0,3,7,500000.0
2140,4,2.75,63,0,1.0,3,7,625000.0
1480,2,1.5,8,0,2.0,3,7,418000.0
2260,3,3.0,12,0,2.0,3,8,660000.0
2300,4,2.5,15,0,2.0,3,9,775000.0
1650,3,2.75,43,0,1.0,4,7,429500.0
1990,3,2.0,106,0,1.5,3,7,569000.0
1960,4,2.0,36,0,1.0,5,7,250000.0
1310,3,1.5,45,0,1.0,4,7,225000.0
2450,4,2.75,40,0,1.0,5,9,530000.0
910,3,1.0,59,0,1.0,3,7,306000.0
1580,3,1.75,53,0,1.0,5,7,517100.0
1780,3,1.75,38,0,1.0,3,7,354950.0
1040,3,1.5,90,0,1.0,3,6,348000.0
2340,4,2.5,37,0,1.0,3,8,522250.0
1720,3,2.5,31,0,1.0,3,8,275000.0
1600,3,1.5,60,0,1.0,3,7,390000.0
1320,3,1.5,60,0,1.0,3,7,260000.0
2350,5,2.75,92,0,1.5,3,8,585000.0
2740,5,2.75,89,0,1.5,5,7,605000.0
2300,4,2.5,13,0,2.0,3,8,342000.0
4350,5,3.0,42,0,2.0,3,10,900000.0
1430,3,1.75,34,0,1.0,4,7,252000.0
2400,3,1.75,44,0,1.0,3,9,357000.0
940,3,1.0,55,0,1.0,4,6,370000.0
1020,3,1.0,56,0,1.0,5,7,322500.0
1680,2,2.0,104,0,2.0,4,7,210000.0
1340,2,1.0,65,0,1.0,3,7,290000.0
3960,4,3.25,9,0,2.0,3,10,860000.0
2650,6,2.0,104,0,1.5,3,8,302000.0
2120,4,2.25,49,0,2.0,4,8,369160.0
2850,4,2.75,12,0,2.5,3,9,1185000.0
2850,4,2.0,60,0,2.0,5,8,993000.0
1870,6,2.0,46,0,1.0,4,7,380000.0
2660,4,2.0,65,0,1.0,4,7,635000.0
1190,3,1.0,67,0,1.0,3,6,260000.0
1770,2,1.0,71,0,1.5,4,7,243000.0
2770,4,2.5,14,0,2.0,3,9,1400000.0
2080,4,2.5,62,0,1.0,5,8,665000.0
2700,5,2.25,27,0,2.0,5,9,898000.0
2200,4,2.75,59,0,1.0,5,8,583000.0
2160,4,1.75,37,0,2.0,2,8,429000.0
2010,3,2.5,16,0,2.0,3,8,471000.0
3780,3,3.5,64,0,2.0,3,9,1810000.0
4460,3,3.25,9,0,2.0,3,9,739500.0
1770,3,1.5,55,0,1.0,3,8,450000.0
1430,3,1.0,66,0,1.0,3,7,552500.0
1700,4,1.75,61,0,1.0,4,7,437000.0
1830,4,2.0,64,0,1.5,3,7,270000.0
1410,3,1.5,49,0,1.0,4,7,226740.0
3060,4,2.5,41,0,1.0,3,8,446500.0
1820,3,2.0,94,0,2.0,3,7,283000.0
2430,4,1.75,105,0,1.5,4,7,445000.0
740,2,1.0,72,0,1.0,5,6,250000.0
770,3,1.0,73,0,1.0,3,6,307000.0
2200,4,2.75,23,0,1.0,3,8,315000.0
2920,3,3.0,107,0,1.5,3,7,555000.0
2040,4,2.5,36,0,1.0,3,7,264900.0
1600,3,2.0,36,0,1.0,3,7,510000.0
1990,4,2.5,12,0,2.0,3,7,328000.0
1830,4,2.5,13,0,2.0,3,7,358000.0
2540,3,2.5,10,0,2.0,3,7,325000.0
2700,2,3.25,24,1,3.0,3,9,1365000.0
1440,4,2.0,48,0,1.0,4,7,230000.0
1550,3,2.0,60,0,1.0,3,7,545000.0
2490,3,2.5,11,0,2.0,3,9,705380.0
2650,5,2.5,35,0,1.0,4,7,459000.0
2000,4,2.25,13,0,2.0,3,8,815000.0
3440,6,5.0,7,0,2.0,3,8,495000.0
2280,3,2.5,27,0,2.5,3,9,520000.0
1320,2,1.5,13,0,3.0,3,7,430000.0
2070,4,2.5,25,0,2.0,3,8,255000.0
1860,3,2.0,106,0,2.0,5,7,588000.0
940,3,1.0,55,0,1.0,3,6,350000.0
2290,4,2.75,52,0,1.0,5,7,625000.0
1510,2,2.0,57,0,1.0,2,6,172500.0
1830,3,2.0,105,0,1.5,5,7,554000.0
3090,4,2.5,13,0,2.0,3,9,775000.0
4340,4,3.5,11,0,2.0,3,11,1187500.0
3200,3,2.75,37,0,2.0,3,9,618000.0
1560,4,1.0,60,0,1.5,4,6,305000.0
1280,3,2.0,20,0,1.0,3,7,232000.0
2020,4,2.5,12,0,2.0,3,7,262000.0
1040,3,1.0,44,0,1.0,5,7,234000.0
2260,4,2.75,13,0,1.0,3,7,500000.0
860,3,1.0,94,0,1.0,3,6,278000.0
1920,5,1.0,53,0,1.0,3,7,230000.0
2290,4,1.75,45,0,1.0,5,8,500000.0
2070,4,2.75,69,0,1.0,5,7,366500.0
4250,6,3.0,112,0,2.5,4,7,665000.0
2220,3,1.5,87,0,2.0,3,9,1101000.0
1840,2,1.75,57,0,1.0,3,8,575000.0
2590,4,2.5,21,0,2.0,3,10,674750.0
3110,5,2.0,74,0,1.0,5,7,719000.0
2600,3,1.75,34,0,1.0,4,7,482000.0
1060,2,1.0,62,0,1.0,4,6,254000.0
1250,3,1.75,70,0,1.0,4,7,443725.0
2520,4,2.5,34,0,2.0,3,8,575000.0
2070,3,2.25,38,0,1.0,3,8,469000.0
1300,2,1.0,56,0,1.0,5,6,175000.0
2190,5,2.0,53,0,1.0,3,7,437000.0
2760,4,3.0,40,0,1.0,4,8,550000.0
1710,3,2.25,36,0,1.0,4,7,172040.0
1750,3,2.0,21,0,1.0,3,8,363000.0
1552,3,2.25,3,0,2.0,3,7,282000.0
2350,6,2.0,109,0,2.0,3,8,400000.0
5110,5,3.5,11,0,2.0,3,10,650000.0
1720,3,2.5,24,0,2.0,4,7,365000.0
1960,4,2.5,12,0,2.0,3,8,269950.0
1270,2,1.0,37,0,1.0,3,6,260000.0
1180,3,1.5,37,0,1.0,4,7,193000.0
2230,4,2.25,9,0,2.0,3,8,340000.0
4700,4,3.25,36,0,2.0,3,10,900000.0
2150,3,2.5,23,0,2.0,3,8,371000.0
2400,3,2.5,29,0,2.0,3,8,592000.0
1830,3,2.5,23,0,2.0,3,7,300000.0
2800,4,3.0,11,0,2.0,3,8,449950.0
2090,3,2.5,25,0,2.0,3,8,299500.0
2340,4,2.25,52,0,1.0,4,9,995000.0
1670,4,1.75,54,0,1.0,3,7,335000.0
1990,4,2.25,36,0,1.0,4,8,280000.0
2270,4,2.25,37,0,1.0,3,7,446000.0
4910,4,2.75,50,0,1.0,4,10,1544500.0
950,3,1.0,72,0,1.0,4,6,325000.0
1610,3,1.75,59,0,1.0,3,7,450000.0
1940,4,2.5,14,0,2.0,3,7,322500.0
1210,3,1.0,59,0,1.0,5,7,453000.0
2570,4,2.5,13,0,2.0,3,9,655000.0
1700,3,2.25,89,0,2.0,5,7,603000.0
1610,4,1.0,67,0,1.5,3,6,235000.0
4120,4,3.5,8,0,2.0,3,11,968933.0
2880,3,3.5,34,0,1.0,3,8,1015000.0
1990,4,2.25,41,0,2.0,3,8,435000.0
1260,3,2.0,28,0,1.0,3,7,242000.0
4750,6,3.25,67,0,2.0,4,8,487000.0
3010,4,2.75,18,0,2.0,3,9,810000.0
2410,3,2.5,38,0,1.0,4,8,625000.0
1280,3,1.5,41,0,1.0,3,7,165000.0
2320,3,1.0,55,0,1.0,3,7,335000.0
1220,3,1.0,56,0,1.0,3,6,286700.0
1400,2,1.5,61,0,1.0,4,8,699000.0
1590,3,1.75,41,0,1.0,3,7,280000.0
2220,4,2.5,26,0,2.0,3,8,580000.0
2770,2,2.5,8,0,2.0,3,8,754800.0
2303,4,2.5,20,0,2.0,3,8,525000.0
1600,3,1.75,53,0,1.0,3,8,562000.0
1280,4,1.75,88,0,1.0,3,7,575000.0
2900,5,2.5,8,0,2.0,3,9,808900.0
2950,3,2.25,49,0,1.0,4,10,992000.0
1700,3,2.5,17,0,2.0,3,7,335000.0
1050,3,2.75,29,0,1.0,3,7,473000.0
2990,4,2.75,38,0,1.0,4,8,350000.0
3100,5,2.5,109,0,2.5,4,9,1600000.0
1240,3,1.0,64,0,1.0,4,7,305500.0
780,2,1.0,68,0,1.0,4,7,306000.0
850,2,2.25,13,0,2.0,3,8,233000.0
1540,3,1.75,44,0,1.0,3,8,490000.0
2280,4,2.5,20,0,2.0,3,8,445000.0
2550,3,2.25,55,0,1.0,3,7,355000.0
1770,2,2.0,28,0,1.0,4,8,360000.0
2320,3,1.75,79,0,2.0,3,7,737500.0
2600,3,3.5,45,0,2.0,5,8,985000.0
1570,2,3.25,8,0,2.0,3,8,349950.0
3060,4,2.5,10,0,2.0,3,8,520000.0
1960,4,2.5,59,0,1.0,3,7,355950.0
3270,5,2.5,10,0,2.0,3,9,485000.0
1090,3,1.0,45,0,1.0,4,6,143000.0
940,3,1.0,47,0,1.0,4,7,355000.0
3880,5,3.5,35,0,2.0,4,9,1126000.0
1770,5,1.75,55,0,1.0,4,7,200000.0
3640,4,2.5,15,0,2.0,3,11,913000.0
3160,3,2.5,48,0,1.0,4,9,1600000.0
1590,2,2.5,17,0,2.0,3,9,409900.0
1290,4,1.0,65,0,1.0,3,6,265000.0
3655,5,3.0,60,0,1.0,5,8,740000.0
2490,4,2.5,13,0,2.0,3,7,306000.0
1470,3,2.5,11,0,2.0,3,7,381000.0
3960,3,3.25,82,0,2.0,3,10,1220000.0
3190,3,3.5,74,0,1.0,4,8,1050000.0
810,2,1.0,66,0,1.0,5,6,408000.0
2980,5,2.5,8,0,2.0,3,9,739900.0
2780,4,2.5,29,0,1.0,4,9,674250.0
1340,2,1.0,61,0,1.0,4,7,438400.0
4930,5,5.0,14,0,2.0,3,11,1700000.0
1360,3,2.0,69,0,1.5,3,8,703000.0
1320,3,1.75,25,0,1.0,4,7,262000.0
1210,3,2.0,31,0,1.0,3,7,353000.0
1940,4,2.5,20,0,2.0,3,8,500000.0
3160,4,2.5,97,0,1.5,3,9,1280000.0
1980,4,2.5,11,0,2.0,3,8,332000.0
2320,4,2.5,40,0,1.0,4,9,824000.0
1660,4,2.0,47,0,1.0,3,7,290000.0
1660,3,2.5,12,0,2.0,3,9,700000.0
1080,2,1.0,92,0,1.0,4,7,550000.0
1510,2,1.0,93,0,1.5,4,7,549000.0
2950,4,2.5,64,0,1.0,4,9,1865000.0
3070,4,2.25,37,0,2.0,3,9,858000.0
970,2,1.0,67,0,1.0,3,7,345000.0
2140,4,1.75,84,0,2.5,3,8,340000.0
2570,4,2.25,53,0,2.5,4,9,1215000.0
1260,3,2.25,5,0,3.0,3,7,275000.0
1220,3,1.0,51,0,1.0,3,7,405000.0
1720,3,2.0,66,0,2.0,5,7,432500.0
2140,4,1.0,90,0,1.5,3,6,236500.0
1420,4,1.5,86,0,1.5,4,8,679000.0
2060,4,2.5,19,0,2.0,3,8,543000.0
1320,3,1.0,61,0,1.0,3,7,294000.0
1810,3,1.75,46,0,1.0,4,7,340500.0
2980,4,2.5,25,0,2.0,3,9,1012000.0
1350,2,2.0,38,0,1.0,3,8,335000.0
1540,3,2.0,26,0,1.0,3,7,425000.0
2510,3,2.5,14,0,2.0,4,8,353000.0
1670,3,2.5,24,0,2.0,3,8,540000.0
3690,5,3.5,8,0,2.0,3,9,640000.0
1320,3,1.0,55,0,1.0,3,8,339950.0
1510,3,1.75,35,0,1.0,2,7,195000.0
1510,3,1.75,36,0,1.0,2,7,322000.0
1870,4,1.75,37,0,1.0,3,8,660000.0
2400,6,3.0,23,0,2.0,3,7,280000.0
2400,6,3.0,24,0,2.0,3,7,300000.0
1170,3,1.0,48,0,1.0,4,6,207500.0
1190,3,1.5,58,0,1.0,3,7,195000.0
2080,3,2.0,60,0,1.0,5,7,700000.0
2150,4,1.75,33,0,1.0,4,7,560000.0
1580,3,1.75,103,0,1.0,5,7,260000.0
1580,3,1.75,104,0,1.0,5,7,575000.0
2370,3,2.5,9,0,2.0,3,8,475000.0
1840,3,1.75,109,0,1.0,3,7,285000.0
2660,4,2.5,11,0,2.0,3,9,753888.0
2190,3,2.5,12,0,2.0,3,9,650000.0
1660,3,2.25,85,0,1.5,4,7,620000.0
1780,3,1.75,38,0,1.0,3,7,526000.0
700,2,1.0,62,0,1.0,5,6,155000.0
1570,4,2.0,55,0,1.0,3,7,342000.0
1220,3,1.75,34,0,1.0,3,7,390000.0
3150,3,2.75,24,0,2.0,4,9,685000.0
2690,4,2.5,13,0,2.0,3,7,608000.0
680,2,1.0,71,0,1.0,3,6,179900.0
3750,6,3.25,78,0,2.0,5,9,1245000.0
1010,3,1.0,58,0,1.0,3,7,166000.0
1710,3,1.5,86,0,1.5,3,8,462000.0
2090,4,2.5,24,0,2.0,3,8,545000.0
1560,3,1.0,112,0,1.5,3,7,415000.0
1560,3,2.5,11,0,2.0,3,7,269000.0
2570,4,2.5,6,0,2.0,3,8,356500.0
1010,3,1.0,53,0,1.0,4,6,225000.0
1020,2,1.0,66,0,1.0,4,6,175000.0
1710,5,2.5,40,0,2.0,4,8,549000.0
2300,3,2.75,26,0,2.0,3,8,535000.0
1990,4,2.25,41,0,1.0,3,8,627000.0
2730,3,2.0,38,0,2.5,3,9,565000.0
2195,4,2.0,102,0,1.0,3,7,392450.0
1560,2,2.0,8,0,1.0,3,8,509000.0
1400,3,2.5,93,0,1.0,3,7,340000.0
1400,3,2.5,94,0,1.0,3,7,537000.0
3690,4,3.0,16,0,2.0,3,10,865000.0
1140,2,1.0,66,0,1.0,3,7,358000.0
1920,4,2.25,91,0,1.5,5,7,595000.0
2496,4,2.5,16,0,2.0,3,9,661000.0
2280,3,2.25,37,0,1.0,4,7,419950.0
3200,4,3.5,9,0,2.0,3,9,490000.0
880,2,1.0,74,0,1.0,3,7,525000.0
1320,3,2.0,19,0,3.0,3,7,350000.0
2450,3,2.5,7,0,2.0,3,9,552500.0
1040,3,1.0,54,0,1.0,4,6,210000.0
2480,3,2.5,25,0,2.0,3,9,390000.0
1830,5,1.75,57,0,1.5,3,7,336800.0
1440,3,2.5,12,0,2.0,3,7,465000.0
1580,4,2.5,3,0,2.0,3,7,299900.0
3230,3,3.25,8,0,2.0,3,9,715000.0
1810,4,2.5,44,0,1.0,3,7,235000.0
2495,3,2.5,7,0,2.0,3,8,276000.0
1740,4,1.5,51,0,1.0,4,7,265000.0
1680,3,1.75,114,0,1.0,4,6,425000.0
2460,4,2.5,22,0,2.0,3,8,313000.0
3050,3,2.5,31,0,1.0,3,8,715000.0
1630,3,2.25,23,0,2.0,3,7,265000.0
2460,3,2.75,11,0,2.0,3,9,646000.0
1030,3,1.0,60,0,1.0,3,7,175000.0
3410,3,2.5,41,0,1.0,4,10,649000.0
2310,3,2.75,75,0,1.0,4,7,785000.0
2610,4,2.75,94,0,1.0,5,8,890000.0
2330,3,3.0,16,0,1.0,3,9,612000.0
2980,4,2.5,11,0,2.0,3,8,330000.0
1790,3,2.25,36,0,1.0,3,8,493000.0
2940,4,2.25,58,0,1.0,3,9,1600000.0
3900,4,3.0,42,0,1.0,5,10,1620000.0
3900,4,3.0,43,0,1.0,5,10,1650000.0
1750,3,2.5,114,0,2.5,3,7,499000.0
2660,6,2.75,52,0,1.0,5,8,603500.0
1580,2,1.5,73,0,1.0,3,8,530000.0
2350,5,2.5,53,0,1.0,4,8,895000.0
2510,4,2.25,42,0,1.0,4,7,267345.0
1480,3,2.5,27,0,2.0,3,8,275000.0
1720,3,1.75,65,0,1.0,3,7,439950.0
1470,3,2.25,29,0,2.0,4,7,455000.0
1540,3,1.75,71,0,1.0,3,7,630000.0
2820,3,2.5,10,0,2.0,3,9,690000.0
1250,4,1.75,43,0,1.0,4,7,212000.0
2080,4,2.25,29,0,1.0,4,7,231500.0
5180,4,3.25,24,0,2.0,4,10,1237500.0
2860,3,2.5,24,0,2.0,4,9,378500.0
2710,4,2.5,25,0,2.0,3,9,482000.0
1140,2,1.0,91,0,1.0,3,7,695000.0
4070,4,2.5,25,0,2.0,3,10,965000.0
1710,3,1.75,74,0,1.0,4,8,675000.0
1340,3,1.5,42,0,1.0,3,7,387000.0
2290,4,2.75,38,0,2.0,3,8,347500.0
1860,3,2.0,92,0,1.0,3,8,385000.0
1080,3,1.0,64,0,1.0,3,6,265000.0
960,3,1.0,62,0,1.0,3,7,406000.0
980,2,1.5,92,0,2.0,3,7,134000.0
1500,3,1.0,88,0,2.0,5,7,415000.0
1440,3,1.75,41,0,1.0,3,7,375000.0
2580,4,2.5,21,0,2.0,3,8,620000.0
2070,5,2.5,15,0,2.0,3,7,337500.0
1880,3,2.5,47,0,1.0,4,7,565000.0
2420,3,1.75,103,0,2.0,3,7,399500.0
1890,2,1.75,27,0,2.0,3,8,1065000.0
1920,3,2.0,22,0,1.0,3,8,352500.0
1870,3,2.0,28,0,1.0,3,7,259000.0
900,2,1.0,44,0,1.0,3,7,320000.0
2160,3,2.5,25,0,2.0,4,9,733000.0
900,2,1.0,90,0,1.0,5,7,381500.0
1180,2,1.0,57,0,1.0,4,7,343000.0
900,2,1.0,76,0,1.0,5,6,205500.0
1600,3,2.0,47,0,1.0,5,7,525000.0
1500,3,1.75,72,0,1.0,5,6,300000.0
1070,2,1.0,72,0,1.0,3,6,299000.0
2570,4,2.5,24,0,2.0,3,8,561000.0
1210,3,1.0,87,0,1.5,3,7,450000.0
1850,4,2.5,29,0,2.0,3,8,540000.0
1740,3,2.5,22,0,2.0,3,8,379000.0
1300,3,1.0,56,0,1.0,4,7,230000.0
2000,3,2.5,26,0,2.0,4,8,399950.0
3220,5,2.5,13,0,2.0,3,8,355000.0
2160,4,2.25,45,0,1.0,3,8,580000.0
2130,3,2.0,93,0,1.5,4,7,700000.0
1580,3,1.75,52,0,1.0,4,7,279900.0
1200,3,1.0,109,0,1.0,3,6,210000.0
3790,3,3.0,25,0,2.0,3,10,1165000.0
860,2,1.0,83,0,1.0,4,6,290300.0
5130,5,4.5,18,0,2.0,3,11,1599950.0
1600,3,1.0,76,0,1.5,3,7,490000.0
2110,4,2.5,27,0,2.0,3,9,606000.0
1400,3,1.0,71,0,1.0,3,6,359950.0
2110,3,2.0,22,0,1.0,3,10,677100.0
1430,3,2.0,31,0,1.0,4,7,465000.0
3040,3,2.0,37,0,1.0,4,8,500000.0
980,2,1.0,65,0,1.0,4,7,455000.0
2570,6,2.0,103,0,1.5,4,7,705000.0
2060,3,2.5,47,0,1.0,4,8,420000.0
1300,3,1.0,46,0,1.0,3,7,169575.0
1300,3,1.0,47,0,1.0,3,7,250000.0
1680,3,2.25,42,0,1.0,5,7,530000.0
4020,5,3.25,45,0,1.0,5,8,590000.0
1530,3,1.75,35,0,1.0,3,7,257500.0
1170,3,1.0,57,0,1.0,3,8,415000.0
1580,3,1.75,69,0,1.5,3,7,536000.0
1270,3,1.5,50,0,1.0,4,7,246500.0
1480,3,1.75,39,0,1.0,3,8,395000.0
2220,3,2.25,41,0,1.0,4,8,739000.0
3200,4,2.75,30,0,2.0,3,11,1272000.0
910,3,1.0,46,0,1.0,4,7,190000.0
1480,3,1.5,53,0,1.0,3,7,305000.0
3770,4,4.25,32,0,2.0,4,8,925000.0
3500,4,3.0,37,0,2.0,3,10,895000.0
1480,3,1.75,71,0,1.5,3,8,656000.0
1660,4,1.0,69,0,1.5,3,7,560000.0
2520,5,2.25,37,0,2.0,3,9,610000.0
2850,4,2.5,27,0,2.0,3,9,645000.0
2153,3,2.5,8,0,2.0,3,8,259000.0
3780,4,2.5,24,0,2.0,3,10,980000.0
3770,4,4.0,47,0,1.0,4,9,872000.0
3600,6,2.75,37,0,1.0,4,9,1000000.0
2980,3,2.75,73,0,1.5,3,8,900000.0
2320,4,1.5,100,0,1.5,4,7,475000.0
2980,5,2.75,40,0,1.0,4,8,350000.0
2930,4,1.75,67,0,1.0,3,9,840000.0
2040,4,2.5,51,0,1.0,3,8,500000.0
1510,3,1.5,61,0,1.0,3,7,202500.0
2660,4,2.5,26,0,2.0,3,8,523000.0
1740,3,2.5,25,0,2.0,3,7,225000.0
2240,3,2.25,35,0,1.0,3,7,418200.0
1570,4,1.75,55,0,1.0,3,7,356500.0
2500,4,3.0,88,0,1.5,4,7,670000.0
1750,3,2.25,52,0,1.0,5,7,456150.0
3030,4,2.5,16,0,2.0,3,8,471000.0
1680,3,2.5,7,0,3.0,3,8,558000.0
5740,6,4.5,15,0,2.0,3,11,1380000.0
1220,3,1.0,53,0,1.0,5,7,161500.0
1310,3,1.0,52,0,1.5,3,7,311000.0
2490,6,1.75,49,0,1.5,4,8,470000.0
2220,3,3.25,85,0,1.5,5,8,569000.0
2240,4,2.5,26,0,2.0,3,9,689000.0
1890,3,1.75,35,0,1.0,3,7,271900.0
1850,4,2.5,23,0,2.0,3,7,278000.0
2210,2,2.5,83,0,2.0,4,8,820000.0
1410,3,1.75,48,0,1.0,4,7,399500.0
1890,3,2.75,35,0,2.0,4,9,462000.0
1830,3,1.0,38,0,1.0,3,7,347500.0
1440,2,0.75,100,0,1.0,3,7,562100.0
950,2,1.0,56,0,1.0,3,6,230000.0
2370,4,2.5,48,0,2.0,5,8,687000.0
3070,4,2.5,14,0,2.0,3,10,725786.0
1300,3,1.0,46,0,1.0,4,7,315500.0
1300,4,2.0,64,0,1.0,3,7,312000.0
1210,3,3.25,12,0,2.0,3,8,343000.0
2240,4,2.25,33,0,1.0,4,8,415000.0
3600,3,1.75,66,0,2.0,4,6,461000.0
1960,4,2.5,12,0,2.0,3,7,369990.0
1820,4,2.5,15,0,2.0,3,7,349950.0
1960,3,2.25,49,0,1.0,3,8,285750.0
1750,4,2.25,43,0,1.0,3,8,542500.0
3700,5,3.5,3,0,2.0,3,9,830000.0
2910,4,2.5,38,0,2.0,4,8,705000.0
1270,2,1.0,65,0,1.0,3,8,615000.0
720,2,1.0,75,0,1.0,3,6,184500.0
1040,2,1.0,113,0,1.0,3,7,412000.0
2210,3,1.5,80,0,1.5,3,7,250000.0
2060,5,2.0,111,0,2.0,3,7,580000.0
780,2,1.0,92,0,1.0,5,6,220000.0
2240,4,2.75,38,0,1.0,4,8,675000.0
800,2,1.0,96,0,1.0,3,7,373500.0
2440,2,1.5,105,0,2.0,3,7,662700.0
1460,5,1.0,73,0,2.0,4,6,239950.0
1150,3,1.0,57,0,1.0,4,7,383000.0
2650,3,2.75,40,0,1.0,4,7,485000.0
2600,4,2.75,38,0,1.0,5,8,610000.0
1820,6,1.75,60,0,1.0,3,7,545000.0
2560,2,2.5,113,0,2.0,5,8,780000.0
1714,3,2.5,10,0,2.0,3,8,305000.0
1330,3,1.0,30,0,1.0,3,7,405000.0
7350,5,3.5,13,0,2.0,3,11,1110000.0
2050,3,1.75,56,0,2.0,4,6,273000.0
1810,3,1.0,44,0,2.0,3,7,326500.0
1380,3,1.75,34,0,1.0,5,7,365000.0
3070,3,2.75,28,0,2.0,3,10,1000750.0
800,2,1.0,75,0,1.0,3,7,422500.0
2140,4,2.75,22,0,2.0,3,8,354450.0
1330,3,1.0,43,0,1.0,4,7,320000.0
1030,3,1.0,53,0,1.0,3,7,223000.0
1740,3,2.5,6,0,2.0,3,7,410000.0
1200,3,1.0,91,0,1.5,4,6,438000.0
1490,3,3.0,21,0,2.0,3,7,390000.0
1890,4,2.5,11,0,2.0,3,7,298500.0
3060,5,2.25,25,0,2.0,3,10,749999.0
3250,6,2.5,48,0,1.0,3,8,779000.0
2730,3,2.75,37,0,2.0,3,8,570000.0
810,3,1.0,97,0,1.0,3,6,385000.0
2240,4,2.0,53,0,1.0,5,8,649000.0
1740,3,1.0,67,0,1.0,3,7,283000.0
2380,4,2.25,53,0,1.0,3,7,699900.0
1540,4,1.0,44,0,1.0,3,7,278500.0
2340,4,1.75,39,0,1.0,3,8,700000.0
2710,4,2.75,19,0,2.0,3,9,535000.0
1310,3,1.75,60,0,1.0,3,7,234500.0
1390,3,1.75,41,0,1.0,4,7,374150.0
2201,4,2.5,9,0,2.0,3,8,397000.0
1960,3,2.25,26,0,1.0,3,8,613000.0
2850,3,2.5,60,0,1.0,4,8,1150000.0
1880,4,1.75,91,0,1.0,3,7,595000.0
2440,5,2.75,11,0,2.0,3,8,340000.0
2560,4,2.5,10,0,2.0,3,9,388000.0
1410,3,1.75,64,0,1.0,3,7,404000.0
2870,3,2.0,68,0,1.5,4,8,810000.0
2620,4,2.5,28,0,2.0,3,9,405000.0
2970,5,3.0,14,0,2.0,3,9,726000.0
1780,3,2.5,28,0,1.0,4,7,266000.0
3700,5,2.25,44,0,1.0,5,8,722500.0
1252,4,2.5,19,0,1.0,3,8,352000.0
1240,4,1.5,54,0,1.0,4,7,265000.0
2160,3,2.5,1,0,2.0,3,9,856000.0
2040,3,2.5,8,0,2.0,4,8,346950.0
3130,5,3.5,0,0,2.0,3,9,866059.0
2350,3,2.5,11,0,2.0,3,7,410000.0
1570,3,1.75,32,0,2.0,3,7,370000.0
1530,3,1.0,95,0,1.5,4,7,230000.0
1520,2,2.0,15,0,1.0,3,7,400000.0
1350,3,1.0,56,0,1.0,4,7,172000.0
1950,3,1.75,52,0,1.0,4,8,615000.0
3950,4,3.5,17,0,2.0,3,10,860000.0
2040,3,1.75,56,0,1.0,5,7,555000.0
1990,3,2.5,88,0,1.5,5,8,579000.0
1300,3,1.75,46,0,1.0,3,7,385000.0
2030,4,2.25,38,0,2.0,3,7,420000.0
2340,3,1.75,100,0,1.5,5,7,645000.0
2160,3,2.5,19,0,2.0,3,8,549950.0
2770,3,2.75,52,0,1.0,5,8,678000.0
2030,4,2.0,64,0,2.0,3,7,199000.0
1440,3,1.0,58,0,1.0,4,7,604000.0
1730,5,1.75,52,0,1.0,5,7,268000.0
4510,5,3.5,11,0,2.0,3,10,960000.0
2100,3,2.5,35,0,1.0,4,7,509250.0
1800,3,2.5,27,0,2.0,3,8,416000.0
1090,3,1.0,47,0,1.0,3,7,190000.0
1010,3,1.5,42,0,1.0,4,7,212000.0
2040,3,2.5,29,0,2.0,3,8,325900.0
2270,3,3.5,18,0,2.0,3,8,560000.0
1730,3,2.5,27,0,2.0,4,7,275000.0
2480,4,2.5,21,0,2.0,3,8,665000.0
3480,4,3.5,88,0,2.0,3,9,1505000.0
1720,4,2.0,84,0,1.0,3,7,375000.0
1570,3,1.75,35,0,1.0,3,7,359950.0
3527,4,2.75,10,0,2.0,3,7,340000.0
840,2,1.0,66,0,1.0,4,7,401000.0
1950,2,1.75,62,0,1.0,4,6,669000.0
1980,4,2.5,11,0,2.0,3,8,638500.0
1620,2,1.5,91,0,2.0,5,7,545000.0
1980,4,1.0,41,0,1.0,3,7,524000.0
3530,5,3.75,1,0,2.0,3,10,1610000.0
1260,2,1.0,67,0,1.0,3,6,280000.0
2120,4,2.5,35,0,1.0,4,8,828000.0
1360,3,1.75,30,0,1.0,4,7,223000.0
3100,4,3.5,34,0,2.0,3,9,1289000.0
2370,2,2.0,45,0,1.0,3,7,750000.0
1460,2,1.0,68,0,1.0,3,7,430000.0
1980,4,1.75,66,0,1.0,5,6,711000.0
1930,4,2.5,20,0,2.0,3,8,310000.0
3700,5,1.75,57,0,1.0,3,8,415000.0
1970,4,2.5,27,0,2.0,3,7,274900.0
2470,3,3.0,34,0,2.0,4,8,525000.0
1180,3,1.0,62,0,1.0,3,7,179500.0
1280,3,1.0,104,0,1.5,3,8,478000.0
1380,3,1.75,33,0,1.0,3,7,195000.0
2740,4,3.0,35,0,1.0,3,8,385000.0
2020,3,2.75,45,0,1.0,3,7,401000.0
2835,4,2.5,12,0,2.0,3,8,522000.0
1520,4,1.75,47,0,1.0,4,7,330000.0
2190,3,2.5,15,0,2.0,3,9,503000.0
1680,5,1.75,36,0,1.0,4,7,175000.0
3915,4,3.5,1,0,2.0,3,9,963990.0
1720,5,2.0,63,0,1.0,4,8,845000.0
670,2,1.0,110,0,1.0,3,5,157500.0
1790,2,3.0,13,0,2.0,3,7,450000.0
2440,4,1.75,64,0,1.0,3,8,925000.0
920,2,1.0,77,0,1.0,4,7,600000.0
1680,4,1.0,103,0,1.5,3,7,709000.0
3290,5,3.75,76,0,2.0,5,10,1385000.0
2120,3,2.5,30,0,1.0,3,7,248000.0
910,3,1.0,103,0,1.0,4,6,245000.0
1000,2,1.0,72,0,1.0,4,6,332000.0
2340,3,2.5,13,0,2.0,3,7,459950.0
1180,3,2.0,21,0,2.0,3,8,425000.0
2080,3,2.25,35,0,1.0,3,8,460000.0
3760,6,2.5,47,0,1.0,3,9,838300.0
1480,3,2.5,19,0,2.0,5,7,256000.0
3060,3,2.75,31,0,2.0,3,10,864000.0
3070,4,3.5,93,0,2.0,3,9,900000.0
1170,3,1.0,57,0,1.0,3,6,145600.0
2900,5,3.0,37,0,1.0,5,8,865000.0
2210,3,2.25,45,0,2.0,4,8,250250.0
1440,4,2.0,71,0,1.0,4,5,162000.0
1980,4,1.75,41,0,1.0,3,7,450000.0
2060,4,2.75,37,0,1.0,2,8,675500.0
2420,3,2.25,67,0,1.5,5,7,697000.0
3440,3,3.25,9,0,2.0,3,9,1324050.0
1600,3,1.75,30,0,1.0,3,8,490000.0
2210,3,2.25,63,0,1.0,3,8,590000.0
2250,4,1.75,58,0,1.0,3,8,280000.0
1680,2,1.0,73,0,1.0,4,7,515000.0
1140,3,1.0,105,0,1.0,4,7,576000.0
1430,3,1.75,33,0,2.0,3,7,375000.0
1440,3,1.0,35,0,1.0,4,7,478000.0
1670,3,1.0,38,0,1.0,5,7,282000.0
3080,4,4.5,38,0,2.0,3,8,1400000.0
4300,5,3.25,43,0,2.0,3,8,593500.0
3010,4,3.5,10,0,2.0,3,9,724950.0
1560,3,1.75,48,0,1.0,4,8,306000.0
1920,4,1.75,39,0,1.0,4,8,341000.0
1400,3,2.5,84,0,1.0,3,7,399950.0
2280,5,2.0,22,0,2.0,3,7,534000.0
3880,6,2.5,11,0,2.0,3,7,635000.0
1350,2,1.0,88,0,1.0,3,6,350000.0
1480,3,1.5,87,0,1.5,3,7,856000.0
1670,4,3.0,14,0,3.0,3,8,582000.0
3400,4,2.5,10,0,2.0,3,9,799000.0
2070,3,2.5,15,0,2.0,3,8,423700.0
4870,4,3.5,20,0,2.0,3,12,1835000.0
1760,3,2.0,26,0,1.0,3,7,322000.0
4030,4,3.25,12,0,2.0,3,9,929000.0
1130,2,1.0,75,0,1.0,3,7,443000.0
1510,3,1.75,47,0,1.0,3,7,441500.0
3110,4,3.5,35,0,2.0,4,8,875000.0
740,2,1.0,68,0,1.0,4,7,450000.0
1630,3,2.25,40,0,1.0,3,7,425000.0
2780,4,1.75,36,0,2.0,4,10,660000.0
1990,3,1.75,75,0,1.0,4,7,763101.0
2250,4,2.75,23,0,2.0,3,9,499000.0
1720,3,1.75,41,0,1.0,4,8,521000.0
900,2,1.0,89,0,1.0,5,6,302000.0
2360,4,2.25,17,0,2.0,3,7,293000.0
1530,3,2.25,3,0,2.0,3,7,335000.0
1450,2,1.0,95,0,2.0,3,7,499000.0
2040,3,1.75,91,0,1.5,3,7,600000.0
2620,4,1.75,52,0,1.5,4,9,720000.0
1180,2,2.0,10,0,2.0,3,6,195000.0
1110,3,1.0,62,0,1.0,3,7,249000.0
1840,3,2.25,26,0,2.0,3,7,334000.0
2720,4,1.75,62,0,1.0,3,8,599950.0
1090,2,1.75,33,0,1.0,4,8,149900.0
1730,4,1.75,69,0,1.0,3,7,700000.0
1170,4,1.5,54,0,1.0,4,6,525000.0
4740,4,3.75,23,0,2.0,4,10,1049000.0
1960,3,2.5,37,0,1.0,4,7,402000.0
1430,3,2.0,67,0,1.0,3,7,450000.0
2510,3,2.25,33,0,2.0,3,8,520000.0
1420,3,1.75,34,0,1.0,5,7,205000.0
2680,3,2.25,10,0,1.0,3,9,635000.0
1220,3,1.0,57,0,1.0,5,7,210500.0
1070,2,1.0,74,0,1.0,3,6,406650.0
1580,3,1.75,47,0,1.0,4,7,350000.0
1820,4,1.75,73,0,1.0,3,7,425000.0
3590,3,3.5,15,0,2.0,3,10,798000.0
1960,3,1.0,106,0,2.0,2,5,180000.0
3160,5,3.25,42,0,2.0,5,8,1250000.0
2030,4,2.0,90,0,2.0,4,7,435000.0
1240,3,1.5,52,0,1.0,3,7,355000.0
5370,5,3.25,97,0,2.0,3,10,3000000.0
2670,5,2.5,56,0,2.0,5,9,685000.0
1640,3,1.0,54,0,1.0,4,7,311000.0
2130,4,2.25,48,0,1.0,4,7,305000.0
2550,3,2.5,90,0,1.5,4,7,675000.0
3630,4,2.75,46,0,1.0,4,8,769000.0
1690,3,1.5,60,0,1.5,5,7,430000.0
2390,6,2.0,89,0,1.5,4,7,516250.0
2350,3,3.5,74,0,1.0,5,7,760000.0
1420,3,3.5,11,0,2.0,3,8,579950.0
1570,3,2.25,35,0,1.0,4,8,476000.0
1600,3,1.75,47,0,1.0,4,7,510000.0
720,2,1.0,59,0,1.0,3,6,205000.0
1470,3,1.0,45,0,1.0,3,7,240000.0
2790,5,3.5,23,0,2.0,3,10,738000.0
1720,3,1.75,74,0,1.0,5,6,420000.0
1300,3,1.75,45,0,1.0,4,7,455000.0
2520,4,1.0,102,0,1.5,5,8,765000.0
1780,4,1.5,52,0,1.5,4,7,372000.0
1200,3,1.0,66,0,1.0,2,6,160000.0
2990,4,2.5,11,0,2.0,3,9,772000.0
1910,5,1.75,108,0,2.0,4,9,1125000.0
1370,3,1.0,90,0,1.5,3,7,479000.0
1910,3,2.5,16,0,2.0,3,8,570000.0
1170,4,1.0,55,0,1.5,3,6,350000.0
1250,3,2.5,10,0,3.0,3,8,353000.0
3340,5,2.5,12,0,2.0,3,10,699000.0
1380,3,2.0,59,0,2.0,4,7,265000.0
780,1,1.0,26,0,1.5,3,6,167000.0
2080,4,2.25,50,0,1.0,3,8,500000.0
1410,3,1.0,113,0,2.0,4,6,700000.0
520,1,1.0,96,0,1.0,3,6,295000.0
3500,4,3.5,11,0,2.0,3,9,1010000.0
840,2,1.0,46,0,1.0,5,6,209000.0
2240,3,1.75,47,0,1.0,4,7,276000.0
2100,4,2.5,13,0,2.0,3,8,380000.0
1750,3,1.5,60,0,1.0,3,7,315000.0
3130,4,2.5,19,0,2.0,3,9,685530.0
1470,3,2.0,46,0,1.0,4,7,254600.0
1440,3,2.0,72,0,1.0,4,6,230000.0
1430,3,3.0,11,0,3.0,3,8,335000.0
2170,4,2.5,34,0,1.0,3,7,550000.0
1150,3,1.0,58,0,1.5,4,7,123300.0
2170,4,2.75,48,0,1.5,3,7,275436.0
2630,4,3.5,30,0,1.5,3,7,325000.0
2490,4,2.5,17,0,2.0,3,9,635000.0
1710,3,1.75,71,0,1.0,4,7,513000.0
2130,4,2.5,34,0,1.0,3,8,580000.0
940,3,1.0,61,0,1.0,3,7,225000.0
1400,3,1.0,53,0,1.0,3,7,265000.0
1630,4,1.75,36,0,1.0,3,7,313000.0
1370,2,1.0,67,0,1.0,3,7,296000.0
2380,4,2.75,57,0,1.0,3,8,655500.0
2140,5,1.75,63,0,1.0,4,8,250750.0
1970,4,2.5,10,0,2.0,3,8,438000.0
2550,3,2.75,47,0,2.0,4,8,590000.0
1080,3,1.0,67,0,1.0,4,7,329500.0
3070,3,2.25,28,0,2.0,3,10,1195000.0
1470,2,1.0,71,0,1.0,3,6,415000.0
3620,4,2.5,30,0,2.0,3,10,900000.0
1050,3,1.5,40,0,1.0,3,7,378000.0
1050,2,1.0,109,0,1.0,5,6,474000.0
1320,3,1.0,114,0,2.0,3,7,464000.0
1210,3,1.0,58,0,1.0,4,7,310000.0
1860,3,1.5,62,0,2.0,5,7,580000.0
2830,3,2.75,52,1,1.0,4,8,999000.0
810,2,1.0,73,0,1.0,5,6,510000.0
1630,3,1.5,74,0,1.0,3,7,650000.0
880,3,1.0,36,0,1.0,4,7,196000.0
1660,4,1.75,62,0,1.0,3,6,220000.0
3440,3,2.25,29,0,2.0,3,10,855000.0
2110,3,1.75,36,0,1.0,4,8,483000.0
1060,3,1.0,63,0,1.0,3,7,400000.0
1900,3,2.5,21,0,2.0,3,8,435000.0
820,1,1.0,7,0,1.0,3,8,219500.0
4860,4,3.5,18,0,2.0,3,12,2950000.0
2050,3,2.5,6,0,3.0,3,7,427000.0
1090,2,1.5,114,0,1.5,3,7,430000.0
1090,2,1.5,115,0,1.5,3,7,685000.0
1920,2,1.5,77,0,1.0,3,7,495000.0
1870,3,2.5,24,0,2.0,3,7,299950.0
2690,4,1.75,74,0,1.5,3,7,390000.0
2160,3,1.75,86,0,1.5,4,7,385000.0
3000,4,2.5,19,0,2.0,3,9,740000.0
2290,4,3.0,90,0,2.0,3,9,991700.0
2250,3,2.75,105,0,2.5,4,9,765000.0
2130,4,2.25,53,0,2.0,4,8,802000.0
2500,4,2.75,45,0,1.0,4,8,950000.0
2300,4,2.5,26,0,2.0,3,7,392000.0
3360,3,2.5,25,0,1.0,3,8,590000.0
1920,4,2.5,26,0,2.0,2,7,425000.0
2440,5,1.75,70,0,1.5,4,8,765000.0
1440,3,2.25,31,0,2.0,4,7,313500.0
1780,3,1.0,67,0,2.0,4,6,320000.0
1490,4,1.75,55,0,1.0,3,8,604000.0
1400,3,2.0,11,0,2.0,3,8,570000.0
2150,4,2.5,32,0,2.0,4,8,639000.0
1910,4,2.0,51,0,1.0,4,7,335000.0
2660,4,1.75,97,0,2.0,4,8,896000.0
1650,3,1.75,57,0,1.0,3,7,259500.0
1980,3,2.0,56,0,1.0,4,7,637000.0
2690,4,2.75,35,0,1.0,3,8,307450.0
1380,3,1.75,89,0,1.0,4,7,535000.0
2500,4,2.25,74,0,1.5,4,7,669500.0
1590,3,1.75,62,0,1.0,3,7,259000.0
1100,4,1.5,95,0,1.0,1,7,441000.0
1470,4,2.5,12,0,2.0,3,7,228800.0
1680,2,2.0,8,0,1.0,3,8,530000.0
1450,2,2.0,90,0,1.0,4,6,524000.0
2020,4,2.25,89,0,1.5,5,8,430000.0
2470,4,3.25,108,0,1.5,5,9,1325000.0
1230,3,1.0,45,0,1.0,3,7,210000.0
1850,4,2.5,84,0,1.0,3,7,449000.0
2540,2,2.5,10,0,2.0,3,9,945000.0
970,3,1.0,58,0,1.0,3,6,200450.0
1070,3,1.5,30,0,1.0,3,6,219950.0
2620,4,3.0,58,0,1.0,4,8,659500.0
2110,4,2.75,48,0,1.5,5,8,746000.0
2110,3,1.75,33,0,1.0,3,8,540000.0
1910,5,2.0,46,0,1.0,3,7,485000.0
670,2,1.0,73,0,1.0,3,6,202000.0
6930,4,5.5,64,0,1.0,4,11,2525000.0
2010,3,2.75,36,0,1.0,3,8,502000.0
1770,2,2.75,12,0,1.0,3,8,279000.0
1340,3,1.0,93,0,1.0,4,7,409500.0
1660,3,2.0,31,0,1.0,3,7,453000.0
1820,4,1.0,68,0,1.5,3,6,367000.0
2510,3,2.5,22,0,2.0,3,9,550000.0
1560,3,1.5,53,0,1.0,3,7,273500.0
2280,4,3.0,36,0,1.0,3,7,505000.0
2650,3,2.5,20,0,2.0,3,9,770000.0
2470,4,2.25,30,0,2.0,3,8,565000.0
1270,3,0.75,43,0,1.0,5,7,316000.0
1520,4,1.0,54,0,1.5,3,7,160000.0
1310,3,1.0,58,0,1.0,3,7,170000.0
1310,3,1.0,59,0,1.0,3,7,235000.0
3930,4,3.5,15,0,2.0,3,12,1799000.0
990,3,1.0,47,0,1.0,3,7,310000.0
2080,4,1.75,59,0,1.0,4,7,285000.0
960,2,1.0,72,0,1.0,3,6,280000.0
4070,4,4.25,11,0,2.0,3,10,2298000.0
2750,4,2.5,25,0,2.0,3,9,763776.0
3230,5,2.75,50,0,1.0,3,8,530000.0
890,1,1.0,19,0,1.5,3,7,362000.0
990,2,1.0,83,0,1.0,3,6,430000.0
1290,3,1.0,95,0,1.5,4,7,456500.0
2170,4,2.5,25,0,2.0,3,7,445000.0
1330,3,1.0,52,0,1.0,3,7,386900.0
1340,3,1.0,59,0,1.0,4,7,479000.0
2200,3,2.5,15,0,2.0,3,8,525000.0
2520,4,1.75,36,0,1.0,3,7,272000.0
1180,4,1.0,65,0,1.5,3,7,517000.0
2660,3,1.75,64,0,1.0,4,8,615000.0
1250,3,1.75,49,0,1.0,3,7,439000.0
2270,3,2.5,26,0,1.0,4,10,716000.0
1080,2,1.0,72,0,1.0,4,7,308000.0
1620,3,2.25,88,0,2.0,4,8,800000.0
940,3,2.0,74,0,1.0,3,7,575000.0
1620,3,1.5,47,0,1.0,4,7,219950.0
2350,4,2.5,27,0,2.0,4,8,770000.0
2090,3,1.75,47,0,1.0,3,7,424950.0
1760,3,2.25,31,0,2.0,3,7,387000.0
2050,4,1.75,40,0,1.0,3,8,790000.0
600,2,1.0,82,0,1.0,3,5,156000.0
2540,2,1.0,72,0,1.0,5,8,580000.0
2090,4,2.25,44,0,2.0,3,8,490000.0
2700,5,3.25,88,0,2.0,3,9,950000.0
1410,2,2.5,7,0,2.0,3,8,400000.0
1170,2,2.5,7,0,2.0,3,8,325000.0
2540,4,2.5,12,0,2.0,3,9,365000.0
2190,3,1.75,95,0,1.5,4,7,255000.0
3890,5,3.5,31,0,2.0,3,9,985000.0
2030,4,2.5,48,0,1.0,3,7,595000.0
1350,3,1.0,70,0,1.0,5,7,427500.0
1940,3,1.5,99,0,1.5,3,8,728000.0
1260,2,1.0,74,0,1.0,3,7,549950.0
2800,3,2.0,60,0,1.0,3,7,650000.0
3080,5,3.25,47,0,1.0,4,9,1125000.0
840,3,1.0,46,0,1.0,5,6,203000.0
860,2,1.0,111,0,1.0,5,6,311000.0
2400,6,2.0,83,0,1.0,3,6,387500.0
1640,4,2.0,52,0,1.0,3,7,370000.0
1060,2,1.0,63,0,1.0,3,6,228000.0
2080,2,1.75,91,0,1.0,5,7,740000.0
2090,4,2.0,40,0,1.0,3,7,200000.0
1240,3,1.0,87,0,1.0,4,7,660000.0
2030,4,2.0,70,0,2.0,3,7,275000.0
1120,2,1.0,77,0,1.0,3,7,708000.0
1270,3,2.5,21,0,2.0,3,8,280000.0
2260,4,2.5,13,0,2.0,3,8,325000.0
1780,3,2.5,19,0,2.0,3,7,495000.0
1780,2,2.0,92,0,1.5,3,7,691000.0
4080,4,2.5,31,0,2.0,4,11,2288000.0
2120,3,2.5,36,0,1.0,5,7,329500.0
2060,3,2.5,25,0,2.0,3,9,348000.0
1670,2,1.0,67,0,1.0,4,7,425000.0
1080,3,1.0,72,0,1.0,3,6,210000.0
1210,2,1.0,63,0,1.0,3,6,285000.0
990,3,1.0,49,0,1.0,3,6,222000.0
1720,4,2.5,53,0,1.0,3,7,200000.0
1530,3,2.0,19,0,1.0,3,7,247500.0
6550,4,5.5,8,0,1.0,3,11,1500000.0
1100,3,1.75,72,0,1.0,3,6,190000.0
3020,4,2.5,93,0,1.5,4,9,975000.0
3180,4,3.0,89,0,2.0,4,9,1130000.0
1830,4,1.75,57,0,1.0,4,8,283200.0
2540,3,2.5,77,0,1.0,4,8,650000.0
1770,3,2.0,60,0,1.0,4,7,449500.0
1470,3,1.75,27,0,1.0,3,7,400000.0
570,1,1.0,73,0,1.0,3,5,89950.0
960,3,1.0,64,0,1.0,3,6,158800.0
2940,4,3.0,3,0,2.0,3,9,870000.0
1000,3,1.5,26,0,1.0,3,6,196000.0
2450,3,1.75,74,0,1.0,5,8,850000.0
3310,4,2.5,9,0,2.0,3,9,775000.0
1670,3,2.5,13,0,2.0,3,8,483500.0
1620,3,1.5,25,0,2.0,3,7,387000.0
2990,3,3.0,64,0,2.0,3,10,900000.0
1240,3,1.5,51,0,1.0,3,7,336000.0
670,2,1.0,66,0,1.0,5,6,415000.0
1320,3,1.5,105,0,1.0,3,6,350000.0
6110,4,5.25,9,0,2.0,3,11,1320000.0
2440,3,1.75,69,0,1.0,4,8,765000.0
2900,4,2.5,1,0,2.0,3,8,527000.0
2310,4,2.75,106,0,1.5,5,8,524000.0
1110,2,1.0,77,0,1.0,3,6,448000.0
4100,4,3.25,33,0,2.0,3,9,775000.0
930,3,1.0,105,0,1.5,4,5,176500.0
2420,4,2.25,63,0,1.0,4,8,750000.0
2870,4,2.25,63,0,1.0,5,8,1265000.0
1480,3,1.0,57,0,1.0,3,7,250000.0
1960,3,2.75,114,0,1.5,5,8,759000.0
1470,3,2.0,88,0,1.5,4,7,640000.0
2460,3,3.25,105,0,2.0,5,8,990000.0
1960,4,1.75,68,0,1.0,4,7,395000.0
1160,2,1.5,9,0,2.0,3,7,275000.0
1910,3,2.5,18,0,2.0,3,8,390000.0
2720,5,2.75,102,0,1.5,4,8,752500.0
1020,2,1.0,109,0,1.5,4,6,450000.0
900,2,1.0,105,0,1.0,4,7,473000.0
1120,3,1.75,42,0,1.0,3,7,178500.0
2340,3,2.5,29,0,1.0,3,8,485000.0
1410,3,1.5,33,0,1.0,4,7,215000.0
1920,4,1.75,95,0,1.0,5,7,589000.0
1370,4,1.75,97,0,1.0,3,6,325000.0
1590,3,2.5,10,0,2.5,3,8,580000.0
1850,4,1.75,60,0,1.0,3,7,181100.0
1430,3,2.0,107,0,1.0,4,7,345000.0
1940,3,1.75,55,0,1.0,3,8,781000.0
1270,4,1.0,111,0,1.5,3,7,402500.0
1380,3,1.5,67,0,1.0,3,7,426000.0
1720,3,2.5,9,0,2.0,3,7,389000.0
4050,6,3.0,44,0,2.0,4,8,670000.0
3660,4,3.25,105,0,2.5,3,10,1506000.0
1870,3,2.25,17,0,2.0,3,7,288400.0
2230,4,2.0,107,0,1.5,5,7,700000.0
2020,4,3.0,47,0,1.0,3,8,830000.0
3690,2,2.75,25,1,2.0,3,12,1899000.0
1450,2,1.0,47,0,1.0,3,7,350500.0
1630,3,1.75,59,0,1.0,4,7,431000.0
1840,3,2.5,56,0,1.0,3,8,485000.0
1620,3,1.5,65,0,1.0,4,8,780000.0
1840,2,1.5,57,0,1.0,3,8,720000.0
1360,3,1.0,44,0,1.0,3,7,415000.0
2080,4,1.0,73,0,1.0,3,7,480000.0
2550,4,2.25,35,0,1.0,4,7,452250.0
2550,3,2.5,30,0,2.0,3,8,316000.0
1160,2,1.0,69,1,1.0,3,6,700000.0
1760,4,2.0,89,0,1.0,3,7,285000.0
1720,3,1.75,108,0,1.0,5,7,575000.0
2300,3,2.25,54,0,1.0,4,8,590000.0
2500,4,1.75,59,0,1.0,3,8,587500.0
1750,4,2.25,46,0,1.5,4,8,364000.0
1890,3,2.5,28,0,2.0,3,8,490000.0
1800,3,2.25,36,0,1.0,4,8,410000.0
2160,3,2.5,15,0,2.0,3,9,520000.0
1380,3,1.0,67,0,1.0,4,7,389000.0
1180,2,1.0,104,0,1.0,3,7,450000.0
2550,3,2.5,8,0,2.0,3,7,325000.0
1070,2,1.0,91,0,1.0,3,7,660000.0
2870,3,2.25,19,0,2.0,3,10,850000.0
1940,3,2.5,24,0,2.0,3,7,285000.0
870,2,1.0,91,0,1.0,4,7,395000.0
1550,3,2.0,18,0,2.0,3,7,440000.0
1400,3,1.75,98,0,1.5,5,6,249000.0
1210,3,1.75,85,0,1.5,4,8,635000.0
3430,3,2.5,13,0,2.0,3,9,515000.0
3020,3,3.25,61,0,2.0,4,9,1400000.0
950,2,1.0,60,0,1.0,3,6,200000.0
3370,4,2.75,44,0,1.0,3,9,1135000.0
1460,4,1.0,68,0,1.0,3,6,445000.0
1740,3,1.5,94,0,1.5,4,7,555000.0
1720,4,2.0,64,0,1.0,4,7,537000.0
1480,3,1.75,47,0,1.0,4,7,315000.0
3320,5,2.5,15,0,2.0,3,9,805000.0
3490,4,2.5,45,0,1.5,4,8,414000.0
1160,2,1.5,12,0,2.0,3,7,375000.0
3010,4,1.75,63,0,1.0,3,8,401000.0
1030,3,1.0,48,0,1.0,3,7,210000.0
980,2,1.0,75,0,1.0,4,7,365000.0
1990,5,1.5,55,0,1.0,3,7,178000.0
1790,2,1.0,91,0,1.0,4,7,710000.0
810,2,1.0,86,0,1.0,1,6,255000.0
2940,5,2.25,37,0,1.0,3,8,528000.0
4883,4,4.25,9,0,2.0,3,10,537000.0
1360,4,1.5,59,0,1.0,3,7,442000.0
1370,3,1.75,37,0,1.0,3,7,375000.0
2120,4,2.5,9,0,2.0,3,9,637250.0
1240,3,1.75,73,0,1.0,5,7,427500.0
2770,4,2.5,11,0,2.0,3,8,700000.0
1660,3,1.75,106,0,1.0,4,7,680000.0
1170,2,2.0,73,0,1.0,3,7,393820.0
2470,4,2.75,74,0,1.0,5,7,525000.0
1310,2,1.75,86,0,1.0,2,7,505000.0
1670,3,2.0,55,0,1.0,4,7,555565.0
1660,3,1.75,72,0,1.0,4,7,650000.0
3500,5,3.25,9,0,2.0,3,8,632500.0
1440,3,2.5,9,0,2.0,3,7,269000.0
2360,4,2.75,36,0,1.0,3,7,405000.0
3460,3,3.5,28,0,2.0,3,10,845000.0
1750,3,1.0,53,0,1.0,4,7,234000.0
1470,4,1.75,69,0,1.5,4,7,638000.0
1710,3,1.75,47,0,1.0,3,7,290000.0
520,1,0.75,95,0,1.0,5,3,262000.0
2350,4,2.5,12,0,2.0,3,8,270000.0
2380,4,2.25,66,0,2.0,4,9,875000.0
1920,3,2.25,32,0,2.0,4,8,299000.0
1580,3,1.0,68,0,1.0,5,7,551000.0
3070,3,2.75,64,0,2.0,3,7,350000.0
2660,3,2.5,22,0,2.0,3,10,1901000.0
1700,2,1.75,99,0,1.0,3,6,511718.0
5010,4,3.25,36,0,2.0,5,9,965000.0
2680,4,2.25,15,0,2.0,3,7,475000.0
2720,4,2.75,87,0,1.5,5,8,1062000.0
940,2,1.0,88,0,1.0,4,6,252000.0
3596,6,2.5,51,0,1.0,5,8,580000.0
1240,2,2.25,6,0,2.0,3,8,374950.0
4660,5,4.0,35,0,2.0,4,9,739000.0
1710,4,1.75,39,0,1.0,5,7,271000.0
930,2,1.0,28,0,1.0,3,6,230000.0
1430,3,2.25,31,0,1.0,3,7,210000.0
1650,3,2.75,27,0,2.0,4,7,350000.0
1560,3,2.25,47,0,1.0,4,7,491500.0
1870,3,2.5,20,0,1.0,4,7,325000.0
1320,3,2.0,27,0,1.0,3,7,190000.0
1400,4,2.0,70,0,1.5,4,7,658600.0
1940,3,1.5,57,0,1.0,3,7,299950.0
2000,5,2.0,84,0,1.5,3,6,464000.0
1640,3,1.0,72,0,1.5,3,6,308000.0
1020,3,1.0,96,0,1.0,3,6,625000.0
1630,3,1.75,38,0,1.0,4,7,240000.0
2940,4,2.5,20,0,2.0,3,9,530000.0
2120,5,4.5,75,1,2.0,5,8,1000000.0
790,1,1.0,96,0,1.0,3,7,439000.0
2020,4,1.75,67,0,1.0,4,6,575000.0
1530,3,1.75,55,0,1.0,3,7,418000.0
3250,4,3.75,85,0,2.0,4,9,1208000.0
2930,4,3.75,89,0,1.5,5,9,1100000.0
3150,3,3.75,8,0,2.0,3,10,1900000.0
2180,3,2.5,29,0,2.0,3,9,580000.0
1040,2,1.0,76,0,1.0,5,7,380000.0
880,3,1.0,90,0,1.0,4,5,256000.0
1400,3,1.0,57,0,1.0,3,8,349950.0
2600,4,2.5,52,0,2.0,3,7,691500.0
1590,3,1.75,106,0,1.5,4,7,556000.0
1610,3,2.25,46,0,1.0,4,8,218000.0
1390,4,2.0,106,0,1.5,5,7,425000.0
3710,3,3.25,16,0,2.0,3,10,935000.0
2360,4,1.75,40,0,1.0,4,9,732000.0
1440,3,1.0,63,0,1.0,4,7,805500.0
1400,3,1.75,100,0,1.0,3,6,507250.0
4600,4,2.5,24,0,2.0,3,10,800000.0
2100,3,2.25,35,0,2.0,4,8,600000.0
2010,4,1.75,33,0,1.0,3,9,627800.0
2550,2,2.25,112,0,2.0,5,7,660000.0
1240,2,2.5,28,0,2.0,3,7,153503.0
2090,3,2.25,40,0,1.0,3,7,456500.0
2770,5,2.5,12,0,2.0,3,9,1306000.0
3560,3,2.5,17,0,2.0,3,11,843500.0
1240,3,1.0,89,0,1.0,3,7,625000.0
1640,2,1.75,93,0,1.0,3,7,527000.0
3940,5,3.75,64,0,1.5,4,9,1965000.0
3150,5,2.5,46,0,2.0,4,9,1003000.0
2550,4,3.0,107,0,2.0,3,8,855000.0
3940,4,3.25,14,0,2.0,3,9,725000.0
580,1,1.0,14,0,1.0,3,6,315000.0
1330,3,1.75,36,0,1.0,3,7,180000.0
930,2,1.0,89,0,1.0,3,7,700000.0
1060,3,1.0,52,0,2.0,4,7,476500.0
1180,3,1.5,54,0,1.0,3,7,193000.0
1850,4,2.5,24,0,2.0,3,7,295000.0
820,2,1.0,89,0,1.0,4,6,363000.0
3600,4,2.5,25,0,2.0,4,11,875000.0
1850,3,2.0,62,0,1.0,4,7,257200.0
2240,3,2.0,46,0,1.0,3,8,555000.0
1860,3,2.25,51,0,2.0,4,7,380000.0
2390,4,2.75,25,0,2.0,3,7,282000.0
2040,4,2.5,24,0,2.0,3,7,545000.0
1900,3,1.5,88,0,1.5,3,7,550000.0
1900,3,1.5,89,0,1.5,3,7,921500.0
2200,3,1.5,111,0,2.0,5,7,885000.0
2280,4,2.25,74,0,1.5,3,8,820000.0
1090,3,1.0,33,0,1.0,5,6,289000.0
670,1,1.0,73,0,1.0,3,7,334000.0
1050,3,1.0,108,0,1.0,5,5,206000.0
2090,3,2.25,56,0,1.0,3,7,491950.0
2030,3,2.5,11,0,2.0,3,8,430000.0
1250,3,2.0,34,0,1.0,4,7,208000.0
2600,4,2.25,36,0,1.0,3,8,245000.0
640,2,1.0,97,0,1.0,4,6,426000.0
2120,3,2.5,8,0,2.0,3,7,400000.0
1330,3,1.0,73,0,1.0,3,7,553000.0
750,2,1.0,67,0,1.0,3,5,296000.0
2230,3,2.5,38,0,1.0,4,8,428000.0
1890,4,2.5,34,0,1.0,3,7,325000.0
820,2,1.0,62,0,1.0,5,6,294000.0
1880,3,1.75,38,0,1.0,4,7,410000.0
2360,4,4.25,75,0,2.0,4,8,590000.0
1850,3,2.25,29,0,2.0,4,7,445000.0
2310,4,2.5,87,0,2.0,4,8,921000.0
2520,3,1.5,60,0,1.0,3,8,496000.0
800,2,1.0,67,0,1.0,3,7,95000.0
1580,4,1.75,69,0,1.0,4,6,359000.0
2430,3,2.5,29,0,1.0,4,7,452500.0
2350,4,1.75,68,0,1.5,4,7,555000.0
3800,5,3.0,30,0,1.5,4,9,549900.0
3670,5,3.0,62,0,1.0,5,8,569000.0
1780,4,2.0,40,0,1.0,5,7,318500.0
1295,2,1.5,7,0,2.0,3,9,487028.0
1350,3,1.0,55,0,1.0,4,7,240000.0
1440,3,2.25,50,0,1.0,3,7,253000.0
1320,5,1.75,67,0,1.0,4,7,380000.0
700,2,0.75,57,0,1.0,4,6,250000.0
2510,2,1.75,37,0,2.0,3,9,368500.0
3180,3,1.0,46,0,1.0,3,8,340000.0
910,2,1.0,97,0,1.0,3,7,400000.0
1570,3,2.0,87,0,1.5,5,8,835000.0
2450,3,2.5,21,0,2.0,3,8,299000.0
4910,6,2.25,104,0,2.5,5,10,1675000.0
1570,3,2.0,16,0,1.0,3,7,265000.0
2680,4,2.5,16,0,2.0,3,8,437500.0
2090,3,1.75,67,0,2.0,3,7,865000.0
2150,3,2.0,27,0,1.0,3,8,626000.0
1140,2,2.0,5,0,2.0,3,7,247300.0
4230,4,3.5,17,0,2.0,3,11,2075000.0
1790,3,1.0,77,0,1.5,2,8,425000.0
3100,5,3.5,44,0,1.0,3,9,905000.0
2220,3,2.5,24,0,3.0,3,10,641250.0
2370,4,2.5,31,0,2.0,3,8,675000.0
4070,4,2.75,12,0,2.0,3,9,845000.0
1790,4,1.0,60,0,1.0,4,7,401500.0
1610,3,2.5,27,0,2.0,3,7,395000.0
2830,5,2.75,57,0,1.0,5,7,1100000.0
1010,3,1.0,60,0,1.0,3,6,145000.0
1560,3,1.0,85,0,1.5,3,8,900000.0
1330,3,1.5,47,0,1.0,4,7,374500.0
2330,4,2.25,49,0,2.0,4,8,850000.0
960,3,1.0,64,0,1.0,3,7,490000.0
1710,3,2.5,22,0,2.0,3,8,304000.0
2230,4,2.25,51,0,1.0,4,7,400000.0
1700,3,2.0,22,0,2.0,3,8,454000.0
1040,2,2.0,64,0,1.0,2,6,160000.0
1070,3,1.75,48,0,1.0,3,7,542000.0
3600,5,2.5,46,0,1.0,4,8,403500.0
2750,4,2.5,12,0,2.0,3,7,418000.0
1920,4,1.5,64,0,2.0,3,7,406000.0
1770,3,2.25,36,0,1.0,3,7,242500.0
2460,4,2.5,12,0,2.0,3,9,425000.0
1550,4,2.0,105,0,1.5,3,7,613000.0
1460,3,2.0,19,0,1.0,2,7,189000.0
2440,4,2.25,67,0,1.5,3,7,700000.0
1640,3,1.0,79,0,1.5,4,7,750000.0
1290,2,1.0,108,0,1.0,4,7,494000.0
3150,4,3.0,14,0,2.0,3,9,700000.0
2305,2,2.5,8,0,1.0,3,8,705000.0
1060,2,1.75,37,0,1.0,3,7,356000.0
2060,3,1.75,30,0,1.0,4,7,625000.0
900,2,1.0,75,0,1.0,3,5,144975.0
3890,4,4.5,10,0,2.0,3,11,970000.0
1910,3,1.75,37,0,1.0,3,7,415000.0
2340,4,3.0,35,0,1.0,4,8,485000.0
2900,3,3.0,17,0,2.0,3,10,799950.0
3290,4,2.5,24,0,2.0,3,10,783350.0
630,1,1.0,71,0,1.0,3,7,430000.0
5410,5,4.75,73,0,2.0,4,10,2544750.0
4270,4,2.5,23,0,1.0,3,10,975000.0
1700,3,1.5,65,0,1.0,3,7,950000.0
1430,2,1.0,70,0,1.5,3,7,350000.0
2850,4,2.75,6,0,2.0,3,8,637000.0
2160,3,2.0,24,0,1.0,3,10,895000.0
1760,2,2.0,68,0,1.0,5,7,579000.0
2700,4,1.75,56,0,1.0,3,7,314900.0
860,2,1.0,70,0,1.0,3,6,122000.0
880,2,1.0,87,0,1.0,5,7,405000.0
1360,2,2.5,17,0,2.0,3,8,553650.0
1770,2,2.5,8,0,3.0,3,8,369900.0
2030,3,2.0,35,0,1.0,4,7,225000.0
1180,2,1.0,96,0,1.0,3,6,160000.0
2430,4,2.0,53,0,1.0,3,8,449500.0
1300,3,1.0,61,0,1.0,4,7,650000.0
2360,4,2.5,37,0,2.0,3,8,542126.0
1200,3,1.5,29,0,1.0,3,7,309950.0
1000,2,1.0,101,0,1.0,3,5,115000.0
1556,2,1.5,57,0,1.0,4,7,221700.0
1890,3,2.5,100,0,1.5,4,8,726000.0
1810,3,1.75,88,0,1.0,4,7,515000.0
2730,4,2.5,23,0,2.0,3,9,756000.0
3070,4,3.75,87,0,2.0,5,9,1570000.0
2080,4,2.25,35,0,1.0,4,8,442000.0
1620,4,2.0,39,0,2.0,4,7,260000.0
1150,2,1.75,91,0,1.0,4,7,390000.0
1250,2,1.0,85,0,1.0,3,7,459500.0
1430,3,1.5,66,0,1.0,5,7,330000.0
790,2,1.0,70,0,1.0,3,6,189000.0
1200,3,1.0,60,0,1.5,4,7,280000.0
2110,2,1.75,66,0,1.0,2,7,400000.0
3160,4,2.0,73,0,1.0,5,6,368000.0
2700,4,1.75,46,0,1.5,4,8,390000.0
820,2,1.0,69,0,1.0,3,6,245000.0
1800,4,2.5,54,0,1.0,4,7,375000.0
1750,5,1.5,54,0,1.0,3,6,465000.0
1540,3,2.0,18,0,1.0,3,7,445000.0
1130,3,1.0,63,0,1.0,3,7,250000.0
1500,3,1.0,62,0,1.0,4,8,475500.0
1600,2,1.75,74,0,1.5,3,8,672324.0
1200,3,2.0,77,0,1.0,3,6,420000.0
1690,3,2.0,107,0,1.5,5,7,515000.0
2270,4,2.5,28,0,2.0,3,9,732350.0
1910,4,2.5,9,0,2.0,3,7,297500.0
1640,3,1.5,85,0,1.5,3,8,475000.0
2120,4,2.5,12,0,2.0,3,7,414000.0
1400,3,1.5,62,0,1.0,4,6,357250.0
760,2,1.0,64,0,1.0,4,6,289950.0
1070,3,1.0,98,0,1.0,4,6,550000.0
1460,3,1.75,57,0,1.0,3,7,446000.0
1280,3,1.5,82,0,1.5,4,5,279000.0
1650,3,2.25,26,0,2.0,3,7,370000.0
1260,3,2.0,16,0,1.0,3,6,216000.0
2200,3,2.5,62,0,1.0,3,7,1100000.0
3560,4,2.5,37,0,1.0,5,8,1280600.0
1140,2,1.5,27,0,1.0,3,7,355000.0
2550,4,2.5,26,0,2.0,3,9,699000.0
1553,3,2.5,0,0,3.0,3,8,412000.0
1140,2,1.0,92,0,1.0,3,6,276000.0
790,2,1.0,70,0,1.0,3,6,100000.0
2130,4,1.75,100,0,1.5,3,8,955500.0
1390,3,1.0,57,0,1.0,3,7,199000.0
4000,4,3.5,7,0,2.0,3,9,762000.0
1520,4,2.0,47,0,1.0,5,7,425000.0
1657,2,1.0,104,0,2.0,3,7,546000.0
1680,3,1.75,39,0,1.0,3,7,419600.0
2270,4,2.25,60,0,1.0,5,8,735000.0
2470,2,2.5,4,0,3.0,3,11,1234570.0
1240,2,2.0,29,0,2.0,3,7,445000.0
1740,3,2.0,41,0,1.0,3,8,665000.0
4090,5,3.5,13,0,1.0,3,11,1290000.0
2520,4,2.75,35,0,2.0,3,8,508500.0
1340,5,1.0,80,0,1.5,3,8,345950.0
1640,3,1.0,47,0,1.0,3,7,207500.0
3000,4,2.5,45,0,1.0,4,8,1075000.0
1210,3,1.0,84,0,2.0,4,8,640000.0
1810,3,1.0,74,0,1.0,4,7,329500.0
2200,4,2.75,35,0,1.0,3,8,460000.0
2200,3,1.75,66,0,1.5,3,8,1230000.0
2350,5,3.0,90,0,2.0,4,7,805000.0
1090,3,1.5,51,0,1.0,3,6,200000.0
2280,3,1.75,38,0,1.0,3,8,749700.0
1520,2,1.0,87,0,1.0,4,7,535000.0
1620,3,2.25,64,0,1.0,4,7,330000.0
1510,3,2.0,86,0,1.5,4,7,479200.0
3001,5,2.5,8,0,2.0,3,8,373000.0
2020,4,1.5,62,0,1.0,4,7,355000.0
1380,3,2.0,6,0,1.0,3,7,275000.0
1520,3,1.5,65,0,1.0,3,7,380000.0
1090,2,1.75,100,0,1.0,4,7,417000.0
4220,5,3.75,10,0,2.0,3,11,1165000.0
2520,3,2.25,36,0,1.0,3,10,598500.0
1760,3,2.0,94,0,1.0,5,7,629000.0
930,2,1.0,57,0,1.0,3,6,226950.0
2600,4,2.5,75,0,1.5,4,9,1225000.0
2180,3,2.25,36,0,1.0,5,8,415000.0
1910,3,2.5,14,0,2.0,3,8,595000.0
1100,3,1.75,46,0,1.0,5,6,209950.0
1760,3,1.75,42,0,1.0,3,7,568000.0
700,2,1.0,63,0,1.0,3,6,119900.0
1080,3,1.0,52,0,1.0,4,7,207000.0
1070,3,1.0,47,0,1.0,3,7,195000.0
1460,3,1.5,59,0,1.0,3,7,324950.0
1050,1,1.0,67,0,1.0,4,6,210000.0
3160,4,2.75,20,0,2.0,3,9,1078000.0
1400,4,1.0,60,0,1.0,3,7,325088.0
3120,4,3.0,38,0,2.0,4,8,790000.0
720,2,1.0,32,0,1.0,3,5,150000.0
2840,3,3.0,15,0,2.0,3,10,790000.0
1220,2,1.0,104,0,1.0,3,6,255000.0
2820,4,3.0,86,0,1.5,5,7,697000.0
840,2,1.0,106,0,1.0,4,7,457500.0
1610,3,2.0,74,0,1.5,5,8,690000.0
1860,4,3.25,98,0,2.0,3,9,967000.0
2260,4,1.75,47,0,1.0,4,9,980000.0
2450,4,2.75,26,0,2.0,4,9,619420.0
850,2,1.0,104,0,1.0,3,6,389000.0
1800,3,1.0,50,0,1.0,3,7,500000.0
1230,4,1.75,64,0,1.0,4,7,569000.0
2060,4,2.25,47,0,1.0,4,7,425000.0
2750,4,2.25,66,0,1.0,4,8,635000.0
1120,2,1.0,34,0,1.0,4,6,256500.0
3010,4,2.5,10,0,2.0,3,8,695000.0
1580,4,1.5,69,0,1.5,3,7,535000.0
2630,4,2.5,11,0,2.0,3,8,454200.0
790,2,1.0,72,0,1.0,3,6,418500.0
3110,4,2.75,31,0,2.0,4,9,749950.0
2130,3,1.75,15,0,1.0,3,8,338500.0
4520,4,3.75,22,0,1.5,3,10,1250000.0
1600,3,2.5,21,0,2.0,4,8,299950.0
1950,4,1.75,51,0,1.0,3,7,325000.0
2010,4,3.0,41,0,2.0,3,8,434000.0
2550,4,1.75,36,0,1.0,5,7,328950.0
5340,5,3.75,102,0,2.5,4,10,2095000.0
2000,4,2.0,37,0,2.0,3,8,570000.0
2170,3,2.25,0,0,2.0,3,8,802000.0
1550,3,1.0,96,0,1.5,3,7,525000.0
2790,6,3.0,108,0,2.5,4,8,700000.0
1980,3,1.75,59,0,1.0,3,6,350000.0
1190,2,1.5,10,0,3.0,3,7,277500.0
3650,5,2.75,39,0,1.0,4,10,1575000.0
1510,3,1.0,101,0,1.5,5,6,195000.0
1200,3,2.0,46,0,1.0,3,7,222000.0
2830,5,3.0,36,0,1.0,4,8,865000.0
1650,4,2.0,55,0,1.0,5,7,445000.0
1710,4,1.5,90,0,1.5,3,7,495800.0
1740,3,1.0,91,0,1.5,3,7,548500.0
1840,3,1.75,40,0,1.0,4,7,310000.0
1820,3,1.5,52,0,1.0,4,7,205000.0
3860,5,3.75,11,0,2.0,3,7,470000.0
1810,3,1.5,13,0,1.5,3,7,430000.0
1030,2,2.0,16,0,3.0,3,7,310000.0
1410,4,1.0,62,0,1.5,4,7,355000.0
2140,5,2.5,47,0,1.0,4,8,621500.0
1930,6,1.5,43,0,1.0,3,7,175000.0
1930,6,1.5,44,0,1.0,3,7,326000.0
1930,4,3.5,94,0,1.5,3,7,690000.0
2210,4,2.5,11,0,2.0,3,8,335000.0
1360,4,1.0,54,0,1.0,3,7,197000.0
1830,3,1.75,64,0,1.0,3,7,312500.0
2120,3,2.25,55,0,1.0,5,7,436000.0
2700,4,2.5,12,0,2.0,3,8,1015000.0
3160,4,2.5,22,0,2.0,3,9,805000.0
2770,4,2.25,36,0,2.0,4,8,652427.0
2240,3,2.5,69,0,1.0,4,9,1008000.0
2570,4,2.5,15,0,2.0,3,9,355000.0
880,2,1.0,75,0,1.0,3,7,334550.0
1820,3,2.25,30,0,2.0,3,8,557500.0
1660,4,2.25,51,0,1.0,3,7,277500.0
2200,4,3.0,54,0,1.0,3,6,300000.0
1640,4,1.0,87,0,1.5,4,7,325000.0
1650,4,2.0,64,0,1.0,3,7,402500.0
1420,3,1.75,51,0,1.0,4,7,461000.0
1270,3,1.0,89,0,1.5,3,7,540000.0
1070,3,1.0,44,0,1.0,4,7,385000.0
1060,2,1.0,90,0,1.0,3,7,480000.0
2190,3,2.25,51,0,1.0,4,8,539950.0
1940,3,2.25,24,0,2.0,3,9,529000.0
1300,3,2.5,6,0,2.0,3,7,417000.0
1330,3,1.5,49,0,1.0,3,7,405000.0
1940,3,2.25,48,0,1.0,4,8,299000.0
2100,3,1.75,31,0,1.0,3,7,299000.0
1290,3,1.0,63,0,1.0,3,7,372220.0
1560,2,1.75,110,0,1.0,4,6,494400.0
2630,3,1.75,56,0,1.0,3,7,280000.0
2100,3,2.5,22,0,2.0,3,7,277950.0
2070,3,2.75,18,0,2.0,3,8,770000.0
2960,4,2.5,25,0,2.0,3,10,760000.0
1300,2,2.0,11,0,1.0,3,7,230000.0
2520,4,2.5,20,0,2.0,3,9,525000.0
1150,3,1.0,87,0,1.5,3,7,307000.0
2030,4,2.0,67,0,1.5,3,6,253779.0
1880,3,1.5,46,0,1.0,3,8,405000.0
2320,2,1.0,73,0,2.0,4,6,360000.0
1050,2,1.0,105,0,1.5,4,6,521000.0
3030,4,2.5,36,0,2.0,3,9,680000.0
530,1,0.75,64,0,1.0,4,4,355000.0
1090,3,1.5,46,0,1.0,4,7,200000.0
2220,3,2.25,21,0,1.0,3,7,330000.0
1430,3,2.25,27,0,2.0,3,7,221000.0
3780,4,4.5,105,0,2.0,4,11,1598890.0
1560,2,1.0,67,0,1.0,4,6,310000.0
2220,4,2.25,83,0,1.5,5,8,862000.0
1140,3,1.5,54,0,1.0,3,7,200000.0
2540,4,2.5,57,0,1.0,5,7,630000.0
1440,3,2.25,30,0,2.0,3,7,432250.0
1570,3,2.25,38,0,1.0,4,7,478000.0
1860,4,2.25,52,0,1.0,3,7,249000.0
2440,5,3.0,8,0,1.0,3,9,495000.0
2100,4,2.5,54,0,1.0,4,7,630000.0
2150,4,2.5,17,0,2.0,3,8,550000.0
2440,3,2.5,20,0,2.0,4,8,350000.0
1930,5,1.5,48,0,2.0,3,7,270000.0
1830,4,2.0,51,0,1.0,3,7,488250.0
1850,4,3.5,28,0,2.0,3,7,248000.0
3210,4,3.5,0,0,3.0,3,9,889000.0
1090,1,1.0,87,0,1.0,3,6,375000.0
1870,3,1.5,108,0,2.0,3,7,933000.0
1920,3,2.25,38,0,1.0,3,8,625000.0
700,2,1.0,71,0,1.0,3,6,328000.0
3380,4,2.25,45,0,1.0,4,8,470000.0
2430,5,2.5,8,0,2.0,3,8,502500.0
1950,3,1.75,39,0,1.0,3,7,484000.0
900,2,1.0,53,0,1.0,4,6,252500.0
2060,3,2.5,27,0,2.0,3,8,610000.0
2180,4,2.0,45,0,1.0,4,8,419000.0
2140,4,2.25,28,0,2.0,4,8,322500.0
1730,6,1.0,97,0,1.5,3,7,563000.0
3140,4,2.5,22,0,2.0,3,9,464000.0
3010,4,4.25,63,0,2.0,4,10,870000.0
800,2,1.5,12,0,2.0,3,8,280000.0
3300,3,2.5,20,0,2.0,3,9,850000.0
1530,2,1.0,68,0,1.0,3,7,458950.0
760,2,1.0,69,0,1.0,3,6,122000.0
2450,5,3.0,20,0,2.0,3,7,525000.0
1000,2,1.0,52,0,1.0,3,7,286300.0
840,2,1.0,62,0,1.0,4,6,218450.0
1380,3,1.5,59,0,1.0,3,7,525000.0
1380,3,1.5,59,0,1.0,3,7,650000.0
2020,4,2.0,65,0,1.5,3,7,356000.0
1260,2,1.0,63,0,1.0,3,7,436500.0
1440,3,1.75,35,0,1.0,3,7,410000.0
1540,4,1.75,64,0,1.0,4,7,512500.0
1060,4,1.0,89,0,1.0,3,6,510000.0
1900,4,1.75,48,0,1.0,4,8,566000.0
2870,3,1.75,66,0,1.5,3,8,525000.0
1050,3,1.0,94,0,1.0,3,6,435000.0
1840,3,2.75,25,0,1.0,3,8,406500.0
3000,5,2.75,48,0,1.0,3,8,550000.0
1200,3,2.0,66,0,1.5,5,6,251000.0
1840,3,1.5,55,0,1.0,4,8,830000.0
2790,4,2.5,26,0,2.0,3,9,803000.0
970,3,1.0,73,0,1.0,4,5,206000.0
1070,4,1.0,70,0,1.5,3,7,200000.0
900,2,1.0,62,0,1.0,3,6,219000.0
2680,4,4.0,52,0,1.0,3,7,777000.0
2000,3,2.5,36,0,2.0,3,8,593700.0
1660,3,1.5,58,0,1.0,4,7,712500.0
1770,4,1.5,68,0,1.5,4,7,600000.0
1230,3,2.0,75,0,1.5,3,7,554663.0
1740,3,1.0,52,0,1.0,4,7,267000.0
1710,3,2.0,61,0,1.0,5,7,390000.0
2020,6,2.0,36,0,1.0,3,7,335000.0
2410,4,2.5,40,0,1.0,5,8,938000.0
2310,4,2.75,22,0,1.0,3,7,370000.0
2400,5,2.5,12,0,2.0,3,7,335000.0
3160,5,2.0,92,0,1.5,3,7,695000.0
1560,3,1.0,61,0,1.0,4,7,387500.0
1770,3,2.5,23,0,2.0,3,7,245000.0
1600,3,2.0,24,0,1.0,3,7,308550.0
1330,3,1.75,46,0,1.0,3,7,225000.0
2970,4,2.5,21,0,2.0,3,9,715000.0
1020,3,1.0,61,0,1.0,4,7,335000.0
2490,3,2.5,11,0,2.0,3,9,634000.0
1700,5,2.0,58,0,1.0,3,7,337500.0
850,1,1.0,74,0,1.0,4,6,440000.0
1250,3,1.75,24,0,1.0,3,7,350000.0
610,2,1.0,97,0,1.0,3,5,400000.0
3700,4,3.5,25,0,2.0,4,11,1288000.0
950,3,1.0,61,0,1.0,4,7,435000.0
3860,4,2.5,10,0,2.0,3,8,681000.0
1360,3,3.5,7,0,2.0,3,8,397000.0
3890,4,2.5,18,0,2.0,3,10,775000.0
1680,3,2.25,55,0,1.0,4,7,480000.0
1520,3,2.5,29,0,2.0,4,7,158000.0
2420,3,2.0,9,0,1.5,3,8,590000.0
3890,5,2.75,10,0,2.0,3,9,772500.0
2940,5,1.5,60,0,1.0,3,8,464500.0
1350,3,1.75,49,0,1.0,3,7,281000.0
2190,3,2.25,24,0,1.0,3,8,620000.0
2280,3,2.25,29,0,1.0,4,7,475000.0
1070,2,2.0,82,0,1.0,4,6,245000.0
2540,5,2.25,89,0,1.5,4,7,660000.0
2270,4,2.25,41,0,1.0,5,8,527500.0
1220,2,1.0,100,0,1.0,4,6,135000.0
1890,3,1.75,12,0,1.0,3,7,275000.0
1990,4,2.0,89,0,1.0,3,7,430000.0
1220,3,1.0,46,0,1.0,4,7,213500.0
2640,3,3.0,2,0,2.0,3,9,535000.0
1480,3,1.75,63,0,1.0,3,7,641000.0
2320,3,2.0,62,0,1.0,5,7,436300.0
2410,4,1.75,103,0,1.5,3,8,1440000.0
2090,4,2.75,66,0,1.0,4,8,830000.0
920,3,1.0,104,0,1.0,3,6,380000.0
850,3,0.75,70,0,1.0,3,6,132500.0
1130,3,1.0,60,0,1.0,3,7,179950.0
1260,3,1.0,61,0,1.0,4,7,188200.0
2090,4,2.0,63,0,1.0,4,7,659000.0
2020,3,2.0,88,0,1.5,3,7,317000.0
1970,3,2.25,55,0,1.0,3,8,625000.0
1820,3,1.75,38,0,1.0,3,7,350000.0
1840,3,1.5,99,0,1.5,5,7,750000.0
2100,4,1.75,55,0,1.0,5,8,457000.0
1770,4,2.0,109,0,2.0,4,7,632500.0
1110,3,2.0,23,0,1.0,4,7,223000.0
2090,4,2.75,38,0,1.0,4,8,610000.0
2080,4,1.75,66,0,2.0,4,7,385000.0
1400,3,3.25,10,0,2.0,3,7,367500.0
1060,3,1.0,65,0,1.0,4,6,385100.0
720,2,1.0,94,0,1.0,3,6,230000.0
1100,3,2.75,6,0,2.0,3,7,286000.0
1010,3,1.0,48,0,1.0,4,7,201700.0
5230,4,4.75,13,0,2.5,3,11,1350000.0
2420,4,1.75,35,0,1.0,3,8,525000.0
1200,3,1.5,40,0,1.0,3,7,361000.0
1950,3,1.5,12,0,3.0,3,8,530000.0
1870,3,2.25,64,0,1.0,3,7,455000.0
1310,4,2.25,48,0,1.0,4,7,421000.0
1520,4,2.0,69,0,1.5,3,7,640000.0
1270,3,1.0,60,0,1.0,3,7,240000.0
840,2,1.0,86,0,1.0,4,6,360000.0
900,2,1.0,62,0,1.0,2,7,157340.0
3010,4,3.0,65,0,2.0,5,8,1240000.0
1050,3,1.0,60,0,1.0,3,6,250000.0
3360,6,2.75,53,0,1.0,5,7,735000.0
5370,7,4.75,48,0,1.5,3,8,884900.0
2690,3,3.5,66,0,2.0,3,8,775000.0
1710,3,1.75,66,0,1.0,3,7,463000.0
1640,3,2.5,5,0,3.0,3,8,579000.0
4000,6,3.75,10,0,2.0,3,10,570000.0
4140,5,4.5,10,0,2.0,3,10,1060000.0
3140,4,2.75,43,0,1.0,4,8,375000.0
1320,2,1.75,76,0,1.0,4,7,422000.0
3080,4,3.5,1,0,2.0,3,9,866500.0
2500,3,2.5,29,0,2.0,3,10,705000.0
2520,4,2.5,20,0,2.0,3,8,470000.0
2350,3,1.25,48,0,1.0,4,7,360000.0
2570,4,2.5,67,0,1.0,3,8,795000.0
3100,4,2.5,12,0,2.0,3,9,800000.0
4730,4,3.5,79,0,1.5,5,10,2453500.0
1030,3,1.75,88,0,1.0,3,6,277284.0
1020,2,1.0,62,0,1.0,5,7,460000.0
2080,3,2.5,19,0,2.0,3,9,898888.0
1410,3,1.0,33,0,1.0,3,7,211000.0
1360,2,2.0,10,0,2.0,3,6,222000.0
2620,3,2.5,22,0,2.0,3,7,672000.0
2260,3,2.25,40,0,1.0,5,9,778000.0
1490,3,1.75,39,0,1.0,4,8,312500.0
2530,4,2.5,39,0,1.5,3,8,650000.0
3140,6,2.25,55,0,1.0,4,8,740000.0
1820,3,2.0,42,0,1.0,5,7,320000.0
1770,4,2.5,25,0,2.0,3,7,455000.0
4430,5,4.0,1,0,2.0,3,10,2450000.0
1490,3,3.25,13,0,3.0,3,8,500000.0
1790,3,1.75,36,0,1.0,3,7,325000.0
1710,3,2.5,10,0,3.0,3,8,416000.0
2070,4,2.25,47,0,2.0,4,7,495000.0
1140,2,1.0,106,0,1.0,5,7,549000.0
3930,5,2.0,46,0,1.5,4,8,589000.0
1100,3,1.5,47,0,1.0,3,7,194820.0
2260,3,2.5,104,0,1.5,3,7,405000.0
2260,3,2.5,105,0,1.5,3,7,625000.0
1130,3,1.0,60,0,1.0,3,7,205000.0
1950,3,3.75,55,0,1.0,3,8,345100.0
960,3,1.0,61,0,1.0,3,6,200000.0
4210,4,3.5,14,0,2.0,3,11,1905000.0
3430,3,1.5,26,0,1.0,3,7,524500.0
3470,4,2.75,21,0,2.0,3,7,598600.0
2140,5,3.0,36,0,1.0,3,7,367777.0
2520,3,2.75,68,0,1.0,4,7,750000.0
3550,5,2.25,46,0,2.0,3,8,575000.0
700,2,1.0,66,0,1.0,3,6,84000.0
740,2,1.0,88,0,1.0,4,6,255000.0
3300,4,3.75,88,0,1.5,3,10,1740000.0
1640,3,2.25,38,0,1.0,3,7,415000.0
2780,3,2.5,25,0,2.0,3,9,449900.0
1830,5,1.5,85,0,1.5,3,7,220000.0
3540,4,2.5,12,0,2.0,3,10,899000.0
1440,3,2.5,60,0,1.0,5,7,430000.0
2960,4,2.5,14,0,2.0,3,10,472500.0
3180,6,2.5,47,0,1.0,4,8,680000.0
3310,5,4.0,15,0,2.0,3,10,1650000.0
2390,3,2.0,93,0,2.0,5,7,810000.0
2460,3,2.5,38,0,2.0,4,9,605000.0
1630,3,1.75,56,0,1.0,3,7,522000.0
3490,5,2.75,10,0,2.0,3,10,759000.0
2500,4,2.75,48,0,2.0,3,8,411000.0
2080,4,2.5,31,0,1.0,3,7,286950.0
1290,3,1.5,14,0,3.0,3,7,440000.0
1700,3,1.0,59,0,1.0,3,6,149000.0
1700,3,1.0,59,0,1.0,3,6,284700.0
2540,3,2.5,50,0,1.0,3,8,374950.0
1180,3,1.5,62,0,1.0,3,8,816000.0
1520,4,1.75,54,0,1.0,4,7,533250.0
2390,3,2.75,72,0,1.0,5,8,689800.0
2740,4,2.75,67,0,1.5,4,8,775000.0
2190,3,2.5,24,0,1.0,3,8,702000.0
1350,3,1.0,72,0,1.5,3,6,160000.0
1350,3,1.0,73,0,1.5,3,6,255500.0
2980,4,2.75,41,0,1.0,4,9,949000.0
790,2,1.0,70,0,1.0,4,6,169500.0
2130,4,2.25,49,0,2.0,4,8,586000.0
2700,4,2.5,37,0,1.0,4,8,680000.0
3200,3,2.0,37,0,1.0,5,8,851500.0
1159,2,1.5,66,0,1.0,3,7,582500.0
3080,4,3.5,6,0,2.0,3,9,637000.0
1000,3,1.0,60,0,1.0,3,7,225000.0
2260,3,3.25,11,0,2.0,3,8,795000.0
2270,4,2.25,38,0,1.0,3,7,304999.0
760,1,0.75,100,0,1.0,4,5,95000.0
1420,4,1.75,72,0,1.0,5,5,240000.0
2500,4,2.5,56,0,1.0,4,7,772000.0
1450,2,1.5,31,0,1.0,4,8,245000.0
2500,5,3.0,15,0,1.0,3,8,430000.0
2210,3,1.5,98,0,1.5,5,8,799000.0
3020,5,2.75,8,0,2.0,3,9,880000.0
3290,4,2.5,10,0,2.0,3,9,750000.0
5780,4,4.0,6,0,2.0,3,11,2890000.0
1820,3,2.5,21,0,2.0,3,8,532000.0
2500,4,2.75,36,0,1.0,4,8,525000.0
1210,2,1.0,62,0,1.0,4,7,239000.0
1090,2,1.5,63,0,1.0,3,8,460000.0
1330,4,2.25,52,0,1.5,3,8,540000.0
890,2,1.0,91,0,1.0,3,7,475000.0
1360,3,1.75,47,0,1.0,3,8,445000.0
4220,5,3.75,23,0,2.0,5,11,1575000.0
3780,4,2.5,11,0,2.0,3,8,549950.0
2610,4,2.0,74,0,1.5,4,6,294950.0
1980,3,2.5,21,0,3.0,3,8,736000.0
1290,3,1.75,35,0,1.0,4,7,214946.0
3620,5,3.25,11,0,2.0,3,9,856000.0
2680,2,2.5,10,0,1.0,3,9,775000.0
1200,3,1.75,56,0,1.0,3,7,205000.0
1992,2,2.75,111,1,1.5,5,6,429592.0
1640,4,1.75,38,0,1.0,4,7,414250.0
1920,4,2.75,109,0,1.0,4,6,399950.0
1840,3,2.25,35,0,1.0,5,7,319990.0
1310,3,1.5,45,0,1.0,4,8,524000.0
1050,2,1.0,102,0,1.5,4,7,349950.0
2570,4,2.5,87,0,1.5,4,8,889000.0
930,3,1.0,95,0,1.5,5,6,300000.0
730,1,1.0,103,0,1.0,3,7,395000.0
1270,2,2.5,7,0,3.0,3,7,348000.0
1150,2,1.0,94,0,1.0,4,7,830000.0
820,2,1.0,49,0,1.0,4,7,173000.0
3000,4,1.75,64,0,1.0,3,7,585000.0
2220,3,2.0,49,0,1.0,4,7,576750.0
2500,5,3.25,53,0,1.0,3,7,495000.0
1540,3,3.5,7,0,2.0,3,7,216650.0
2750,4,2.75,37,0,1.0,3,8,615000.0
3130,4,2.5,36,0,1.0,4,8,675000.0
1430,3,2.0,32,0,1.0,4,8,510000.0
2680,3,2.5,19,0,2.0,3,8,630000.0
3010,4,2.5,11,0,2.0,3,8,359950.0
1530,3,1.5,28,0,1.5,3,7,265000.0
1240,3,1.0,98,0,1.0,4,6,210000.0
2260,3,2.5,17,0,1.0,4,6,367000.0
2820,4,2.25,89,0,1.5,4,9,1075000.0
3560,3,2.5,67,0,1.0,4,8,756000.0
1630,3,2.25,54,0,1.0,3,7,203000.0
2880,4,2.5,13,0,2.0,3,9,535000.0
2200,3,3.25,68,0,2.0,4,7,525000.0
1620,3,1.75,34,0,1.0,3,7,347500.0
1480,3,1.75,9,0,2.5,3,9,620000.0
2250,4,2.5,19,0,2.0,3,8,645000.0
3540,4,3.0,74,0,2.0,3,10,2200000.0
1790,3,2.0,24,0,1.0,4,7,280000.0
1400,3,2.0,91,0,1.0,4,7,432000.0
2390,3,1.5,85,0,2.0,3,9,790000.0
2400,4,1.75,58,0,1.0,5,8,635000.0
2050,3,1.5,56,0,1.0,3,7,442000.0
2640,4,3.0,14,0,2.0,3,7,490000.0
2320,5,1.75,52,0,1.0,5,7,250000.0
2440,4,2.5,112,0,2.5,4,8,1325000.0
1260,3,1.0,60,0,1.0,3,6,120000.0
6240,5,4.75,11,0,1.0,3,11,2950000.0
1930,4,2.5,21,0,2.0,3,7,325000.0
1200,4,1.75,46,0,1.0,3,7,210000.0
970,1,1.0,95,0,1.0,4,5,215000.0
1810,3,1.75,46,0,1.0,5,8,387000.0
1380,3,1.0,89,0,1.5,4,7,408000.0
1470,3,1.0,61,0,1.0,4,7,410000.0
1010,3,1.0,89,0,1.0,3,6,216000.0
1010,3,1.0,90,0,1.0,3,6,390000.0
1340,3,1.5,64,0,1.0,2,7,357000.0
970,3,1.0,44,0,1.0,4,7,215000.0
1122,3,1.0,115,0,1.5,3,5,265000.0
1670,3,2.75,0,0,3.0,3,9,589950.0
2840,3,1.75,65,0,1.0,3,8,440000.0
770,2,1.0,101,0,1.0,4,4,248000.0
2040,3,2.25,37,0,2.0,3,9,730000.0
3052,4,2.5,11,0,2.0,3,8,425000.0
2620,3,2.5,37,0,2.0,4,8,680000.0
3120,5,2.25,35,0,2.0,3,8,341500.0
1100,2,1.0,65,0,1.0,3,7,395000.0
3410,4,2.75,52,0,1.5,4,10,1225000.0
2510,5,2.75,39,0,1.0,4,8,695500.0
1680,3,1.75,37,0,1.0,3,8,308000.0
1960,3,2.0,38,0,1.0,4,7,422500.0
1040,2,1.0,100,0,1.0,4,7,418000.0
1750,5,1.5,53,0,1.5,4,7,385000.0
2170,3,3.25,86,0,1.5,5,9,876650.0
1639,3,2.5,11,0,2.0,3,8,450000.0
2100,4,2.25,41,0,1.0,4,7,418800.0
880,2,1.0,69,0,2.0,4,7,330000.0
1940,3,1.75,52,0,1.0,4,8,550000.0
2490,4,2.5,24,0,1.0,3,7,270000.0
2060,3,2.25,75,0,2.0,3,9,978500.0
2720,4,2.5,33,0,2.0,3,10,975000.0
2180,3,2.25,41,0,1.0,3,7,455000.0
3600,4,3.25,23,0,2.0,3,11,1415000.0
840,2,1.0,64,0,1.0,5,6,220000.0
2370,3,2.0,44,0,2.0,4,7,490000.0
2270,4,2.25,37,0,2.0,3,7,420000.0
2720,4,2.5,11,0,2.0,3,9,408500.0
1140,3,1.5,100,0,1.5,3,7,716000.0
2460,4,2.5,76,0,2.0,5,8,965000.0
1240,3,1.5,47,0,1.0,3,8,357823.0
1670,3,2.25,37,0,1.0,3,7,425000.0
2220,4,1.75,62,0,1.0,4,7,711777.0
980,3,1.0,48,0,1.0,4,7,335000.0
1890,4,1.5,95,0,1.5,3,8,825000.0
1100,2,1.0,115,0,1.5,4,6,210000.0
2770,2,1.75,31,0,2.0,3,8,575000.0
4250,4,2.75,12,0,2.0,3,10,1208000.0
1370,2,2.0,9,0,1.0,3,8,431500.0
1480,3,1.5,55,0,1.0,3,7,475000.0
3770,4,3.75,98,0,2.5,5,9,1495000.0
2870,6,3.0,54,0,2.0,3,7,540000.0
3820,3,2.5,27,0,2.0,4,9,775000.0
1530,3,2.5,17,0,1.0,3,7,635000.0
4120,3,2.75,16,0,1.0,3,12,1300000.0
1590,3,2.25,38,0,1.0,4,7,405000.0
1520,3,1.0,63,0,1.0,3,6,210000.0
2350,4,2.5,92,0,2.0,3,9,880000.0
1370,4,2.0,59,0,1.5,3,7,239000.0
1540,3,2.5,70,0,1.0,3,6,515000.0
3786,3,3.25,36,1,1.0,3,9,1379900.0
1500,4,2.25,15,0,2.0,3,7,215000.0
1750,6,2.0,72,0,1.0,4,5,315000.0
1800,3,1.5,57,0,1.0,3,7,442500.0
1180,2,1.75,73,0,1.0,3,8,311000.0
830,2,1.0,89,0,1.0,4,6,425000.0
1540,3,1.75,95,0,1.0,4,6,433500.0
1610,3,2.25,36,0,2.0,3,8,450000.0
1990,3,2.25,27,0,2.0,4,8,675000.0
2070,3,2.5,15,0,2.0,3,8,535000.0
1760,3,1.75,47,0,1.0,4,7,577000.0
1740,3,1.75,75,0,1.0,4,7,480000.0
1950,3,1.5,101,0,1.0,4,6,400000.0
1280,3,1.0,67,0,1.5,4,6,304000.0
1460,3,1.75,25,0,1.0,3,7,355000.0
3770,4,3.25,22,0,2.0,3,10,998000.0
2410,4,1.75,78,0,2.0,4,8,550000.0
2410,4,1.75,78,0,2.0,4,8,550000.0
1400,3,1.75,66,0,2.0,3,6,210000.0
2100,3,2.5,25,0,2.0,3,9,317000.0
5360,4,3.5,44,0,1.0,3,9,700000.0
1000,3,1.0,45,0,1.0,3,7,265000.0
3150,4,3.5,13,0,2.0,3,9,700000.0
4180,5,3.5,24,0,2.0,3,10,1020000.0
2840,4,2.25,42,0,1.0,3,8,1145000.0
2110,4,2.5,29,0,1.0,4,8,460000.0
1660,2,1.5,64,0,1.0,3,7,410000.0
2160,4,3.0,93,0,1.0,5,7,665000.0
2420,4,2.5,21,0,2.0,3,9,600000.0
1920,4,1.75,48,0,1.0,3,7,502000.0
2310,4,2.5,36,0,2.0,3,7,364950.0
2330,3,2.25,87,0,1.5,5,7,680000.0
2340,5,2.5,47,0,1.0,2,8,235500.0
2590,4,2.5,13,0,2.0,3,8,576000.0
1410,2,3.0,8,0,2.0,3,8,405000.0
2850,3,2.75,25,0,1.0,4,8,335000.0
730,2,1.0,62,0,1.0,3,6,122000.0
1470,3,1.75,75,0,1.0,4,7,432000.0
2330,4,2.25,40,0,1.0,4,8,375000.0
2460,4,2.25,55,0,1.0,4,8,276000.0
2080,3,2.25,37,0,1.5,3,8,450000.0
990,2,1.0,105,0,1.0,1,6,210000.0
1450,3,2.5,3,0,2.0,3,7,279000.0
1340,3,1.75,115,0,2.0,5,7,635000.0
2730,3,2.5,17,0,2.0,3,9,350000.0
1140,3,1.0,56,0,1.0,4,6,218000.0
1950,4,1.5,71,0,1.5,3,7,750000.0
2000,4,1.75,57,0,1.0,4,7,310597.0
900,3,1.0,92,0,1.0,4,5,355000.0
3390,5,2.75,10,0,2.0,3,9,735000.0
720,1,1.0,74,0,1.0,3,6,155000.0
940,3,1.0,49,0,1.0,3,7,354000.0
1770,3,1.75,33,0,1.0,4,7,415000.0
590,1,1.0,88,0,1.0,4,7,202000.0
1980,3,2.5,19,0,2.0,3,7,580000.0
3070,4,3.25,52,0,2.0,3,10,1495000.0
3500,4,2.5,10,0,2.0,3,9,790000.0
2100,3,2.5,16,0,2.0,3,8,499900.0
2620,4,2.25,63,0,1.0,3,7,525000.0
2810,4,2.5,25,0,2.0,3,9,810000.0
2290,4,1.5,68,0,1.0,4,7,425000.0
1350,3,1.75,21,0,1.0,3,7,241250.0
2770,4,2.5,53,0,1.0,4,8,318700.0
2530,4,1.75,97,0,1.5,5,8,720000.0
1280,3,1.0,73,0,1.5,4,5,291000.0
1060,3,1.75,31,0,1.0,3,7,420000.0
1000,2,1.75,39,0,1.0,4,8,210000.0
3870,3,3.25,24,0,2.0,3,9,645000.0
3370,5,2.0,107,0,1.5,4,7,762000.0
2290,4,1.75,78,0,1.0,3,6,247500.0
1670,3,2.25,24,0,2.0,4,7,282500.0
1460,3,1.75,53,0,1.0,4,7,395000.0
1770,3,1.75,54,0,1.0,3,7,295000.0
820,2,1.0,60,0,1.0,4,6,235000.0
1900,3,1.75,66,0,1.0,3,8,770000.0
1870,2,2.0,8,0,1.0,3,8,559950.0
1840,4,2.0,72,0,1.0,4,7,639000.0
1590,3,1.0,48,0,1.0,4,7,314950.0
1640,3,1.0,69,0,1.0,4,7,525000.0
3000,3,2.25,13,1,1.5,3,11,2400000.0
2160,3,1.75,54,0,1.0,4,8,820000.0
2490,3,3.0,103,0,2.0,4,8,1385000.0
1290,3,2.0,64,0,1.0,5,7,521450.0
3190,3,2.5,26,0,2.0,3,9,760750.0
1540,4,1.0,91,0,1.5,4,7,759600.0
2140,3,2.0,48,0,1.0,4,8,346150.0
980,2,1.0,89,0,1.0,3,7,390000.0
2450,5,2.25,41,0,2.0,3,8,359950.0
1360,3,2.0,90,0,1.5,4,6,430000.0
4610,4,3.5,15,0,2.0,3,10,960000.0
7480,7,6.75,61,0,2.0,3,11,800000.0
2860,3,2.5,16,0,2.0,3,9,1010000.0
1810,3,2.0,45,0,1.0,3,7,290000.0
2240,4,2.0,67,0,1.0,5,8,1350000.0
3610,3,3.25,11,0,2.0,3,10,777000.0
1450,2,1.0,93,0,1.5,4,7,526000.0
1450,3,3.5,8,0,2.0,3,8,550000.0
1820,3,1.5,56,0,1.0,4,7,276000.0
5620,5,3.25,98,0,2.0,4,11,2500000.0
2080,3,1.75,65,0,1.0,3,7,325000.0
1780,3,2.5,7,0,3.0,3,8,365000.0
4340,8,6.0,47,0,2.0,3,8,2150000.0
2860,4,3.25,90,0,2.0,3,9,825050.0
2540,3,1.5,55,0,1.0,3,8,690000.0
1140,4,1.0,57,0,1.5,3,6,390000.0
1320,3,2.0,20,0,3.0,3,7,385000.0
2040,3,2.5,28,0,2.0,3,8,619000.0
1790,4,2.25,32,0,1.0,3,7,494000.0
1910,3,2.0,60,0,1.0,3,8,412450.0
1460,3,1.75,87,0,2.0,3,7,580000.0
1420,3,1.5,57,0,1.0,5,7,269900.0
1790,4,1.5,87,0,1.5,5,7,704300.0
1390,3,2.0,9,0,2.0,3,8,267000.0
1880,4,1.75,38,0,1.0,3,7,310000.0
1570,3,1.5,107,0,2.0,3,7,227064.0
2690,3,2.5,71,0,2.0,5,7,925000.0
1670,3,1.75,23,0,1.0,3,8,245000.0
1040,3,1.0,45,0,1.0,3,7,339888.0
1560,4,2.0,46,0,1.0,4,7,439000.0
1470,2,1.0,74,0,1.0,2,7,400000.0
2070,3,2.25,59,0,1.5,3,8,560000.0
1370,2,1.0,73,0,1.0,3,8,703011.0
1120,2,1.0,88,0,1.0,3,7,363000.0
2640,4,2.75,13,0,2.0,3,9,650000.0
1030,3,1.0,43,0,1.0,4,7,299950.0
1120,3,1.0,73,0,1.0,3,6,228950.0
1730,4,1.75,58,0,1.0,3,7,465000.0
2090,3,2.5,32,0,2.0,3,9,725000.0
920,3,1.0,37,0,1.0,4,7,212500.0
2970,4,2.25,31,0,2.0,3,8,526000.0
1720,3,2.5,21,0,2.0,3,8,383000.0
1460,3,1.75,27,0,1.0,3,7,244000.0
1540,3,1.5,84,0,1.5,5,7,565000.0
2850,8,3.0,56,0,1.0,3,7,373000.0
1310,3,2.0,52,0,1.0,3,7,300000.0
2430,5,2.5,13,0,2.0,3,9,405000.0
1700,3,1.5,60,0,1.0,4,8,979000.0
2160,4,1.75,36,0,2.0,4,8,324888.0
860,3,1.5,86,0,1.0,3,6,445000.0
2050,3,3.5,9,0,2.0,3,8,761000.0
1650,4,2.0,43,0,1.0,3,7,435000.0
1570,3,2.25,23,0,1.0,3,7,252000.0
1660,3,1.75,57,0,1.5,3,7,350000.0
1220,3,1.0,59,0,1.0,4,7,875000.0
1220,3,1.0,60,0,1.0,4,7,940000.0
1780,3,2.0,50,0,1.0,3,7,280000.0
2180,3,2.5,10,0,2.0,3,8,450000.0
3520,3,2.5,10,0,2.5,3,9,905000.0
2220,3,2.5,16,0,2.0,3,8,382450.0
1610,3,2.0,47,0,1.0,4,7,246700.0
1070,3,1.5,58,0,1.0,3,6,220000.0
1060,3,1.0,102,0,1.0,2,6,555750.0
1160,3,1.5,52,0,1.0,3,7,262500.0
910,2,1.0,65,0,1.0,3,7,515000.0
2970,3,2.5,16,0,2.0,3,9,499500.0
790,1,1.0,72,0,1.0,3,6,135000.0
1540,2,2.0,66,0,2.0,3,7,462500.0
3130,4,2.5,59,0,1.0,3,9,937500.0
1470,3,1.5,74,0,1.0,3,7,458000.0
3160,4,2.75,81,0,1.5,3,8,845000.0
2675,3,2.25,30,0,2.0,3,8,660000.0
1340,3,2.0,28,0,1.0,4,7,265000.0
3830,9,4.5,76,0,2.5,3,7,599999.0
1800,3,2.5,27,0,2.0,3,8,280000.0
2990,3,3.25,40,0,2.0,4,10,1055000.0
3720,4,3.0,54,0,1.0,4,9,875000.0
920,3,1.0,53,0,1.0,4,6,125000.0
3280,4,3.0,9,0,2.0,3,7,634800.0
1440,4,1.0,51,0,1.0,2,7,269950.0
1940,3,2.25,33,0,1.0,4,8,359950.0
1590,3,1.75,35,0,1.0,4,8,417000.0
1340,2,2.0,7,0,1.0,3,8,389000.0
3770,4,2.5,17,0,2.0,3,11,1038000.0
2680,6,2.5,47,0,1.0,5,7,698000.0
2820,4,2.5,7,0,2.0,3,8,685000.0
1520,3,1.75,82,0,1.0,3,5,198500.0
2560,4,2.5,3,0,2.0,3,8,350000.0
3310,3,2.5,96,0,1.0,3,8,649950.0
1540,3,1.5,47,0,1.0,3,7,441000.0
1430,3,1.75,50,0,1.0,4,8,462600.0
2506,4,2.5,9,0,2.0,3,7,365070.0
2250,4,2.0,58,0,1.0,5,7,550000.0
2740,5,1.75,70,0,1.0,4,7,470000.0
1540,3,1.75,37,0,1.0,3,6,340000.0
4190,4,2.75,49,0,1.0,4,9,910000.0
1690,4,1.75,36,0,1.0,3,7,405000.0
1990,4,2.25,82,0,1.5,4,8,661000.0
2410,4,2.5,21,0,2.0,3,9,635000.0
1150,2,1.0,67,0,1.0,3,7,282000.0
1720,4,1.75,59,0,2.0,3,7,235000.0
1260,3,2.0,33,0,2.0,4,7,277500.0
2020,5,2.5,37,0,1.0,4,8,346500.0
2240,5,2.25,56,0,1.0,3,7,480000.0
1930,4,2.25,18,0,2.0,3,8,360000.0
1820,3,2.5,20,0,1.0,3,7,245000.0
1560,3,3.5,19,0,2.0,3,8,625000.0
2170,5,3.0,103,0,1.5,4,8,750500.0
1600,3,1.75,38,0,1.0,3,8,525000.0
3760,4,3.5,16,0,2.0,3,9,740000.0
1240,3,1.5,57,0,1.0,4,7,523000.0
1090,3,1.75,86,0,1.5,5,8,292000.0
2740,4,2.5,54,0,1.0,3,8,625000.0
3110,3,2.5,13,0,2.0,3,9,700000.0
1610,3,2.5,8,0,2.0,3,7,399950.0
1880,4,3.5,8,0,3.0,3,8,545000.0
1740,4,2.0,60,0,1.0,5,6,339999.0
3270,4,2.25,105,0,2.0,5,8,1210000.0
1990,3,2.5,11,0,2.0,3,8,545000.0
1960,4,1.75,48,0,1.0,4,8,260000.0
1680,3,1.75,22,0,1.0,3,7,526000.0
2910,4,3.0,11,0,2.0,3,9,701000.0
1500,3,2.25,46,0,1.0,4,7,290000.0
580,1,1.0,106,0,1.0,3,7,330600.0
2540,3,1.75,66,0,1.0,3,7,550500.0
950,2,1.0,66,0,1.0,3,7,430000.0
810,2,1.0,86,0,1.0,3,7,260600.0
4080,5,3.0,53,0,2.0,4,8,825000.0
1820,4,2.0,58,0,1.0,5,7,378950.0
2650,4,2.5,15,0,2.0,3,7,435000.0
1670,3,2.25,0,0,2.0,3,9,631000.0
2480,3,2.5,28,0,2.0,3,8,415000.0
1240,3,1.75,47,0,1.0,3,8,222000.0
1390,3,2.0,27,0,1.0,3,7,245000.0
2880,3,2.5,30,0,2.0,4,10,720000.0
1060,3,1.0,54,0,1.0,4,7,215000.0
1070,2,1.0,90,0,1.0,3,7,579100.0
1640,4,1.75,71,0,1.5,4,7,522500.0
1510,3,2.0,42,0,1.0,4,7,489000.0
1230,3,1.0,90,0,1.5,4,6,240000.0
1510,3,2.0,8,0,1.0,3,8,420250.0
3180,4,2.5,47,0,2.0,3,8,523000.0
2260,4,2.0,56,0,1.0,3,8,628000.0
1920,4,2.5,25,0,2.0,4,8,320000.0
1980,3,2.5,15,0,2.0,3,8,359950.0
1200,2,1.0,56,0,1.0,4,6,232000.0
2020,4,2.25,53,0,1.0,4,8,810000.0
2010,4,1.5,93,0,1.5,4,7,245000.0
1930,3,2.25,31,0,1.0,3,7,273000.0
2710,5,2.5,56,0,1.0,3,8,1191000.0
1950,5,1.0,98,0,1.5,4,7,438000.0
2110,3,1.75,55,0,1.0,4,8,400000.0
1250,3,1.0,63,0,1.0,4,7,340000.0
1380,2,2.5,8,0,3.0,3,9,552000.0
2050,3,1.75,23,0,2.0,3,8,790000.0
1800,3,1.5,83,0,2.0,3,8,360000.0
1310,3,1.0,81,0,1.0,3,7,235000.0
1010,2,1.0,101,0,1.0,3,7,775000.0
1850,3,2.75,49,0,1.5,5,7,489200.0
1750,3,2.25,37,0,2.0,4,8,341000.0
2154,4,2.5,2,0,2.0,3,8,335000.0
1230,3,1.75,11,0,2.0,3,8,393500.0
1960,3,2.0,74,0,1.0,4,6,360000.0
1070,4,1.0,92,0,1.0,3,6,400800.0
1450,3,1.0,75,0,1.0,3,7,585000.0
3680,4,2.75,78,0,2.0,3,9,1600000.0
5760,4,2.5,20,0,2.0,4,12,2880500.0
1220,3,1.0,59,0,1.0,4,7,300000.0
2950,4,2.75,102,0,2.0,5,7,1045000.0
1340,3,1.5,15,0,2.0,3,7,360000.0
2870,4,2.25,88,0,2.0,4,8,665900.0
2590,4,1.0,103,0,1.5,4,7,470000.0
2090,4,1.75,51,0,1.0,4,8,581000.0
3000,6,3.5,35,0,1.0,3,8,527000.0
1730,4,1.75,60,0,1.0,4,7,423000.0
2850,4,3.5,88,0,1.5,3,7,875000.0
1020,3,1.0,63,0,1.0,3,7,410000.0
2200,3,2.5,18,0,2.0,3,9,606000.0
3240,3,2.5,18,0,2.0,3,7,654000.0
490,3,0.75,55,0,1.5,4,5,150000.0
2990,3,2.5,11,0,1.0,3,7,373000.0
2450,5,2.0,114,0,1.0,4,7,550000.0
1900,3,2.5,24,0,2.0,3,8,512500.0
2640,4,2.5,12,0,2.0,3,7,360000.0
1340,3,2.0,17,0,3.0,3,8,369000.0
3220,4,2.5,11,0,2.0,3,9,825000.0
930,3,2.0,36,0,1.0,3,7,255000.0
3240,4,2.5,68,0,1.0,3,10,1285000.0
2630,5,2.5,46,0,1.5,4,8,270000.0
1730,3,2.5,18,0,2.0,3,8,480680.0
2120,4,1.75,50,0,1.0,3,8,525000.0
880,3,1.0,68,0,1.5,5,6,291500.0
1800,4,2.0,40,0,1.0,4,7,305000.0
1600,3,1.75,17,0,1.0,3,7,285000.0
3280,3,2.5,89,1,2.0,3,11,1875000.0
3290,5,1.75,47,0,1.0,3,7,329500.0
2890,4,2.25,30,1,3.0,3,10,1570000.0
1730,3,2.5,23,0,1.0,3,7,379260.0
1590,3,2.5,14,0,2.0,3,7,356000.0
1710,4,1.75,58,0,1.0,4,7,571900.0
1995,3,1.75,57,0,2.0,3,7,271500.0
1300,3,1.75,48,0,1.0,4,7,390000.0
2720,3,2.5,30,0,1.0,3,8,550000.0
1360,2,2.5,16,0,2.0,3,8,755000.0
1590,2,2.5,20,0,2.0,3,8,509500.0
1200,2,1.0,73,0,1.0,3,7,486700.0
1170,2,1.0,104,0,1.5,3,7,527500.0
2010,5,2.5,102,0,1.5,3,6,475000.0
1880,3,2.75,13,0,2.0,3,7,268000.0
3250,3,2.0,37,0,2.0,4,8,562000.0
2270,4,2.5,39,0,1.0,4,9,780000.0
3680,9,3.0,107,0,2.0,3,7,700000.0
1880,3,2.0,83,0,1.0,4,8,710000.0
1050,3,1.0,67,0,1.0,4,7,445000.0
2250,3,3.25,9,0,1.0,3,9,729000.0
1689,3,3.25,6,0,3.0,3,8,384400.0
2860,6,3.0,53,0,1.0,3,8,815000.0
2710,4,2.5,24,0,3.0,4,10,865000.0
1770,3,2.0,47,0,1.0,4,7,514000.0
2820,4,2.75,49,0,1.0,3,8,615000.0
3400,4,3.25,34,0,1.0,4,8,865000.0
3110,4,2.5,10,0,2.0,3,9,755000.0
1480,4,1.0,62,0,1.0,3,7,425000.0
940,2,1.0,104,0,1.0,3,6,375000.0
2680,4,2.5,6,0,2.0,3,8,750000.0
3190,4,2.75,9,0,2.0,3,9,722000.0
1920,3,2.5,66,0,2.0,3,9,1011000.0
2610,3,2.5,18,0,2.0,3,9,725000.0
1040,3,0.75,67,0,1.0,2,6,170000.0
2880,4,3.25,33,0,1.0,3,11,845000.0
1450,3,2.0,24,0,2.0,4,7,271900.0
3902,6,4.5,37,0,3.0,4,9,1300000.0
2460,4,2.5,37,0,1.0,3,8,261500.0
2170,3,2.5,11,0,2.0,3,9,619500.0
1970,5,2.25,28,0,1.0,3,7,435000.0
1000,3,1.0,60,0,1.0,3,7,210000.0
1580,3,2.0,105,0,1.0,4,7,489950.0
2130,4,1.5,52,0,1.0,3,7,260000.0
1370,4,1.0,65,0,1.0,3,7,300000.0
2150,4,2.0,49,0,1.0,3,8,530000.0
1370,3,1.75,37,0,1.0,4,8,235000.0
1370,3,1.0,97,0,2.0,4,8,593500.0
3290,3,3.0,39,0,2.0,4,8,562000.0
3190,3,2.0,21,0,2.0,3,9,585000.0
4140,4,3.25,37,0,1.0,3,10,2400000.0
1690,3,1.75,29,0,1.0,3,7,199500.0
1690,5,1.0,100,0,1.5,3,7,544500.0
1430,3,1.0,53,0,1.0,3,7,394900.0
1980,4,3.75,5,0,2.0,3,9,912000.0
1490,3,2.5,24,0,2.0,4,7,260000.0
3620,5,3.0,51,0,1.0,5,8,858000.0
2720,4,2.5,51,0,1.0,5,9,1275000.0
1490,4,1.75,45,0,1.0,4,7,242150.0
1230,3,1.75,28,0,1.0,3,7,220000.0
1900,3,2.0,38,0,1.0,4,7,235000.0
1530,3,1.75,36,0,1.0,4,7,370000.0
2290,3,1.75,33,0,1.0,3,8,450000.0
2240,5,1.5,58,0,1.0,3,8,534950.0
3470,4,2.5,10,0,2.0,3,9,730000.0
3050,4,2.5,31,0,1.0,4,8,465000.0
1100,3,1.0,59,0,1.0,4,7,178000.0
1610,3,1.0,39,0,1.0,3,7,215000.0
1910,3,2.75,31,0,1.0,3,8,300000.0
1510,3,2.0,41,0,1.0,3,7,430000.0
1280,3,1.5,29,0,2.0,4,6,183000.0
1910,3,2.5,7,0,2.5,3,8,585000.0
1170,3,1.0,45,0,2.0,4,6,192950.0
1550,2,1.0,84,0,1.0,3,7,599000.0
1060,3,1.0,46,0,1.0,4,7,326500.0
1040,2,1.0,70,0,1.0,3,7,358803.0
1550,3,2.5,15,0,2.0,5,7,537000.0
2490,3,2.5,53,1,1.0,4,9,1155000.0
920,2,1.0,65,0,1.0,4,6,156000.0
1250,3,1.0,76,0,1.5,5,6,219000.0
2540,3,1.5,93,0,2.0,4,8,1190000.0
2190,5,1.75,37,0,1.0,3,8,248000.0
1340,3,1.75,28,0,1.0,4,7,340000.0
2410,5,2.5,40,0,1.0,4,8,899100.0
1830,3,1.75,51,0,1.0,3,7,346950.0
1850,3,1.0,86,0,2.0,3,6,330000.0
1410,3,1.0,60,0,1.0,3,7,325000.0
1460,3,1.75,39,0,1.0,3,8,315000.0
1500,3,2.5,0,0,2.0,3,9,649950.0
1130,3,1.0,72,0,1.5,4,6,316000.0
1620,2,2.5,6,0,2.0,3,8,386000.0
2330,2,1.75,33,0,1.0,3,7,535000.0
1520,3,3.0,12,0,3.0,3,7,600000.0
2840,4,2.5,13,0,2.0,3,8,339000.0
1520,3,2.0,65,0,1.0,3,7,167000.0
1740,3,1.0,62,0,1.0,3,8,430000.0
4000,4,4.0,7,0,2.0,3,9,688000.0
2780,3,2.25,66,0,1.0,4,9,834500.0
3500,4,4.25,63,0,1.0,5,9,1075000.0
1060,3,1.0,54,0,1.0,3,7,250000.0
1290,3,1.0,89,0,1.5,3,7,402500.0
2390,3,2.5,36,0,1.0,3,8,432500.0
2460,5,1.75,42,0,1.0,3,7,485000.0
2930,4,2.75,36,0,1.0,4,9,560000.0
2200,4,2.25,24,0,2.0,3,7,410000.0
1870,3,2.5,34,0,1.0,3,8,455000.0
2060,4,2.5,39,0,1.0,4,7,459500.0
1610,4,1.75,46,0,1.0,3,7,371000.0
2120,3,2.25,13,0,2.0,3,7,289500.0
1450,3,3.5,7,0,2.0,3,8,395000.0
1980,2,1.0,91,0,1.0,4,7,496752.0
860,2,1.0,71,0,1.0,3,6,227000.0
1460,3,1.75,29,0,1.0,3,7,330000.0
2590,5,2.0,57,0,1.0,4,7,480000.0
1120,2,1.0,38,0,1.0,3,6,290000.0
1340,3,1.0,69,0,1.5,4,5,281000.0
1780,4,1.5,89,0,1.5,3,8,705000.0
2920,4,2.5,105,0,1.5,5,8,1400000.0
2820,4,3.25,56,0,1.0,3,7,485000.0
1550,3,2.25,12,0,3.0,3,8,622000.0
1600,3,2.25,56,0,1.0,4,8,380000.0
3190,4,2.75,32,0,2.0,4,10,2125000.0
1960,3,1.75,75,0,1.0,4,7,561500.0
970,3,1.0,42,0,1.0,3,7,242000.0
1360,3,1.5,48,0,1.0,4,7,348500.0
1360,3,1.5,49,0,1.0,4,7,370000.0
3810,6,3.75,38,0,2.0,4,8,752000.0
1340,3,1.75,29,0,1.0,3,7,230000.0
1990,3,2.25,3,0,3.0,3,9,715000.0
1120,3,1.75,47,0,1.0,3,7,240415.0
2060,4,1.75,92,0,1.5,3,7,562000.0
1170,3,1.5,97,0,1.0,5,6,360000.0
1610,3,2.5,0,0,2.0,3,9,659950.0
1890,3,2.0,2,0,2.0,3,9,458500.0
1070,2,2.0,7,0,2.0,3,9,259950.0
1680,3,1.75,25,0,1.0,3,8,366000.0
2890,4,2.75,1,0,2.0,3,9,978000.0
1360,2,1.0,68,0,1.0,3,7,525000.0
1660,3,1.5,107,0,2.0,3,8,926300.0
1620,2,1.0,64,0,1.0,3,7,750000.0
960,2,1.0,72,0,1.0,4,6,660000.0
1000,4,1.75,67,0,1.5,4,6,305000.0
2395,2,2.5,12,0,1.0,3,8,800000.0
3050,4,1.75,49,0,1.0,3,8,600000.0
1120,2,1.0,42,0,1.5,4,6,435000.0
2960,4,3.25,8,0,2.0,3,9,1135000.0
1250,3,2.25,6,0,3.0,3,8,318000.0
1940,4,2.0,104,0,1.0,4,7,639000.0
1750,3,2.5,38,0,2.0,3,8,453000.0
2150,4,1.75,59,0,1.0,4,7,800000.0
1500,2,1.75,72,0,1.0,4,7,437000.0
3230,3,2.75,89,1,2.0,3,7,1150000.0
3000,4,2.5,29,0,2.0,3,8,490000.0
1520,4,1.75,47,0,1.0,4,7,499950.0
1190,3,1.5,46,0,1.0,3,7,160134.0
990,3,1.0,61,0,1.0,3,7,191000.0
1250,3,1.0,50,0,1.0,3,7,221000.0
2080,4,2.0,54,0,1.0,3,7,352800.0
1640,3,2.5,27,0,2.0,3,7,350000.0
1550,4,1.5,96,0,1.5,3,7,458000.0
1290,3,1.0,54,0,1.0,4,7,359950.0
3250,3,3.0,11,0,2.0,3,10,1050000.0
1260,3,1.75,72,0,1.0,5,6,353000.0
2840,3,3.5,8,0,3.0,3,10,717550.0
1960,3,2.25,37,0,2.0,4,8,450000.0
760,3,1.0,111,0,1.0,2,5,167500.0
2240,3,1.75,38,0,2.0,5,8,550000.0
2240,4,2.25,45,0,2.0,4,9,939000.0
1820,3,1.75,67,0,1.0,3,8,700000.0
3370,4,3.5,9,0,2.0,3,9,480000.0
1160,3,1.0,85,0,1.0,4,8,501000.0
1640,3,2.25,28,0,1.0,3,8,580000.0
820,1,0.75,15,0,1.0,3,5,527550.0
2800,4,2.5,9,0,2.0,3,9,399000.0
1780,3,1.75,58,0,1.5,3,6,240000.0
2200,4,2.75,26,0,1.0,3,7,353000.0
1480,4,2.0,104,0,1.0,5,6,335000.0
2010,3,3.0,14,0,2.0,3,7,475000.0
2880,3,2.0,88,0,1.5,4,7,660000.0
940,3,1.0,114,0,1.0,5,6,551000.0
1620,4,1.75,47,0,1.0,3,7,249950.0
4400,4,3.25,26,0,2.0,3,11,1150000.0
1530,3,1.75,59,0,1.0,3,7,575000.0
3460,4,2.75,40,0,1.0,4,9,1088890.0
2890,4,2.5,8,0,2.0,3,7,515000.0
1980,3,1.5,55,0,1.0,3,7,235000.0
1980,3,1.0,102,0,1.5,3,8,796000.0
1450,2,1.5,31,0,1.0,3,7,450000.0
4280,4,3.0,43,0,1.0,5,11,2050000.0
1810,4,2.5,20,0,2.0,3,7,270000.0
2490,3,3.0,15,1,2.0,3,10,1705000.0
1610,3,1.0,87,0,1.5,5,7,565000.0
1820,1,2.5,104,0,2.0,3,7,680000.0
3520,4,2.5,22,0,2.0,4,10,864500.0
3740,4,2.25,63,0,1.0,4,9,1150000.0
2150,3,2.25,23,0,2.0,3,7,335000.0
3526,4,3.25,18,0,2.0,3,10,911000.0
1070,2,1.0,64,0,1.0,3,7,425000.0
1410,3,1.0,65,0,1.0,3,7,299950.0
3190,4,2.5,15,0,2.0,3,10,864000.0
1270,2,1.0,76,0,1.0,3,7,425000.0
1970,4,1.5,51,0,1.5,4,7,374950.0
1640,3,2.25,46,0,1.0,4,8,247000.0
1600,3,1.0,61,0,1.0,3,8,475000.0
3020,3,2.5,11,0,2.0,3,7,275000.0
1350,2,1.0,67,0,1.0,3,6,355000.0
1870,4,1.75,56,0,1.0,3,7,285000.0
2730,3,2.75,51,1,1.5,3,9,1338750.0
1100,2,1.0,34,0,1.0,3,7,325000.0
4320,5,3.5,18,0,2.0,4,11,1670000.0
2700,3,2.5,55,0,1.0,4,7,402000.0
3700,3,3.0,14,0,1.0,3,10,1100000.0
2190,4,1.75,55,0,1.0,4,7,375000.0
2840,5,2.75,54,0,1.0,3,7,396000.0
2610,4,2.75,27,0,1.0,4,8,320000.0
2630,3,2.5,13,0,2.0,3,8,610000.0
1090,3,1.5,48,0,1.0,5,7,249950.0
3090,4,3.5,16,0,2.0,3,9,675000.0
1670,2,2.0,96,0,1.0,4,6,448000.0
1300,3,1.0,115,0,2.0,3,7,819000.0
3670,3,2.5,31,0,1.0,3,10,1250000.0
1700,4,2.5,20,0,2.0,3,8,225000.0
2560,2,3.0,10,0,1.0,3,8,790000.0
2770,4,2.5,22,0,2.0,3,8,685000.0
3240,3,3.25,13,0,2.0,3,9,812000.0
2300,2,2.5,7,0,1.0,3,8,705000.0
2483,4,3.0,10,0,2.0,3,8,360000.0
760,1,1.5,9,0,3.0,3,8,344000.0
2040,4,1.5,111,0,2.0,3,9,825000.0
1200,3,1.0,70,0,1.0,4,7,476500.0
960,2,1.0,65,0,1.0,5,7,379500.0
2410,3,1.75,34,0,1.0,3,8,620000.0
2260,3,3.25,14,0,2.0,3,8,477590.0
1910,3,1.0,68,0,1.0,4,7,490000.0
1500,3,1.5,87,0,1.5,4,7,470000.0
1360,3,2.25,8,0,2.0,3,8,500000.0
1320,3,1.0,32,0,1.0,3,7,370000.0
1940,2,1.5,92,0,1.0,3,7,790000.0
2650,4,2.5,28,0,2.0,3,8,725000.0
3040,4,2.75,108,0,2.0,3,9,840000.0
1240,3,1.0,62,0,1.0,4,7,390000.0
2210,3,2.25,56,0,1.0,4,7,507000.0
1540,3,1.75,63,0,1.0,4,6,263500.0
1320,3,2.5,10,0,2.0,3,8,369000.0
3040,3,2.5,6,0,2.0,3,9,500000.0
910,2,1.0,92,0,1.0,4,7,570000.0
2040,4,3.0,21,0,1.0,3,8,284000.0
980,2,1.0,67,0,1.0,3,7,415000.0
980,3,1.0,111,0,1.5,3,6,197500.0
4420,4,3.75,52,0,2.0,3,9,925000.0
1570,3,2.0,61,0,1.0,3,7,468000.0
1600,3,1.0,84,0,1.5,5,6,355000.0
1830,4,1.75,75,0,1.0,4,7,639000.0
2820,3,2.5,24,0,2.0,3,11,720000.0
1800,3,1.75,64,0,1.0,5,6,381000.0
4380,3,4.0,31,0,2.0,5,11,1050000.0
2980,3,3.0,9,0,2.0,3,9,670000.0
1690,3,1.0,72,0,1.0,3,7,400000.0
4040,4,3.5,27,0,2.0,3,11,910000.0
1250,3,1.0,84,0,1.0,3,6,294000.0
1500,3,1.75,47,0,1.0,2,7,315001.0
1630,3,2.0,55,0,1.0,5,7,360000.0
1410,3,2.0,112,0,2.0,4,7,520000.0
1140,3,1.0,70,0,1.0,4,6,474000.0
3280,4,2.5,11,0,2.0,3,7,702000.0
3490,4,3.5,13,0,2.0,3,9,728000.0
2020,4,2.5,22,0,2.0,3,8,308000.0
4580,5,4.0,10,1,3.0,3,10,2000000.0
2270,3,2.5,28,0,2.0,3,8,340000.0
1310,2,1.75,68,0,1.0,4,6,306500.0
1420,3,2.0,111,0,1.5,4,7,716000.0
2980,4,3.0,33,0,2.0,2,10,950000.0
4180,5,3.0,11,0,2.0,3,7,673200.0
1950,4,2.25,54,0,1.0,3,7,564500.0
1790,4,1.75,41,0,1.0,4,8,393000.0
1400,5,1.75,99,0,1.0,3,5,425000.0
1320,3,1.0,35,0,1.0,3,7,150000.0
1620,4,2.25,35,0,1.0,3,8,327000.0
3120,4,2.5,17,0,2.0,3,9,444900.0
2100,4,2.5,16,0,2.0,3,8,305000.0
1370,3,3.25,10,0,3.0,3,8,469000.0
1520,3,1.75,45,0,1.0,5,8,525000.0
2410,3,2.5,37,0,1.0,3,7,330000.0
1260,4,1.0,103,0,1.0,4,7,618000.0
2830,4,2.5,32,0,1.0,3,8,295500.0
2064,3,2.0,111,0,2.0,5,7,567035.0
2640,4,2.25,37,0,1.0,3,8,518000.0
1020,2,1.0,37,0,1.0,3,7,303000.0
2200,4,2.5,16,0,2.0,3,7,300000.0
1420,3,1.5,58,0,1.0,4,7,413107.0
1350,3,1.0,100,0,1.5,5,6,400000.0
1290,3,1.0,74,0,1.0,4,7,535000.0
1680,4,2.0,99,0,1.0,5,7,555000.0
2280,3,2.5,6,0,2.0,3,8,312000.0
1840,3,2.25,104,0,1.5,5,8,785200.0
2040,4,2.0,55,0,1.0,3,7,749000.0
1490,3,1.5,58,0,1.0,3,7,285000.0
2440,4,2.5,7,0,2.0,3,7,425000.0
1930,3,2.0,56,0,1.0,3,8,360000.0
1200,3,1.0,61,0,1.0,4,7,260000.0
1550,3,2.0,55,0,1.0,3,7,369000.0
2180,4,2.5,36,0,1.0,4,8,275000.0
1430,3,2.25,9,0,3.0,3,8,407000.0
1230,2,1.75,66,0,1.0,3,8,575000.0
1670,3,1.5,87,0,2.0,4,8,1236000.0
2720,2,2.5,79,0,1.0,4,8,875000.0
2220,4,1.5,53,0,1.0,4,7,320000.0
1520,3,1.5,60,0,1.0,4,7,810000.0
1590,3,1.75,31,0,1.0,4,7,274000.0
1480,4,1.75,55,0,1.0,3,7,239900.0
1860,4,1.5,61,0,1.0,3,7,450000.0
1360,4,2.0,54,0,1.0,3,6,263400.0
1360,3,1.0,61,0,1.0,3,6,265000.0
2360,4,3.0,54,0,1.0,3,7,418000.0
2360,3,2.0,11,0,2.0,3,8,390000.0
1860,3,2.0,106,0,1.0,3,7,430000.0
2630,3,2.25,28,0,2.5,4,8,1442500.0
1280,2,1.75,18,0,1.0,4,7,297000.0
2330,4,2.25,27,0,2.0,3,8,650000.0
720,2,1.0,64,0,1.0,3,6,195000.0
3380,3,3.5,15,0,2.0,3,9,554000.0
3650,3,2.0,23,0,2.0,4,7,550000.0
1640,3,1.75,64,0,1.5,5,7,700000.0
1730,4,1.0,66,0,1.5,3,5,300000.0
1030,2,1.0,62,0,1.5,5,6,315000.0
1790,3,1.0,71,0,1.0,3,7,603000.0
840,2,1.0,90,0,1.0,4,7,530000.0
1300,3,1.75,45,0,1.0,3,7,397500.0
1240,3,1.0,111,0,1.5,4,6,221000.0
2170,4,2.25,38,0,1.0,3,7,466000.0
1330,3,1.0,109,0,2.0,5,7,197500.0
1390,3,3.0,9,0,2.0,3,7,280000.0
1240,2,1.5,105,0,1.0,4,6,412000.0
880,2,1.0,64,0,1.0,4,7,454000.0
2540,4,2.25,24,0,1.0,3,8,540000.0
2520,5,1.5,86,0,1.5,4,7,250000.0
2510,5,2.25,48,0,1.0,3,9,900000.0
2020,5,1.75,52,0,1.0,3,7,245000.0
2060,3,1.75,27,0,1.0,3,7,290000.0
930,2,1.0,82,0,1.0,3,6,160000.0
2700,2,1.5,105,0,1.5,3,8,1260000.0
1060,2,1.0,76,0,1.0,3,7,325000.0
670,2,1.0,68,0,1.0,4,5,185000.0
1750,3,2.0,98,0,1.0,3,7,477000.0
930,2,1.0,72,0,1.0,2,6,100000.0
2420,4,2.5,30,0,1.0,3,8,345000.0
2410,4,2.25,50,0,1.0,4,7,530000.0
1150,3,1.0,61,0,1.0,4,6,203000.0
2480,4,2.5,10,0,2.0,3,7,599000.0
1310,4,1.0,74,0,1.5,3,7,370000.0
1240,3,1.0,61,0,1.0,4,6,140000.0
1150,3,1.0,103,0,2.0,3,8,500000.0
1460,3,1.75,86,0,1.0,4,7,527200.0
3060,5,2.75,35,0,1.0,5,8,549900.0
3520,4,2.5,9,0,2.0,3,9,760000.0
960,2,1.0,63,0,1.0,4,7,319000.0
2430,3,2.5,17,0,2.0,3,8,362300.0
1930,3,2.5,42,0,1.0,4,7,421000.0
1090,3,1.0,70,0,1.5,4,7,690000.0
2790,3,2.5,61,0,1.0,5,8,640000.0
1650,4,1.75,36,0,1.0,3,7,238000.0
3740,3,3.0,23,0,2.0,3,10,789000.0
5310,6,4.0,48,0,2.0,3,10,1050000.0
1690,3,2.5,7,0,2.0,3,7,302500.0
1400,4,1.75,52,0,1.0,3,7,259950.0
1440,3,1.5,39,0,1.0,4,7,456000.0
1360,3,2.5,27,0,2.0,3,7,369950.0
1726,3,1.75,32,0,2.0,4,7,363750.0
2220,3,1.75,25,0,1.0,3,8,585000.0
1850,3,2.5,28,0,2.0,3,7,268000.0
2860,5,2.5,104,0,2.0,4,8,1200000.0
1120,3,1.0,109,0,1.0,3,6,345000.0
2340,4,2.5,22,0,2.0,3,9,539000.0
3760,5,3.25,30,0,2.0,3,9,851000.0
1920,3,2.5,18,0,2.0,3,10,900000.0
3230,3,2.5,69,0,2.0,5,8,850000.0
1260,3,1.75,48,0,1.0,4,7,390000.0
1540,3,1.75,59,0,1.0,4,7,345000.0
1700,3,2.5,9,0,2.0,3,8,534500.0
3600,6,5.25,43,0,2.0,3,7,643500.0
3150,3,2.75,90,0,1.5,4,8,1206500.0
1280,2,1.75,86,0,1.0,4,7,495000.0
980,2,1.0,64,0,1.0,3,7,535000.0
2190,4,2.5,10,0,2.0,3,7,435000.0
2470,4,2.0,5,0,2.0,3,7,305000.0
2590,4,2.5,13,0,2.0,3,9,799000.0
2580,4,2.5,15,0,2.0,3,9,700000.0
1270,3,2.25,9,0,2.0,3,8,467000.0
1250,3,1.0,56,0,1.0,3,6,263000.0
4660,4,2.5,11,0,2.0,3,9,760000.0
2019,4,2.5,7,0,2.0,3,8,293000.0
1490,3,2.0,25,0,1.0,3,7,245000.0
1560,2,1.5,65,0,1.0,2,7,181000.0
1030,3,1.0,53,0,1.0,4,7,240000.0
2560,4,2.75,39,0,1.0,4,8,880000.0
1460,3,2.0,19,0,1.0,3,7,285000.0
770,2,1.0,65,0,1.0,3,7,407500.0
1960,4,2.5,10,0,2.0,3,7,325000.0
1900,3,1.75,36,0,1.0,3,7,405000.0
1970,3,2.5,88,0,1.5,3,6,291700.0
2490,3,2.5,19,0,2.0,3,8,370000.0
1430,3,1.5,61,0,1.0,4,6,270000.0
2680,4,2.5,62,0,1.0,3,8,800000.0
1610,3,1.75,86,0,1.0,5,7,626500.0
4300,4,3.5,27,0,2.0,3,11,1130000.0
3200,4,2.5,11,0,2.0,3,7,399950.0
2140,3,1.75,56,0,1.0,4,7,419000.0
4240,4,2.5,25,0,2.0,3,10,1160000.0
3410,4,3.5,6,0,2.0,3,10,1405000.0
2090,4,2.75,47,0,2.0,5,7,710000.0
1410,3,1.0,73,0,1.0,4,6,650000.0
2820,4,2.5,31,0,2.0,4,9,369900.0
2770,4,2.5,17,0,2.0,3,9,641000.0
1400,3,1.0,64,0,1.0,3,7,403000.0
3620,3,3.25,9,0,2.0,3,10,1015000.0
2260,4,2.5,40,0,1.0,4,8,865000.0
3440,4,2.5,83,1,1.5,5,10,2485000.0
2150,4,1.0,88,0,2.0,4,8,810000.0
1256,3,2.5,9,0,3.0,3,7,316750.0
2220,4,2.25,25,0,2.0,3,8,652500.0
2850,6,2.75,53,0,1.0,3,7,360000.0
700,2,1.0,62,0,1.0,4,5,208000.0
3700,4,2.5,23,0,2.0,3,10,898000.0
1400,4,1.75,54,0,1.0,3,7,295000.0
3130,4,1.75,37,0,2.0,3,7,652500.0
2170,4,3.0,22,0,2.0,3,8,560000.0
1020,3,1.0,58,0,1.0,4,7,280000.0
1760,3,2.5,77,0,1.5,5,7,289950.0
1860,3,2.5,37,0,1.0,3,7,397500.0
1140,2,1.0,59,0,1.0,3,7,380000.0
1670,3,2.5,26,0,1.0,3,7,415900.0
1710,2,1.75,91,0,1.0,4,7,475000.0
500,1,1.0,86,0,1.0,1,5,125000.0
1470,3,1.0,56,0,1.0,3,7,238000.0
1370,4,1.5,61,0,1.0,3,7,296000.0
3470,6,3.0,90,0,1.5,3,7,475000.0
1650,3,2.25,105,0,1.5,3,7,390000.0
1180,3,1.0,74,0,1.0,3,6,425000.0
3110,6,3.0,93,0,1.5,5,7,725000.0
2080,3,2.25,41,0,1.0,4,8,605000.0
1600,3,1.0,108,0,2.0,2,7,302000.0
2380,3,2.25,84,0,2.0,5,9,886000.0
1630,4,1.75,96,0,1.0,5,7,540000.0
1910,4,2.25,40,0,2.0,3,7,435000.0
3140,4,3.25,22,0,2.0,3,7,409000.0
1250,3,1.0,40,0,1.0,3,7,405000.0
1990,3,2.5,10,0,2.0,3,8,560200.0
2110,4,1.75,39,0,1.0,3,8,324000.0
2490,4,2.5,15,0,2.0,3,9,390000.0
800,2,1.0,77,0,1.0,3,6,414000.0
2360,3,2.5,16,0,2.0,3,7,441500.0
1770,3,2.5,23,0,2.0,3,7,375000.0
2710,4,2.5,15,0,2.0,3,9,668500.0
1940,5,1.5,74,0,1.5,4,7,540000.0
3450,4,3.25,54,0,2.0,4,10,1035000.0
3440,4,3.25,1,0,2.0,3,10,1345000.0
2410,4,2.75,58,0,1.0,4,7,758000.0
2290,4,2.25,36,0,2.0,3,9,949880.0
1030,3,1.0,88,0,1.5,3,7,570000.0
2290,4,2.5,26,0,2.0,4,9,736000.0
1490,3,1.5,108,0,1.5,4,7,670000.0
2370,4,1.75,66,0,1.0,5,9,1130000.0
1930,4,2.0,100,0,1.5,4,8,650000.0
1600,2,1.75,96,0,1.0,5,7,690000.0
2240,4,2.25,27,0,2.0,3,7,610000.0
770,2,1.0,90,0,1.0,5,5,413500.0
2300,3,2.5,47,0,2.0,3,8,765000.0
3400,4,2.75,13,0,2.0,3,9,828200.0
900,2,1.0,96,0,1.0,3,6,205000.0
1450,3,2.5,19,0,1.0,3,8,465000.0
2240,4,2.5,10,0,2.0,3,8,556000.0
1780,4,2.5,20,0,2.0,3,8,540000.0
2320,4,2.5,10,0,2.0,3,8,423000.0
1590,3,1.75,52,0,1.0,3,8,375000.0
990,3,1.0,78,0,1.5,3,7,173250.0
2605,3,1.5,12,0,1.0,3,8,599900.0
2870,5,2.75,38,0,1.0,3,7,646000.0
5180,5,4.75,13,0,2.0,3,11,1075000.0
2180,4,2.0,114,0,1.0,3,7,558000.0
850,2,1.0,65,0,1.0,3,7,354000.0
4050,4,4.0,25,0,2.0,3,11,1195000.0
2250,4,2.0,106,0,1.5,3,7,670000.0
3100,6,4.25,36,0,3.0,3,11,1125000.0
1747,2,1.0,66,0,2.5,4,6,267500.0
2410,4,2.5,13,0,2.0,3,8,299800.0
2070,4,1.75,57,0,1.0,4,7,430000.0
1860,5,1.0,94,0,1.5,3,7,775000.0
950,3,1.0,71,0,1.0,3,7,333000.0
1060,3,2.0,64,0,1.0,4,6,336000.0
880,2,1.0,70,0,2.0,4,7,323000.0
2550,4,2.5,13,0,2.0,3,9,575000.0
1550,2,2.25,6,0,2.0,3,8,328000.0
1590,3,1.0,88,0,1.5,4,7,572500.0
1650,3,1.75,106,0,1.0,5,7,600000.0
2430,4,3.0,12,0,2.0,3,8,412000.0
1810,3,2.5,54,0,1.0,5,7,827500.0
2890,4,2.5,21,0,2.0,3,8,300000.0
1280,3,2.5,29,0,2.0,4,7,415000.0
3410,7,2.75,108,0,1.5,4,8,750000.0
2220,3,2.75,100,0,2.0,3,8,800000.0
1060,3,1.0,61,0,1.0,3,8,420000.0
1120,3,1.5,57,0,1.0,4,7,266000.0
2680,4,2.5,10,0,2.0,3,8,499000.0
1770,4,1.5,67,0,2.0,3,7,440000.0
2950,3,2.0,96,0,2.0,4,7,495000.0
1260,2,1.75,64,0,1.0,4,7,630000.0
1430,3,1.75,42,0,1.0,5,7,424000.0
2730,4,2.5,28,0,2.0,3,9,760000.0
3270,4,3.5,24,0,2.0,3,9,650000.0
1720,4,1.75,54,0,1.0,5,7,248500.0
1270,3,1.75,53,0,1.0,4,7,379600.0
3260,4,2.5,36,0,1.0,3,8,538000.0
2050,4,2.5,26,0,2.0,3,8,530000.0
2050,4,2.25,48,0,2.0,3,8,545000.0
3580,4,3.0,29,0,1.5,3,10,925000.0
1960,4,2.75,31,0,1.5,4,9,565000.0
840,2,1.0,67,0,1.0,3,6,405100.0
1300,3,1.75,51,0,1.0,4,8,502000.0
1260,3,2.25,11,0,2.0,3,7,425000.0
1650,3,2.25,29,0,2.0,3,7,233500.0
1710,3,2.5,29,0,2.0,3,7,287000.0
1180,3,1.0,49,0,1.0,3,7,190000.0
2780,3,2.25,35,0,2.0,3,8,666000.0
950,2,1.0,105,0,1.0,4,6,330000.0
3620,5,3.5,56,0,2.0,3,10,1490000.0
2140,3,2.25,27,0,2.0,3,8,393000.0
1920,4,2.75,16,0,1.0,3,8,353000.0
750,2,1.0,98,0,1.0,3,6,260000.0
2060,3,2.5,13,0,2.0,3,8,680000.0
2380,3,2.25,51,0,1.0,4,8,921000.0
750,2,1.0,65,0,1.0,3,7,319000.0
1160,3,1.0,32,0,1.0,2,7,280000.0
1050,3,1.0,72,0,1.0,3,6,220000.0
1740,3,1.5,38,0,1.0,4,7,219000.0
2050,4,2.75,26,0,1.0,3,8,528000.0
1980,3,1.75,65,0,1.0,4,7,405000.0
1690,3,2.5,0,0,2.0,3,8,372977.0
2320,4,3.25,105,0,1.5,4,9,934550.0
2480,3,1.5,75,0,2.0,3,10,1465000.0
2290,4,2.25,56,0,2.0,4,9,975000.0
3180,5,2.5,24,0,2.0,4,10,800866.0
3470,7,3.5,35,0,2.0,4,9,950000.0
1540,4,3.0,112,0,1.5,5,7,624000.0
2800,5,2.25,51,1,2.0,3,9,1850000.0
1050,3,1.0,61,0,1.0,3,7,310000.0
1480,3,1.75,46,0,1.0,4,7,315000.0
1010,3,2.0,72,0,1.0,5,6,675000.0
1660,3,1.75,49,0,1.0,4,8,490000.0
2760,5,2.25,57,0,1.0,3,7,600000.0
1040,2,1.0,65,0,1.0,3,6,154000.0
2220,4,1.75,50,0,2.0,4,8,480000.0
1270,3,1.0,61,0,1.0,3,6,196900.0
2960,3,3.25,25,0,2.0,3,10,735000.0
1330,3,2.0,29,0,1.0,3,7,205500.0
1210,2,1.75,0,0,2.0,3,8,357186.0
2120,4,2.5,17,0,2.0,3,7,275000.0
2090,3,1.75,66,0,1.0,4,7,248500.0
2680,3,2.5,24,0,2.0,3,8,350000.0
1790,4,2.75,27,0,1.0,3,7,390000.0
1950,3,2.75,58,0,1.0,3,7,390000.0
3740,5,2.25,36,0,1.5,4,9,660000.0
1140,3,1.75,64,0,1.0,5,7,310000.0
2480,3,2.5,14,0,2.0,3,9,717000.0
2580,5,2.5,50,0,1.0,3,7,260000.0
2290,3,2.0,55,0,1.0,4,7,745000.0
2320,4,2.5,40,0,1.0,4,7,470000.0
2530,3,2.5,18,0,2.0,3,8,429000.0
1400,4,2.0,46,0,1.0,3,7,220000.0
2060,3,3.0,7,0,2.0,3,8,497000.0
1640,3,1.0,105,0,1.5,5,7,716100.0
1960,4,1.0,35,0,1.5,3,6,371000.0
3000,5,2.75,53,0,1.0,4,7,379000.0
1320,3,1.0,61,0,1.0,4,7,937500.0
1760,4,2.0,108,0,1.5,5,7,720000.0
2130,3,3.25,91,0,2.0,5,7,616000.0
1390,3,2.0,27,0,1.0,3,7,259000.0
1400,3,1.75,110,0,1.5,4,6,538000.0
3230,3,2.75,49,0,1.5,4,8,605000.0
1110,3,1.0,47,0,1.0,3,7,369950.0
1670,3,2.5,13,0,2.0,3,7,310000.0
1540,3,1.0,55,0,1.0,4,7,227500.0
2090,4,2.25,41,0,1.0,3,9,274000.0
1410,3,2.0,27,0,1.0,3,7,410000.0
1370,3,2.0,50,0,1.0,5,7,354800.0
1910,4,2.25,60,0,1.0,3,8,650000.0
1678,3,2.0,21,0,1.0,3,7,353000.0
960,3,1.0,38,0,1.0,4,6,224975.0
2080,2,1.75,64,0,1.0,3,7,600000.0
1790,3,2.25,39,0,1.0,4,7,437500.0
2540,3,2.5,15,0,2.0,3,9,567000.0
1790,5,1.5,52,0,2.0,3,7,225000.0
940,2,1.0,73,0,1.0,3,6,255000.0
6810,5,3.75,93,0,2.5,3,13,2479000.0
900,2,1.0,63,0,1.0,3,6,370000.0
1900,4,1.75,40,0,1.0,3,8,675000.0
1440,3,1.0,61,0,1.0,3,7,285000.0
2070,3,1.75,41,0,1.0,4,7,310000.0
2240,4,2.5,42,0,1.0,4,7,475000.0
3320,4,2.5,9,0,2.0,4,7,410000.0
1950,4,2.25,67,0,1.0,3,8,895000.0
1240,3,1.5,73,0,1.0,3,6,375000.0
1830,4,2.5,12,0,2.0,3,7,349000.0
1740,3,1.75,112,0,1.5,3,8,650500.0
1410,3,1.75,65,0,1.0,4,7,760000.0
2050,4,2.75,28,0,1.0,4,7,480000.0
3220,4,2.75,21,0,2.0,3,10,689000.0
1960,3,1.75,103,0,1.0,5,6,415000.0
1070,3,1.75,47,0,1.0,4,7,195000.0
2820,5,2.5,47,0,1.0,4,7,318000.0
4060,4,3.0,25,0,1.0,3,9,404000.0
800,2,1.0,89,0,1.0,4,6,339950.0
1260,3,1.0,35,0,1.0,3,7,215000.0
2420,3,2.5,24,0,2.0,3,8,339900.0
810,1,1.5,32,0,2.0,4,7,285000.0
1600,3,1.0,67,0,1.5,3,7,550000.0
1350,4,1.0,50,0,1.5,4,7,430000.0
970,3,1.0,47,0,1.0,3,6,219000.0
1780,2,1.5,67,0,1.0,4,7,555000.0
1350,3,2.0,25,0,1.0,3,7,233000.0
1840,3,1.75,43,0,1.0,4,8,248000.0
2550,5,2.25,40,0,1.0,4,8,454000.0
1700,4,2.5,84,0,2.0,3,8,950000.0
2430,3,2.5,34,0,2.0,5,8,359000.0
2740,5,2.0,52,0,1.5,3,7,407500.0
1560,3,1.5,50,0,1.0,4,7,224000.0
1040,2,1.0,60,0,1.0,3,7,210000.0
1820,4,1.75,47,0,1.0,5,7,261000.0
1833,3,3.0,16,0,3.0,3,9,719000.0
2160,3,2.5,21,0,2.0,3,8,440000.0
2100,3,2.75,16,0,2.0,3,9,525000.0
1370,3,1.5,46,0,2.0,3,7,375000.0
1414,2,2.5,29,0,2.0,3,8,428000.0
4115,5,3.25,0,0,2.0,3,9,988830.0
1550,3,1.75,65,0,1.0,4,7,199950.0
2100,4,2.25,85,0,1.5,3,8,840000.0
1160,3,1.75,22,0,1.0,4,7,285000.0
3597,5,2.5,8,0,2.0,3,7,330000.0
1230,3,1.5,55,0,1.0,3,7,147500.0
2190,4,2.5,36,0,2.0,5,8,320000.0
1040,3,1.75,47,0,1.0,4,7,382500.0
4690,5,4.0,89,0,2.0,3,9,2048000.0
2270,4,2.25,40,0,1.0,5,8,596000.0
1950,4,2.25,35,0,2.0,4,8,220000.0
1880,3,2.5,21,0,2.0,3,8,325000.0
2850,4,2.5,14,0,2.0,3,9,679950.0
1160,2,1.0,68,0,1.0,3,7,175000.0
1370,3,1.75,48,0,1.0,4,7,268000.0
3260,4,3.5,17,0,2.0,3,10,715000.0
3170,7,2.25,46,0,2.0,3,8,600000.0
3450,5,2.5,23,0,2.0,3,11,950000.0
1490,2,1.75,31,0,1.0,3,8,475000.0
1460,3,1.5,52,0,1.0,4,7,700000.0
1300,3,1.75,52,0,1.0,3,7,275000.0
1300,3,1.75,53,0,1.0,3,7,369500.0
1540,4,2.0,36,0,1.0,4,7,215000.0
2130,4,2.25,51,0,2.0,4,8,593450.0
1350,2,1.75,6,0,1.0,3,8,498800.0
2450,5,3.25,63,0,2.0,3,8,849000.0
1940,4,2.5,89,0,2.0,4,9,1151250.0
2890,5,2.5,11,0,2.0,3,9,825000.0
1680,3,1.75,26,0,1.0,3,8,265000.0
1960,4,2.25,29,0,1.0,4,8,285000.0
1590,3,1.75,35,0,1.0,3,7,240000.0
1390,4,1.0,56,0,1.0,3,7,261000.0
2440,4,1.75,36,0,1.0,3,8,330000.0
1850,4,2.0,36,0,1.0,4,7,250000.0
2800,4,2.5,21,0,2.0,3,8,350000.0
3780,3,2.5,28,0,1.5,3,10,930000.0
1910,3,2.0,34,0,1.0,4,7,275000.0
2460,4,2.25,46,0,1.0,3,7,325000.0
810,1,1.0,79,0,1.0,3,7,255000.0
1900,3,1.5,72,0,1.0,4,7,562200.0
3490,2,1.75,34,0,1.0,3,10,952000.0
2200,3,2.5,26,0,1.0,5,8,365000.0
1190,3,1.5,46,0,1.0,4,7,332900.0
2040,3,2.25,32,0,2.0,4,8,721000.0
2400,4,2.5,16,0,2.0,3,8,487275.0
1670,3,2.5,20,0,2.0,3,7,310000.0
990,2,1.0,107,0,1.0,3,6,245000.0
2920,3,1.75,51,0,1.0,4,7,325000.0
1840,3,1.75,43,0,1.0,3,8,550000.0
910,2,1.0,108,0,1.5,4,7,350000.0
2950,5,2.5,8,0,2.0,3,8,599000.0
1240,3,1.5,59,0,1.0,4,7,259950.0
1980,4,2.5,18,0,2.0,3,7,240000.0
1200,3,1.0,46,0,1.0,4,7,186000.0
1280,3,1.5,33,0,1.0,3,7,395000.0
3150,4,2.5,10,0,2.0,3,9,475000.0
3500,5,3.5,18,0,2.0,3,10,815000.0
1680,3,1.5,63,0,1.0,4,7,572000.0
1360,3,2.5,28,0,2.0,3,7,419500.0
2110,3,2.25,34,0,1.0,3,8,298700.0
2034,2,1.0,67,1,1.0,5,7,549000.0
1900,3,1.5,55,0,1.0,3,7,278000.0
2380,4,2.0,88,0,1.5,3,6,455000.0
4050,5,3.5,26,0,1.0,4,9,925000.0
1120,2,1.5,16,0,3.0,3,8,465000.0
2850,4,4.0,15,0,2.0,3,8,620000.0
2360,4,2.25,52,0,1.0,3,8,499900.0
2540,5,3.0,53,0,1.0,3,8,620000.0
1160,3,1.75,73,0,1.0,3,7,450000.0
2710,4,3.5,8,0,2.0,3,10,690000.0
3120,5,2.25,45,0,2.0,4,9,1895000.0
3120,5,2.25,46,0,2.0,4,9,1940000.0
1870,3,2.0,63,0,1.0,4,7,832500.0
1010,3,1.0,59,0,1.0,5,7,245000.0
2980,3,2.5,24,0,1.5,3,11,820000.0
2420,4,2.75,9,0,2.0,3,8,369000.0
3830,4,3.25,0,0,2.0,3,9,1050000.0
3040,3,3.0,21,0,3.0,3,10,653000.0
1460,2,1.75,35,0,1.0,3,7,220650.0
1940,5,3.0,7,0,1.0,3,8,300000.0
3780,4,3.5,13,0,2.0,3,10,970000.0
1950,4,2.5,10,0,2.0,3,7,360000.0
2450,3,2.5,15,0,2.0,3,9,672500.0
1730,4,1.5,62,0,1.5,4,5,268000.0
1690,4,1.5,85,0,1.5,3,8,440000.0
2550,3,2.5,33,0,2.0,3,10,1400000.0
2290,4,2.5,28,0,2.0,3,9,590000.0
2710,4,2.25,53,0,1.0,4,7,359000.0
1880,4,1.75,36,0,1.0,4,7,266500.0
2930,4,2.5,0,0,2.0,3,8,635000.0
3110,3,2.5,13,0,2.0,3,9,559000.0
3480,4,2.5,25,0,2.0,3,10,895000.0
1110,2,1.5,54,0,1.0,3,7,625000.0
2440,4,2.25,58,0,1.0,4,7,650000.0
2280,4,1.75,58,0,1.0,3,7,312500.0
900,3,1.0,70,0,1.0,3,6,225000.0
1980,4,1.75,46,0,1.0,3,7,425000.0
3360,3,2.75,27,0,1.0,4,7,329999.0
2340,5,2.25,41,0,2.0,3,8,572000.0
3110,4,2.5,13,0,2.0,3,8,386500.0
980,2,1.0,111,0,1.0,3,6,452000.0
1480,4,2.0,71,0,1.0,3,7,278000.0
1800,3,2.25,38,0,1.0,4,8,474900.0
2130,2,1.75,69,0,1.0,3,8,450000.0
1270,2,1.0,114,0,1.0,3,7,611000.0
1150,2,2.5,10,0,2.0,3,7,214100.0
1840,3,2.5,2,0,2.0,3,8,317000.0
3180,4,3.5,36,0,2.0,4,9,1000000.0
1510,5,2.75,69,0,2.0,4,7,1000000.0
3070,4,2.5,10,0,2.0,3,8,525000.0
1800,3,2.25,31,0,2.0,3,8,436000.0
1540,3,1.75,31,0,1.0,3,8,450000.0
2330,3,1.75,34,0,1.0,3,8,588500.0
1400,4,1.75,62,0,1.0,3,7,340000.0
2846,4,2.5,14,0,1.5,3,8,482000.0
5830,4,3.5,9,0,2.0,3,11,1575000.0
3380,3,2.5,49,0,2.0,3,8,749000.0
1440,3,1.5,47,0,1.0,4,8,330000.0
1740,3,2.5,6,0,3.0,3,8,568000.0
1470,3,1.75,57,0,1.0,4,7,239000.0
2810,3,2.5,12,0,2.0,3,8,528000.0
2090,4,3.0,20,0,1.0,3,7,385000.0
4110,4,3.25,35,0,2.0,4,10,825000.0
3230,5,3.25,12,0,2.0,3,9,815000.0
2601,4,2.5,19,0,2.0,3,9,625000.0
2070,3,1.75,59,0,1.0,3,8,690000.0
1660,3,1.0,58,0,1.0,3,7,210000.0
1590,4,1.0,91,0,1.5,3,7,599000.0
1860,3,1.75,64,0,1.0,3,8,860000.0
1420,3,1.0,61,0,1.0,4,6,147200.0
1240,3,1.0,105,0,1.5,4,6,476900.0
2500,4,2.5,36,0,1.0,4,8,450000.0
2640,4,2.5,16,0,2.0,3,8,570000.0
1440,3,1.0,104,0,1.5,4,7,567500.0
3030,5,3.25,38,0,2.0,3,9,790000.0
1820,3,1.5,62,0,1.0,4,7,875000.0
2220,3,2.0,34,0,2.0,3,9,490000.0
2430,3,1.75,36,0,1.0,4,7,335000.0
1670,3,1.75,53,0,1.0,4,8,550000.0
1180,3,1.75,33,0,1.0,4,7,385000.0
1620,3,1.75,38,0,1.0,3,7,395000.0
1030,2,1.0,86,0,1.0,5,8,650000.0
2900,4,2.75,8,0,2.0,3,9,637000.0
3420,3,2.25,51,0,1.0,3,9,692500.0
1710,3,1.75,50,0,1.0,4,8,322400.0
1580,3,1.5,57,0,1.0,4,6,233500.0
1230,3,2.0,30,0,1.0,3,7,400000.0
2200,5,2.5,98,0,1.5,5,7,547000.0
2570,5,2.25,64,0,1.0,3,8,519000.0
3320,4,3.5,37,0,1.0,4,10,1025000.0
1090,3,1.0,59,0,1.0,4,7,365000.0
2970,5,2.75,37,0,2.0,4,8,699000.0
1970,3,1.75,46,0,1.0,4,8,525000.0
3220,4,3.0,24,0,2.0,3,9,430000.0
1600,3,1.0,48,0,1.0,3,7,325000.0
670,2,1.0,72,0,1.0,5,6,279000.0
2360,4,1.75,104,0,2.0,5,7,805000.0
2150,3,3.0,66,0,1.5,3,7,419950.0
620,2,1.0,88,0,1.0,3,6,425000.0
1730,4,1.75,65,0,2.0,5,7,446000.0
2500,5,2.0,52,0,1.0,3,7,455000.0
990,3,1.0,71,0,1.0,3,6,226550.0
1420,3,2.0,110,0,1.5,5,8,764000.0
2170,3,2.25,37,0,2.0,4,8,439950.0
1880,4,2.0,62,0,1.0,3,8,453000.0
1300,3,1.0,44,0,1.0,3,7,219950.0
2360,3,1.5,88,0,2.0,5,7,702500.0
1780,3,1.5,58,0,1.0,4,8,285000.0
2160,2,2.25,10,0,3.0,3,8,798750.0
950,2,1.0,66,0,1.0,3,7,320000.0
1680,3,1.75,29,0,1.5,3,8,425000.0
2290,4,2.5,10,0,2.0,3,9,540000.0
4140,4,5.25,9,0,2.0,3,11,1060000.0
3920,4,3.75,2,0,3.0,3,8,1165000.0
1500,3,1.75,64,0,1.0,4,7,576000.0
1720,3,1.75,38,0,1.0,3,7,525000.0
2641,4,2.5,16,0,2.0,3,7,324950.0
4930,3,2.5,33,0,2.0,3,9,600000.0
2460,3,2.5,13,0,1.0,4,8,464000.0
1995,4,2.25,33,0,2.0,4,8,266000.0
3010,3,2.5,16,0,2.0,3,10,775000.0
1270,3,1.75,62,0,1.0,3,7,415000.0
3080,4,2.75,11,0,2.0,3,9,550000.0
1670,3,2.25,25,0,2.0,3,7,235000.0
1470,3,2.0,27,0,1.0,3,7,280000.0
1730,3,1.75,38,0,1.0,3,7,459000.0
1070,3,1.0,45,0,1.0,4,7,195000.0
1660,3,1.5,55,0,1.0,4,7,235000.0
2410,4,2.25,49,0,1.0,4,8,711800.0
1040,3,2.5,8,0,3.0,3,7,440000.0
970,2,1.0,99,0,1.0,4,7,515000.0
2910,5,2.75,75,0,1.5,3,8,1200000.0
2340,3,1.75,50,0,1.5,4,8,560000.0
1880,3,1.75,29,0,1.0,3,7,340000.0
1110,2,1.0,102,0,1.5,3,6,600000.0
2790,4,2.5,17,0,2.0,3,9,764000.0
1590,4,2.0,13,0,1.0,3,8,337000.0
5700,6,2.75,37,0,1.0,4,10,1385000.0
1200,4,1.0,95,0,1.0,3,6,249000.0
3200,3,3.0,36,0,1.0,3,8,350000.0
1510,3,2.25,22,0,1.0,4,7,269950.0
1880,3,1.75,37,0,1.0,3,7,735000.0
3070,4,2.5,75,0,2.0,4,8,1295000.0
2110,4,2.25,40,0,2.0,4,8,475000.0
2350,3,2.0,26,0,1.5,3,9,339000.0
3270,4,3.5,18,0,1.0,3,8,600000.0
2220,4,1.75,96,0,1.0,3,7,397500.0
5990,4,3.5,10,0,2.0,3,11,1525000.0
1760,3,2.0,29,0,2.0,4,7,460000.0
2200,4,2.75,63,0,1.0,5,7,370000.0
1550,4,1.0,58,0,1.5,3,6,250000.0
5070,4,3.75,14,0,2.0,3,11,1100000.0
1040,2,2.25,6,0,2.0,3,8,430000.0
2560,3,1.5,87,0,1.5,5,8,1085000.0
1850,3,1.75,63,0,1.0,3,8,670000.0
2090,3,1.5,61,0,1.0,3,7,461550.0
2010,3,2.5,0,0,2.0,3,8,479990.0
2518,4,2.5,10,0,2.0,3,8,643000.0
2810,3,2.75,26,0,2.0,3,8,607000.0
2600,3,2.5,30,0,1.0,3,9,625000.0
2060,3,2.5,61,0,1.0,3,8,731100.0
2920,3,2.5,16,0,2.0,4,8,859000.0
2130,4,2.5,28,0,2.0,4,8,435000.0
2290,3,3.0,66,0,1.0,3,8,465000.0
1230,3,1.0,88,0,1.5,3,7,740000.0
2020,3,1.75,53,0,1.0,4,9,740000.0
1430,3,2.0,34,0,1.0,3,7,250000.0
2270,2,2.5,6,0,3.0,3,7,656000.0
1910,4,2.5,22,0,2.0,3,8,300000.0
1780,3,1.5,61,0,1.0,3,7,643000.0
2690,4,2.5,7,0,2.0,3,7,311000.0
1330,3,1.75,39,0,1.0,4,7,360000.0
3060,4,2.5,46,0,1.0,4,8,475000.0
1760,3,3.25,6,0,3.0,3,8,469950.0
1570,3,1.75,54,0,1.0,3,7,240000.0
960,2,1.0,78,0,1.0,3,6,232000.0
1680,3,2.0,23,0,1.0,3,7,350000.0
1440,2,1.0,87,0,1.5,3,7,803000.0
1960,3,2.25,34,0,1.0,3,8,355000.0
1790,4,2.0,105,0,1.0,4,7,475000.0
2560,3,2.5,27,0,2.0,4,9,823000.0
1010,2,1.5,96,0,1.0,4,7,395000.0
2560,4,3.75,52,0,2.0,3,7,499000.0
1200,2,1.75,111,0,1.0,3,7,420000.0
3910,3,2.5,15,0,2.0,3,10,961500.0
2260,4,1.75,48,0,1.0,3,9,833000.0
2110,3,2.25,36,0,2.0,4,8,479000.0
3340,4,2.5,18,0,2.0,3,10,1150000.0
1400,3,1.0,70,0,1.5,3,6,267000.0
1760,4,1.75,26,0,1.5,3,7,555000.0
2010,3,2.5,27,0,2.0,4,8,490000.0
2300,4,2.0,99,0,1.5,5,8,619000.0
2510,5,2.75,51,0,1.0,4,7,569950.0
1340,3,2.0,109,0,2.0,5,7,549000.0
1560,3,1.75,52,0,1.5,3,7,422500.0
3350,4,3.5,34,0,1.0,3,7,400000.0
3710,4,2.75,15,0,2.0,3,9,692500.0
2430,4,2.5,12,0,2.0,3,8,310000.0
2430,3,1.75,37,0,1.0,3,8,499900.0
2100,3,2.25,31,0,2.0,3,8,492000.0
1880,2,2.5,28,0,1.0,3,9,460000.0
1630,3,2.5,95,0,2.0,5,8,800000.0
1640,4,1.0,90,0,1.5,3,7,832600.0
2310,4,2.75,26,0,1.0,3,8,470000.0
1930,2,2.0,11,0,1.0,3,8,542000.0
4750,4,4.5,9,0,2.0,3,10,1309500.0
2300,4,2.5,55,0,1.0,2,7,308130.0
1050,2,1.0,10,0,1.0,3,7,310000.0
1500,2,1.0,67,0,1.0,3,6,235000.0
1150,3,1.0,56,0,1.0,4,6,215000.0
1920,4,1.5,55,0,1.0,3,7,210000.0
3660,4,2.75,24,0,2.0,3,10,730000.0
1720,3,1.75,33,0,1.0,4,7,245000.0
2100,3,2.25,66,0,1.0,3,8,540000.0
2400,4,2.5,14,0,2.0,3,8,299000.0
2540,3,2.5,23,0,2.0,3,10,510000.0
2080,4,1.75,48,0,1.0,4,7,198000.0
3400,5,3.25,15,0,2.0,3,10,950000.0
2200,4,1.75,37,0,2.0,3,8,300000.0
2140,5,1.75,52,0,1.0,3,7,528000.0
3850,5,3.25,12,0,2.0,3,9,507000.0
4270,4,3.25,14,0,2.0,3,9,770000.0
1340,3,1.75,40,0,1.0,4,7,255000.0
1100,1,1.5,37,0,1.5,4,8,220000.0
2870,5,2.75,10,0,2.0,3,9,690700.0
1320,2,1.0,61,0,1.0,3,7,447000.0
2150,6,2.0,62,0,1.0,3,7,755000.0
2470,4,1.5,75,0,1.5,3,7,700000.0
1910,4,2.75,34,0,1.0,4,7,250000.0
2130,3,2.5,11,0,2.0,3,7,320000.0
2240,4,2.5,25,0,2.0,4,9,565000.0
1800,5,2.75,76,0,2.0,4,7,754300.0
2160,3,1.5,65,0,1.0,4,8,650000.0
3140,4,2.5,12,0,2.0,3,8,529888.0
1920,3,2.5,14,0,2.0,3,8,432000.0
1050,3,1.0,60,0,1.5,5,7,235000.0
3695,4,3.5,1,0,2.0,3,9,994900.0
3910,4,2.5,15,0,2.0,3,9,489000.0
3010,4,2.75,5,0,2.0,3,8,800000.0
1370,4,1.5,42,0,1.0,3,7,370000.0
2080,4,2.75,35,0,1.0,3,8,436000.0
2250,3,2.5,8,0,2.0,3,7,395000.0
2120,5,1.75,72,0,1.0,4,7,377691.0
2220,5,3.0,12,0,2.0,3,7,370000.0
1440,3,2.5,27,0,1.0,5,8,515000.0
910,3,1.0,45,0,1.0,3,7,169000.0
1270,3,1.0,94,0,1.0,3,7,475000.0
2480,3,2.5,16,0,2.0,3,9,420000.0
2630,6,2.75,114,0,2.0,5,9,1297000.0
2410,3,2.0,30,0,2.0,3,9,822000.0
2930,4,2.75,50,0,1.0,4,9,1500000.0
1570,3,2.25,27,0,1.0,3,8,485000.0
1900,4,1.0,58,0,1.0,3,7,270000.0
2590,6,2.5,37,0,1.0,4,8,300000.0
3810,4,2.5,8,0,2.0,3,9,878000.0
2290,3,2.5,14,0,2.0,3,9,590000.0
1220,1,2.25,68,0,2.0,4,8,611900.0
1100,3,1.75,47,0,1.0,4,7,240000.0
2810,4,2.5,12,0,2.0,3,8,395000.0
890,3,1.0,57,0,1.0,3,6,169000.0
1280,3,2.0,52,0,1.0,3,7,200500.0
2320,3,2.5,25,0,2.0,3,8,308000.0
1720,3,2.25,31,0,2.0,3,8,290256.0
1530,3,1.75,48,0,1.0,4,7,279950.0
1580,3,1.75,35,0,1.0,3,7,195000.0
1360,3,1.0,69,0,1.0,5,6,630000.0
2680,4,3.0,113,0,2.0,3,8,1160000.0
1640,3,2.25,20,0,2.0,3,8,478000.0
2520,3,2.25,70,0,2.0,5,8,835000.0
1400,3,2.25,10,0,2.0,3,9,639000.0
2300,4,2.75,30,0,2.0,3,9,623000.0
1900,3,1.75,55,0,1.0,3,7,220000.0
2000,3,2.25,37,0,1.0,4,8,526000.0
900,2,1.0,67,0,1.0,3,6,243500.0
2980,4,2.5,14,0,2.0,3,9,750000.0
1850,4,2.0,52,0,1.0,5,7,329000.0
1570,4,1.0,94,0,1.5,3,7,525000.0
670,2,1.0,67,0,1.0,4,6,190000.0
2660,4,2.5,59,0,1.0,3,7,772650.0
2110,3,2.5,25,0,2.0,4,8,355000.0
1970,3,1.75,35,0,1.0,3,8,650000.0
1210,3,2.75,105,0,1.5,5,7,678500.0
2670,4,2.5,18,0,2.0,3,9,669950.0
3000,3,2.25,32,0,1.0,3,10,850000.0
2200,3,2.75,12,0,2.0,3,8,572000.0
1540,3,1.75,30,0,1.0,2,8,492450.0
2080,3,1.75,54,0,1.0,3,8,813000.0
1780,3,2.0,47,0,1.0,3,8,710000.0
1960,3,1.5,103,0,2.0,3,8,792500.0
1690,5,1.5,54,0,1.5,4,7,285900.0
2080,3,2.0,34,0,1.0,4,7,389000.0
2070,3,2.25,48,0,2.0,3,8,675000.0
760,2,0.75,83,0,1.0,4,4,352000.0
4020,4,3.25,15,0,2.0,3,11,1050000.0
3620,4,1.75,50,0,1.0,4,8,768500.0
2330,4,2.0,53,0,1.0,3,7,500000.0
1460,3,2.5,58,0,1.0,4,7,685000.0
2250,4,2.75,63,0,1.0,3,8,648475.0
2850,6,5.0,21,0,2.0,3,7,655000.0
2640,4,2.75,89,0,2.0,5,8,895000.0
1310,3,1.0,53,0,1.0,3,7,195000.0
2720,4,2.5,25,0,2.0,3,9,368000.0
3430,4,3.5,14,0,2.0,3,11,997000.0
1990,3,2.75,37,0,1.0,3,7,335000.0
1170,3,2.0,30,0,1.0,3,7,250000.0
1390,3,1.75,30,0,1.0,4,8,278500.0
1540,4,1.5,42,0,2.0,3,7,260000.0
760,2,1.0,94,0,1.0,2,6,162500.0
1280,4,1.0,64,0,1.0,3,6,239000.0
2990,4,2.5,10,0,2.0,3,8,600000.0
1770,4,2.25,17,0,2.0,3,7,350000.0
3830,5,3.75,9,0,2.0,3,10,852500.0
2870,3,2.5,6,0,2.0,3,9,485000.0
1520,3,1.0,61,0,1.0,3,6,299000.0
660,2,1.0,63,0,1.0,4,5,227450.0
1800,3,1.0,72,0,1.0,4,7,383000.0
3570,2,3.25,17,0,1.0,3,9,835000.0
3050,5,1.5,84,0,1.5,4,8,760000.0
820,2,1.0,91,0,1.0,4,7,532500.0
3610,3,2.5,16,0,1.0,3,8,635000.0
1490,3,2.0,102,0,1.0,5,7,438500.0
1560,3,2.5,78,0,1.5,4,7,545500.0
1660,3,1.75,59,0,1.0,3,7,675000.0
1180,3,1.75,86,0,1.0,4,6,450000.0
960,3,1.0,114,0,1.0,5,5,199999.0
1630,3,1.5,26,0,1.0,3,7,375000.0
2260,4,2.25,33,0,2.0,3,8,600000.0
1520,3,1.5,55,0,1.0,4,7,292600.0
3050,5,2.75,59,0,1.0,4,8,1038000.0
1000,3,1.0,69,0,1.0,3,8,610000.0
2650,4,2.5,21,0,2.0,4,8,397450.0
1750,3,2.25,52,0,1.0,3,8,382000.0
1770,3,2.25,49,0,1.0,3,8,370000.0
1770,3,2.25,49,0,1.0,3,8,520000.0
770,2,1.0,66,0,1.0,4,6,260000.0
3370,4,2.5,0,0,2.0,3,8,890000.0
2130,5,2.0,68,0,1.0,3,7,344000.0
1050,3,1.0,56,0,1.0,3,7,205000.0
2803,5,2.5,52,0,1.0,3,8,379000.0
2080,3,2.0,32,0,2.0,4,8,424240.0
2080,3,2.0,32,0,2.0,4,8,589950.0
2120,4,1.75,63,0,1.0,3,7,582000.0
2550,3,2.5,26,0,2.0,3,9,349000.0
1290,3,1.0,49,0,1.0,4,7,658000.0
1790,5,2.75,99,0,1.5,4,7,294000.0
2720,5,3.5,21,0,2.0,3,8,690000.0
1040,3,1.0,103,0,1.5,3,7,600000.0
840,3,1.0,46,0,1.0,3,6,199990.0
1650,3,1.75,55,0,1.0,3,7,220000.0
2080,4,2.25,39,0,1.0,3,8,440000.0
1540,4,2.5,0,0,2.0,3,8,439990.0
3880,4,2.5,9,0,2.0,3,10,815000.0
1860,4,2.25,20,0,2.0,3,8,535000.0
1280,3,1.75,39,0,1.0,4,7,215000.0
3200,3,2.5,50,0,1.5,3,8,605000.0
2200,3,2.5,24,0,2.0,3,8,349900.0
1570,3,1.0,75,0,1.0,4,7,495000.0
2074,3,2.5,17,0,2.0,3,8,515100.0
2450,4,2.5,20,0,2.0,3,9,620000.0
2520,4,2.25,35,0,2.0,3,9,657500.0
2190,5,1.75,52,0,1.0,3,7,250000.0
2190,5,1.75,52,0,1.0,3,7,385000.0
2320,3,1.5,38,0,1.0,3,7,307000.0
1370,3,2.5,21,0,1.0,3,7,288000.0
1730,3,1.75,70,0,1.5,4,6,226450.0
1640,3,2.5,48,0,1.0,3,7,390000.0
1300,3,1.0,43,0,1.0,4,6,350000.0
1560,3,1.5,45,0,1.0,3,7,368000.0
1120,2,1.0,93,0,1.0,3,6,469000.0
2670,3,2.25,30,0,2.0,3,9,865000.0
3810,5,2.5,48,0,1.5,5,8,515000.0
1440,3,1.75,36,0,1.0,4,7,410000.0
1200,4,1.0,46,0,1.0,3,5,210000.0
1520,3,1.75,46,0,1.0,3,7,460000.0
2500,4,2.5,35,0,1.0,3,8,241500.0
2010,4,2.25,39,0,2.0,4,8,322200.0
1210,4,1.0,71,0,1.5,3,7,279000.0
1100,2,1.0,71,0,1.0,4,6,303000.0
1050,3,1.5,64,0,1.0,4,6,420000.0
2120,3,1.75,53,0,1.0,3,7,249000.0
1240,3,1.0,62,0,1.0,3,6,294950.0
3460,4,3.5,10,0,2.0,3,10,1315000.0
1270,3,1.75,61,0,1.0,3,7,335000.0
2980,4,2.25,79,0,1.5,4,10,1155000.0
1250,2,1.0,89,0,1.5,3,7,520000.0
1740,4,1.75,49,0,1.0,4,8,560000.0
1730,4,1.5,55,0,2.0,4,7,243400.0
1240,3,2.0,26,0,1.0,3,7,405000.0
1670,2,1.0,84,0,1.5,5,7,495000.0
2140,4,2.5,23,0,2.0,3,8,350000.0
2530,5,2.75,22,0,1.0,3,7,368500.0
960,2,1.0,67,0,1.0,2,6,99000.0
4130,4,3.75,13,0,2.0,3,11,1070000.0
1710,4,1.75,31,0,1.0,3,8,430000.0
1490,3,1.5,51,0,1.0,4,7,412500.0
4750,4,3.25,26,0,2.0,3,11,1122500.0
3400,4,2.5,26,0,2.0,4,11,915000.0
2210,3,2.5,20,0,2.0,3,8,535000.0
1650,3,1.5,35,0,1.0,4,8,390000.0
1260,3,1.5,70,0,1.0,4,7,499000.0
1960,3,1.0,51,0,1.0,4,7,375000.0
1800,4,2.5,19,0,2.0,3,8,349000.0
1940,3,2.25,50,0,1.0,4,7,635000.0
2820,4,2.75,13,0,2.0,3,9,682000.0
2820,4,2.25,49,0,1.0,4,8,321027.0
720,2,1.0,99,0,1.0,5,5,150000.0
1640,3,1.75,45,0,1.0,3,7,410000.0
1560,3,2.0,91,0,2.0,3,7,449950.0
1560,6,2.5,101,0,1.0,3,6,194990.0
1910,4,1.75,59,0,1.0,3,7,475000.0
1570,5,1.75,107,0,2.0,4,7,530000.0
2038,4,2.5,3,0,2.0,3,8,319950.0
1720,3,2.25,37,0,1.0,4,7,210000.0
1670,3,2.75,89,0,1.5,4,7,485000.0
2830,4,2.75,17,0,2.0,4,9,774000.0
1690,4,2.0,56,0,1.0,4,7,478000.0
1620,4,2.5,90,0,2.0,4,7,385000.0
2360,4,2.5,26,0,2.0,3,9,595000.0
1480,3,1.5,55,0,1.0,3,7,285000.0
2700,4,2.5,10,0,2.0,3,9,723000.0
1780,3,1.5,54,0,1.0,2,7,279000.0
1430,3,1.5,57,0,1.0,5,6,195000.0
2160,2,1.0,89,0,1.0,5,8,625000.0
1800,3,1.75,36,0,2.0,3,8,270000.0
1930,2,2.0,8,0,1.0,3,8,559000.0
1960,4,2.25,39,0,1.0,4,8,474000.0
1920,4,2.5,22,0,2.0,3,8,303500.0
1470,3,1.75,65,0,1.0,3,6,350000.0
2980,5,3.0,74,0,1.0,3,7,367500.0
2980,5,3.0,75,0,1.0,3,7,595000.0
2360,3,2.0,33,0,1.0,3,8,589000.0
1790,3,1.75,41,0,1.0,4,7,585000.0
2130,3,2.25,38,0,1.0,3,8,482975.0
2030,4,2.5,11,0,2.0,3,8,365500.0
1790,4,2.0,42,0,1.0,5,8,570000.0
2260,3,2.5,25,0,2.0,3,8,335000.0
2350,4,2.0,101,0,1.5,4,7,767500.0
1690,3,2.5,0,0,2.0,3,8,386591.0
1320,3,1.0,101,0,1.5,3,7,279000.0
2690,4,2.5,17,0,2.0,3,9,620000.0
2810,4,2.25,56,0,1.0,3,7,407000.0
2280,3,2.5,20,0,2.0,3,8,364250.0
2870,4,2.5,35,0,2.0,3,8,399000.0
3030,3,2.5,22,0,1.5,4,10,766950.0
2940,4,2.75,10,0,2.0,3,9,710000.0
1190,3,1.0,86,0,1.0,3,6,320000.0
1800,3,2.5,13,0,2.0,3,7,300000.0
1580,3,1.75,21,0,1.0,3,8,263000.0
1730,3,2.5,18,0,2.0,3,8,445000.0
1910,3,2.0,58,0,1.0,4,7,554000.0
1000,2,1.75,108,0,1.0,3,6,335000.0
2520,4,2.75,27,0,1.0,4,7,307000.0
1420,3,1.0,68,0,1.0,3,7,404000.0
3080,4,3.5,11,0,2.0,3,9,775000.0
1060,3,1.0,58,0,1.0,5,7,220000.0
2160,4,2.5,31,0,2.0,3,8,518000.0
4060,4,3.5,9,0,2.0,3,10,1600000.0
1940,1,2.25,35,0,2.0,4,7,315000.0
2250,4,2.5,23,0,2.0,3,8,572650.0
1620,2,1.0,93,0,1.0,5,6,350000.0
920,2,1.0,114,0,1.0,4,6,285000.0
1370,3,2.5,20,0,2.0,3,7,231000.0
920,3,1.0,45,0,1.0,4,6,179000.0
1360,3,1.5,52,0,1.0,3,7,244000.0
1630,3,1.5,72,0,1.0,3,7,185850.0
3610,6,2.5,44,0,2.0,3,8,610000.0
3010,4,2.5,9,0,2.0,3,9,419000.0
2320,3,1.75,57,0,1.0,4,8,779000.0
3290,5,3.0,10,0,1.0,3,7,695000.0
2040,3,2.5,17,0,2.0,3,8,319900.0
1920,3,2.75,37,0,1.0,4,8,329000.0
2120,3,2.5,26,0,2.0,3,8,475226.0
2170,3,2.5,12,0,2.0,3,9,638000.0
1330,2,1.5,31,0,1.0,3,7,440000.0
1580,3,2.0,73,0,1.0,4,6,214000.0
3580,3,2.75,26,0,2.0,4,10,600000.0
2580,4,2.0,110,0,2.0,4,9,935000.0
1930,4,1.75,73,0,1.5,3,8,630000.0
2120,3,2.5,10,0,2.0,3,7,575000.0
1990,3,2.5,27,0,1.5,4,8,345000.0
1310,4,1.75,47,0,1.0,4,7,323000.0
2670,3,2.5,26,0,1.0,4,10,425000.0
1910,2,2.25,43,0,1.0,4,7,411000.0
1530,4,1.5,38,0,1.0,4,6,299800.0
2920,6,1.75,106,0,2.5,4,9,823000.0
1010,3,1.0,59,0,1.0,3,7,200000.0
2450,4,1.75,27,0,1.0,4,9,760000.0
1820,4,2.5,16,0,2.0,3,7,359950.0
2090,4,2.5,32,0,1.0,4,7,375000.0
2200,2,1.75,41,0,1.0,3,7,295000.0
2250,4,3.0,29,0,2.0,3,8,250000.0
1450,3,2.25,14,0,3.0,3,8,497000.0
2280,4,2.5,27,0,2.0,4,8,520000.0
2720,4,3.5,15,0,2.0,3,8,365000.0
2250,3,2.25,38,0,1.0,3,8,459900.0
1090,3,2.0,75,0,1.0,3,7,158000.0
1970,3,2.0,47,0,1.0,4,7,294700.0
2780,4,2.25,29,0,2.0,3,7,439950.0
2290,4,2.25,55,0,1.0,4,8,899000.0
2330,3,1.75,31,0,1.0,3,7,535000.0
4060,4,4.5,8,0,2.0,3,10,530000.0
1470,4,2.0,48,0,1.0,4,8,215000.0
1620,2,1.0,89,0,1.0,3,6,290000.0
3220,5,2.75,9,0,2.0,3,9,798000.0
3270,4,2.5,21,0,2.0,3,9,785000.0
2160,3,1.75,44,0,1.0,3,8,433000.0
1150,2,1.0,92,0,1.0,3,7,425000.0
2240,4,2.5,52,0,1.0,3,8,654000.0
1280,3,1.5,31,0,2.0,4,6,215000.0
840,3,1.0,45,0,1.0,3,6,232000.0
1680,3,1.75,55,0,1.0,4,8,675000.0
2330,5,2.75,42,0,1.0,4,7,665000.0
3030,4,2.5,16,0,2.0,3,10,835000.0
2880,6,3.0,34,0,2.0,3,7,525000.0
2910,3,2.75,76,0,2.0,5,7,780000.0
3090,4,3.25,26,0,2.0,3,10,844000.0
2720,4,2.75,30,0,2.0,3,8,680000.0
1310,3,1.5,49,0,1.0,3,7,290000.0
1790,2,1.0,56,0,1.0,4,8,560000.0
2830,3,2.5,25,0,2.0,3,9,605500.0
3150,4,2.5,9,0,2.0,3,9,762500.0
3930,5,3.25,1,0,2.0,3,9,1740000.0
2840,6,2.75,53,0,1.0,5,8,665000.0
2480,5,1.0,96,0,1.5,3,7,540000.0
1930,3,2.5,53,0,1.0,3,7,375000.0
1260,3,1.0,70,0,1.0,3,6,342000.0
670,3,1.0,47,0,1.0,4,6,340000.0
3930,5,3.25,41,0,2.0,4,10,1250000.0
3160,4,2.5,15,0,2.0,3,10,693000.0
1770,4,1.75,53,0,1.0,4,8,638500.0
2240,5,3.0,52,0,2.0,4,8,805000.0
990,3,1.0,54,0,1.0,4,7,250000.0
1580,3,2.5,17,0,2.0,3,7,325000.0
1560,4,1.75,21,0,2.0,3,7,270000.0
2640,6,2.5,92,0,2.0,5,8,880000.0
2120,2,1.75,90,0,1.0,4,6,300000.0
1200,2,1.0,66,0,1.0,3,6,290000.0
5040,4,4.0,39,0,1.0,5,10,2850000.0
1460,3,1.0,73,0,1.0,5,5,259950.0
4890,4,3.25,10,0,2.0,3,13,1780000.0
1580,3,1.0,60,0,1.0,5,7,299950.0
2100,3,2.25,38,0,1.0,4,8,483000.0
2060,3,2.25,48,0,1.0,4,8,890000.0
1690,3,2.5,86,0,1.5,4,8,719000.0
3370,4,3.0,37,0,1.0,5,8,785000.0
2330,3,2.5,9,0,2.0,3,9,660000.0
1820,4,1.75,34,0,1.0,4,7,264000.0
1890,3,1.75,46,0,1.0,4,8,575000.0
3820,4,3.75,20,0,1.0,3,10,1215000.0
2770,3,2.5,23,0,2.0,3,9,475000.0
3020,4,3.5,24,0,2.0,3,10,845800.0
1170,3,1.75,52,0,1.0,3,7,352500.0
1270,3,1.0,59,0,1.0,3,7,347000.0
1950,4,2.75,23,0,2.0,3,8,560000.0
2230,4,2.75,38,0,1.0,4,7,323000.0
2220,3,1.75,93,0,1.5,4,7,595000.0
2060,4,2.0,38,0,1.0,3,7,257500.0
1100,3,1.0,97,0,1.0,3,7,450000.0
1140,4,1.0,44,0,1.0,3,7,410000.0
1980,3,1.75,62,0,1.0,4,9,810000.0
2480,5,3.0,10,0,1.0,3,7,372500.0
1050,3,1.0,63,0,1.0,3,7,325000.0
1260,3,1.0,67,0,1.0,3,6,280000.0
1680,3,2.0,66,0,1.0,3,6,258000.0
1360,4,1.0,65,0,1.5,4,7,329950.0
2450,4,2.5,34,0,1.0,4,9,836000.0
2260,5,2.5,16,0,2.0,3,8,365000.0
1060,2,1.0,107,0,1.0,4,5,111300.0
3720,4,2.5,31,0,2.0,4,10,864000.0
1610,3,1.75,52,0,1.0,5,7,725000.0
3350,4,2.5,25,0,2.0,3,8,550000.0
790,2,1.0,64,0,1.0,3,7,130000.0
1660,2,1.75,74,0,1.0,3,7,765000.0
1420,3,1.5,52,0,1.0,4,7,255000.0
2050,3,2.5,37,0,1.0,4,8,439500.0
1250,3,1.75,27,0,1.0,4,7,268000.0
1700,3,1.75,62,0,1.0,4,7,985000.0
2660,4,2.5,20,0,2.0,3,10,751305.0
1350,3,1.0,101,0,1.5,3,6,280000.0
1810,4,2.0,47,0,1.0,2,7,304000.0
2210,4,2.75,27,0,2.0,3,8,200000.0
2120,3,1.5,42,0,1.0,4,7,325000.0
2470,3,2.25,27,0,2.0,3,8,736000.0
2700,4,2.5,16,0,2.0,3,9,426500.0
1760,2,1.75,84,0,1.0,4,7,640000.0
1930,5,2.0,73,0,1.5,3,6,230000.0
1680,4,1.0,104,0,1.5,4,6,366350.0
1390,2,1.0,69,0,1.0,4,6,365000.0
2240,4,2.25,36,0,2.0,3,8,482000.0
1980,4,1.0,52,0,1.5,3,7,345000.0
1830,3,1.75,111,0,1.5,5,8,682000.0
980,3,1.75,72,0,1.0,4,6,657500.0
3550,6,2.5,90,0,2.0,3,8,895000.0
1660,3,1.5,97,0,1.0,5,7,425000.0
2490,4,2.5,38,0,2.0,3,8,532500.0
2329,4,2.5,19,0,2.0,3,9,540000.0
1790,3,2.25,30,0,2.0,3,8,578000.0
2830,3,3.0,100,0,2.0,3,8,1086000.0
1160,3,1.0,46,0,1.0,3,7,322500.0
1000,3,1.0,60,0,1.0,3,7,140000.0
2540,3,2.5,38,0,1.0,4,8,485000.0
1750,2,1.5,36,0,1.5,4,8,575000.0
2890,3,2.5,14,0,2.0,3,8,421000.0
1870,4,2.0,61,0,1.0,3,7,355000.0
2200,4,2.25,29,0,2.0,3,8,515000.0
1300,3,1.0,63,0,1.0,4,7,309000.0
3410,5,2.25,41,0,2.0,3,10,815000.0
1160,3,1.0,61,0,1.0,3,7,285000.0
2100,3,1.75,98,0,1.5,3,8,700000.0
1490,3,2.5,21,0,2.0,3,7,289000.0
3280,4,3.0,35,0,1.5,3,7,458000.0
1450,3,1.75,36,0,1.0,4,8,230000.0
1930,3,2.5,53,0,1.0,4,7,432500.0
1660,3,1.75,36,0,1.0,3,7,288000.0
1260,3,1.75,46,0,1.0,3,7,354000.0
1170,3,1.0,34,0,1.0,2,6,119500.0
3350,4,3.0,35,0,1.0,4,9,805000.0
1420,3,2.5,10,0,3.0,3,7,435000.0
2170,3,1.75,36,0,1.0,4,7,260000.0
1800,4,1.75,65,0,1.0,5,6,377000.0
2000,4,2.5,25,0,2.0,3,8,602000.0
1660,3,1.75,73,0,1.0,3,7,530000.0
1540,4,2.0,69,0,1.0,4,7,525000.0
1160,2,1.5,8,0,2.0,3,7,250000.0
1700,3,1.0,107,0,1.5,3,7,681000.0
1580,3,1.75,44,0,1.0,3,8,625000.0
2080,3,2.5,5,0,2.0,3,8,448500.0
1030,3,2.0,67,0,1.0,3,6,260000.0
1770,3,1.75,51,0,1.0,4,7,538000.0
1540,3,2.0,53,0,1.0,3,7,385500.0
2650,4,2.5,14,0,2.0,3,9,428400.0
2690,4,2.75,16,0,2.0,3,8,346290.0
2210,4,2.75,16,0,2.0,3,9,587000.0
2390,4,2.5,11,0,2.0,3,7,355000.0
2580,5,2.75,51,0,1.0,4,8,650000.0
2160,4,2.5,11,0,2.0,3,7,340000.0
2230,4,2.5,45,0,1.0,4,8,565000.0
2000,4,2.0,90,0,1.5,5,7,630000.0
1280,3,1.0,98,0,1.0,5,6,227000.0
2810,4,2.75,36,0,1.0,4,8,600000.0
1680,4,1.75,41,0,1.0,3,8,540400.0
2150,3,2.5,19,0,2.0,3,8,569000.0
2820,3,2.5,10,0,2.0,3,9,735000.0
1750,3,2.25,27,0,1.0,3,7,434000.0
1060,2,2.0,101,0,1.0,2,7,578888.0
2430,4,2.75,47,0,1.0,3,7,465425.0
2660,4,2.75,29,0,1.5,3,8,280500.0
1670,2,2.0,8,0,1.0,3,9,539950.0
1380,3,2.0,46,0,1.0,4,7,406430.0
4160,4,3.75,24,0,2.0,3,11,1150000.0
1790,3,2.5,22,0,2.0,3,8,250000.0
1940,3,2.5,25,0,1.0,3,7,266000.0
1390,3,2.0,18,0,1.0,3,7,258000.0
2200,3,2.0,53,0,1.0,3,8,472000.0
1264,3,2.25,11,0,2.0,3,8,530000.0
1095,2,1.0,113,0,1.5,3,7,302282.0
850,2,1.0,99,0,1.0,3,6,370000.0
1760,4,2.0,66,0,1.5,4,7,625000.0
690,1,1.0,98,0,1.0,4,5,142500.0
1400,3,1.75,54,0,1.0,3,7,334000.0
1810,5,3.0,16,0,2.0,3,7,362000.0
1310,2,1.0,73,0,1.0,3,7,181000.0
1400,3,1.0,46,0,1.0,4,7,241500.0
2350,3,1.75,51,0,1.0,4,7,245000.0
1150,3,1.0,47,0,1.0,3,7,227500.0
1710,5,1.5,53,0,1.5,4,7,158550.0
1660,3,2.25,46,0,1.0,5,7,450000.0
1950,3,1.75,48,0,1.0,4,7,485000.0
1780,4,1.75,47,0,1.0,3,7,353000.0
2450,4,3.0,11,0,2.0,3,8,500000.0
2060,1,2.25,87,0,1.5,3,7,360000.0
1540,3,1.5,49,0,1.0,4,7,357500.0
1650,3,2.5,16,0,2.0,3,7,272000.0
1160,3,1.0,55,0,1.0,3,7,422000.0
1440,2,2.0,29,0,1.0,3,7,365000.0
2150,3,1.75,48,0,1.0,4,8,450000.0
1060,2,1.0,64,0,1.0,3,6,275053.0
2620,3,2.75,65,0,1.0,4,9,1880000.0
1630,3,1.75,60,0,1.0,3,7,725000.0
1840,3,1.75,29,0,1.0,4,7,235000.0
820,2,1.0,65,0,1.0,3,5,510000.0
820,2,1.0,66,0,1.0,3,5,489950.0
2010,3,2.5,16,0,2.0,3,8,463000.0
1990,4,2.25,23,0,2.0,3,8,536000.0
2990,4,2.5,11,0,2.0,3,8,375000.0
2540,4,2.5,15,0,2.0,3,9,630000.0
1640,3,2.25,51,0,1.0,4,7,362000.0
2500,4,2.75,36,0,1.0,3,9,350000.0
4020,4,3.5,13,0,2.0,3,11,1691000.0
1500,3,2.0,72,0,1.0,3,6,255000.0
1594,4,2.5,39,0,1.0,5,7,269000.0
2130,4,3.0,84,0,1.5,4,7,370000.0
1130,3,1.0,54,0,1.0,3,7,270000.0
1690,3,2.0,18,0,1.0,3,7,265000.0
1440,2,1.0,69,0,1.0,3,7,487000.0
3270,4,3.25,13,0,2.0,3,10,835000.0
4350,4,3.25,8,0,1.0,3,9,850000.0
1610,4,2.75,32,0,1.0,5,7,575000.0
950,3,1.0,46,0,1.0,3,7,335000.0
1010,3,1.0,66,0,1.0,5,6,318000.0
1420,3,2.0,35,0,1.0,3,7,510000.0
1200,3,1.5,49,0,1.0,4,7,242500.0
2020,5,2.25,51,0,1.0,4,7,750000.0
3390,5,3.5,11,0,2.0,3,7,439900.0
1700,2,1.0,101,0,1.5,3,8,710000.0
3410,5,3.25,102,0,2.0,3,9,2400000.0
2030,3,1.75,38,0,1.0,3,8,435000.0
2860,4,2.75,68,0,1.0,5,7,874000.0
1690,4,1.75,30,0,1.0,4,7,385000.0
760,2,1.0,84,0,1.0,3,5,110000.0
1780,3,1.75,38,0,1.0,3,7,477000.0
1550,3,2.0,96,0,1.5,5,8,500000.0
4090,4,2.5,9,0,2.0,3,10,885000.0
880,2,1.0,59,0,1.0,5,7,235000.0
1320,3,2.75,20,0,1.0,3,7,210000.0
950,2,1.0,105,0,1.0,3,6,320000.0
1390,3,1.75,30,0,1.0,3,7,406000.0
1900,3,1.75,51,0,1.0,4,8,350000.0
1392,2,0.75,36,0,1.5,4,7,350000.0
3340,4,2.5,15,0,2.0,3,10,720000.0
2750,4,2.75,33,0,1.0,3,9,604700.0
1400,3,1.0,94,0,1.5,5,5,343000.0
2220,3,2.25,32,0,1.0,3,8,558000.0
1210,4,1.0,93,0,1.5,3,7,364000.0
2390,3,1.75,55,0,1.0,3,7,420000.0
1870,5,2.0,55,0,1.5,3,7,450000.0
940,2,1.5,89,0,1.0,4,7,392000.0
1120,4,1.0,75,0,1.0,3,5,100000.0
1250,3,2.5,9,0,3.0,3,8,480000.0
1060,3,1.5,59,0,1.0,4,7,212000.0
2410,5,2.5,36,0,1.0,5,7,560000.0
2844,5,2.75,2,0,2.0,3,8,359950.0
2200,4,2.5,35,0,1.0,5,7,535000.0
3460,5,4.0,3,0,2.0,3,10,980000.0
1580,2,1.0,93,0,2.0,3,8,720000.0
1520,2,1.0,63,0,1.0,3,7,619950.0
2260,3,2.5,20,0,2.0,3,9,489000.0
1800,4,2.0,91,0,1.0,4,7,415000.0
2650,4,2.5,28,0,2.0,3,10,672500.0
1000,3,1.0,29,0,1.0,3,7,352500.0
2300,4,2.0,52,0,1.0,4,6,258750.0
1080,3,1.0,99,0,1.0,4,6,350000.0
902,3,1.0,49,0,1.0,3,7,152000.0
730,2,1.0,68,0,1.0,3,7,378500.0
2600,4,1.75,49,0,1.5,4,8,1017000.0
1570,3,1.5,58,0,1.0,4,7,419000.0
2876,5,3.0,41,0,1.0,4,9,895000.0
2290,4,2.25,38,0,1.0,4,8,668500.0
1470,2,2.5,9,0,2.0,3,8,487000.0
2620,3,3.5,22,0,2.0,3,8,538000.0
2680,5,1.5,51,0,1.0,4,8,898000.0
2020,4,2.0,19,0,1.0,3,8,315000.0
2100,3,2.5,70,0,2.0,3,7,800000.0
1510,3,1.75,52,0,1.0,4,8,516130.0
2850,3,2.5,37,1,1.5,3,10,1600000.0
4280,4,2.5,16,0,2.0,3,11,1200000.0
3238,4,2.5,36,0,1.0,4,8,355425.0
2740,3,2.5,101,0,2.0,3,10,1157400.0
2020,4,2.5,60,0,2.0,4,7,689000.0
1520,3,3.25,15,0,3.0,3,7,500000.0
3860,5,2.5,59,0,1.0,4,8,430000.0
1600,4,2.25,35,0,1.0,4,7,299500.0
2090,4,2.5,25,0,2.0,3,8,349950.0
4020,5,3.25,4,0,2.0,3,9,1419000.0
2910,4,2.25,26,0,2.0,3,9,998000.0
900,3,1.0,45,0,1.0,4,7,329000.0
1720,3,1.75,33,0,2.0,3,8,575000.0
3030,5,2.25,53,0,2.0,4,8,529900.0
3030,4,2.5,11,0,1.0,3,9,1470000.0
2190,4,1.75,52,0,1.0,4,7,725000.0
1680,3,2.5,27,0,2.0,3,8,286000.0
1210,3,2.0,61,0,1.0,4,7,335000.0
1120,3,1.5,59,0,1.0,3,7,395300.0
3180,4,2.75,10,0,2.0,3,8,510000.0
920,3,1.0,45,0,1.0,4,7,203000.0
700,2,1.0,61,0,1.0,3,6,248000.0
2540,3,2.25,24,0,2.0,3,8,265000.0
2100,4,1.5,103,0,1.5,4,8,1000000.0
1540,3,1.0,66,0,1.5,3,7,1000000.0
1420,3,2.0,25,0,1.0,4,7,241400.0
1450,4,1.75,49,0,1.0,4,7,309950.0
1550,3,1.75,69,0,1.0,3,6,294010.0
1920,3,2.25,30,0,2.0,4,8,345000.0
1920,3,2.25,31,0,2.0,4,8,625000.0
2510,4,2.5,12,0,2.0,3,8,660000.0
1660,2,2.0,12,0,1.0,3,8,559000.0
3990,4,3.25,10,0,2.0,3,9,866000.0
2350,3,2.0,75,0,1.5,4,8,770000.0
1350,3,1.5,46,0,1.0,4,7,259950.0
2980,5,2.75,47,0,1.0,3,7,352000.0
6390,5,4.75,74,0,2.0,3,10,2466350.0
1590,3,2.0,48,0,1.0,3,7,395000.0
1400,4,1.75,73,0,1.5,4,6,276500.0
1880,3,2.25,27,0,1.5,3,8,530000.0
3500,4,3.25,27,0,2.0,3,10,798000.0
1370,2,2.0,28,0,1.0,3,8,380000.0
2810,4,2.5,13,0,2.0,3,8,350000.0
2220,3,2.5,24,0,2.0,4,8,325000.0
2110,3,2.5,26,0,2.0,4,8,336000.0
1720,3,2.25,40,0,1.0,4,7,286900.0
1780,5,2.25,38,0,1.0,4,8,472000.0
1410,3,1.75,29,0,2.0,3,7,263000.0
2110,3,3.0,49,0,1.0,4,7,565000.0
2700,3,2.5,22,0,2.0,3,10,765000.0
2610,3,2.25,51,1,1.0,4,8,1517000.0
1660,3,2.0,33,0,1.0,3,7,405000.0
4570,4,3.5,13,0,2.0,3,11,1098000.0
3760,3,3.0,35,0,1.0,4,10,555000.0
1610,3,2.5,9,0,2.0,3,8,305000.0
1740,3,2.25,22,0,1.0,3,7,289950.0
3530,5,3.5,15,0,2.0,3,7,487500.0
840,3,1.0,55,0,1.0,3,6,96500.0
840,3,1.0,56,0,1.0,3,6,185000.0
1470,4,1.0,69,0,1.5,3,7,150550.0
2470,4,2.0,66,0,1.5,3,6,339000.0
2220,4,1.75,65,0,1.0,3,8,675000.0
1720,3,1.75,90,0,1.0,4,7,615000.0
2700,4,2.5,20,0,2.0,4,8,837500.0
950,2,1.0,82,0,1.0,3,5,250000.0
1790,3,2.5,25,0,2.0,3,8,583000.0
1610,3,2.5,14,0,3.0,3,8,499000.0
2290,3,2.5,13,0,2.0,3,8,550000.0
2170,4,2.5,34,0,1.0,4,7,400000.0
2100,3,2.5,7,0,2.0,3,9,990400.0
2320,3,2.5,40,0,1.5,3,8,600000.0
1120,2,1.0,61,0,1.0,4,6,325000.0
1530,3,2.5,23,0,2.0,4,7,265000.0
3490,3,2.5,55,0,1.0,5,9,1620500.0
1180,3,1.5,55,0,1.0,3,7,347500.0
2050,5,2.0,103,0,1.5,3,7,629000.0
2360,2,2.0,17,0,1.5,3,9,1087500.0
2570,4,2.5,22,0,2.0,3,8,397500.0
1270,2,1.0,105,0,1.5,3,7,404500.0
1250,3,1.5,47,0,1.0,3,7,225000.0
2510,3,2.25,37,0,1.0,3,8,267000.0
2690,4,3.75,105,0,2.0,4,9,800000.0
2900,4,2.5,14,0,2.0,3,8,339000.0
3830,4,2.5,34,1,1.0,3,11,1850000.0
1280,5,1.0,91,0,1.5,3,7,525000.0
4350,5,3.5,7,0,2.0,3,10,1150000.0
1370,1,1.0,93,0,1.5,4,7,565000.0
1230,2,2.25,2,0,2.0,3,8,387000.0
2440,4,2.5,27,0,2.0,3,9,720000.0
4410,4,3.5,18,0,2.0,3,12,1500000.0
910,2,1.0,78,0,1.0,3,6,235000.0
910,2,1.0,79,0,1.0,3,6,365000.0
2150,3,2.5,26,0,2.0,3,8,368250.0
2150,3,2.5,26,0,2.0,3,8,580000.0
3190,4,3.25,58,1,2.0,3,8,1100000.0
2130,4,2.5,11,0,2.0,3,7,215000.0
2740,4,2.5,25,0,2.0,3,9,648000.0
3150,4,3.0,13,0,2.0,3,9,705000.0
1450,3,2.25,10,0,2.0,3,8,465000.0
2400,5,2.0,103,0,1.5,3,8,650000.0
2280,4,2.25,51,0,1.0,4,7,335000.0
2310,4,2.0,31,0,1.5,4,8,640000.0
2460,4,2.5,26,0,2.0,3,9,638250.0
4200,4,3.5,18,0,2.0,3,12,1460000.0
1620,4,2.0,106,0,2.0,3,7,375000.0
2170,4,1.75,54,0,1.0,3,8,842000.0
2880,3,2.25,44,0,1.0,3,8,499950.0
3280,4,2.5,30,0,2.0,3,11,810000.0
2900,5,2.0,46,0,2.0,4,7,310000.0
2160,3,2.5,0,0,1.0,3,9,730000.0
2250,4,1.75,90,0,1.5,4,7,637800.0
1340,3,1.0,112,0,1.5,4,5,225000.0
1390,4,1.0,73,0,1.5,4,7,417500.0
1600,4,2.0,43,0,1.0,4,7,265000.0
2050,4,2.5,27,0,2.0,3,8,550000.0
2570,3,2.0,47,0,1.0,5,7,625700.0
2660,3,2.5,23,0,2.0,3,9,595000.0
1540,3,1.5,42,0,1.0,4,7,270000.0
2640,5,3.0,108,0,2.0,4,7,739375.0
1210,2,1.75,0,0,2.0,3,8,357562.0
3760,4,2.5,27,0,2.0,3,11,1010000.0
1350,2,1.75,10,0,1.0,3,8,455000.0
2600,5,2.25,46,0,1.0,4,8,310000.0
3900,3,2.75,47,0,2.0,3,6,415000.0
1340,2,1.0,64,0,1.0,3,8,452000.0
1760,3,2.0,62,0,1.0,3,7,810000.0
1840,3,2.0,63,0,1.0,5,7,730001.0
2980,3,2.25,26,0,1.0,3,9,825000.0
1730,3,2.5,18,0,2.0,3,8,665000.0
1650,4,1.75,46,0,1.0,3,8,327500.0
3370,3,2.5,26,0,2.0,4,9,699950.0
2200,3,2.5,29,0,2.0,3,9,424000.0
2180,4,2.5,88,0,1.5,4,7,657000.0
1490,3,1.75,40,0,1.0,3,7,445000.0
1530,3,2.5,7,0,2.0,3,8,450000.0
1180,3,1.0,50,0,1.0,4,7,350000.0
2080,4,2.5,18,0,2.0,3,9,460000.0
3200,4,2.5,44,0,1.0,5,8,385000.0
1880,4,2.25,21,0,2.0,3,7,272000.0
2510,3,2.5,14,0,2.0,3,7,535000.0
1060,2,1.0,46,0,1.0,3,6,216500.0
2130,3,2.5,26,0,2.0,3,8,325000.0
1320,3,1.75,47,0,1.0,3,7,420200.0
1040,3,1.75,63,0,1.0,5,6,258000.0
1150,3,2.0,97,0,1.5,3,7,450000.0
2120,4,2.25,88,0,2.0,4,7,720168.0
2130,3,2.0,89,0,1.5,5,7,652000.0
2340,4,2.5,25,0,2.0,3,8,569500.0
2250,4,1.75,52,0,1.0,4,7,411000.0
1890,3,1.75,40,0,1.0,3,7,524950.0
1140,2,1.0,73,0,1.0,3,6,153000.0
2780,3,2.5,14,0,2.0,3,9,775000.0
2390,4,2.5,18,0,2.0,3,8,338500.0
2390,3,1.75,40,0,1.0,3,8,570000.0
2680,3,2.0,64,0,1.0,4,9,653000.0
1560,2,2.5,6,0,2.0,3,8,435000.0
1130,2,1.0,62,0,1.0,4,6,207000.0
1120,2,1.0,43,0,1.0,4,7,540000.0
2050,4,2.25,49,0,2.0,3,8,386000.0
2600,5,2.25,45,0,1.5,4,8,265000.0
1050,3,2.25,9,0,2.0,3,7,250000.0
2600,3,2.0,45,0,2.0,3,10,1697000.0
2811,4,2.5,5,0,2.0,3,9,455000.0
4060,4,3.25,14,0,2.0,3,11,1795000.0
2260,3,2.0,73,0,1.0,3,7,759000.0
4430,4,2.75,25,0,2.0,3,10,970000.0
2430,3,2.25,36,0,1.0,4,9,690000.0
3420,3,2.5,27,0,1.0,4,10,789900.0
1180,2,1.0,89,0,1.5,3,7,447500.0
2010,4,2.25,40,0,1.0,3,7,440000.0
1230,3,2.0,21,0,1.0,3,7,278000.0
2750,5,2.5,110,0,1.5,3,8,980000.0
1300,3,2.75,18,0,1.0,3,7,245000.0
1150,3,1.5,43,0,1.0,3,7,287000.0
2220,3,1.75,26,0,1.0,3,7,435000.0
2050,3,2.5,25,0,2.0,4,9,585000.0
1700,4,1.75,57,0,1.0,3,8,616000.0
1610,3,1.75,37,0,1.0,4,7,203000.0
2720,4,2.75,95,0,2.0,3,8,860000.0
2190,4,2.5,42,0,1.0,3,8,833000.0
2730,4,2.75,11,0,2.0,3,8,565000.0
2490,3,2.5,24,0,2.0,3,9,572500.0
1510,4,2.0,59,0,1.0,3,7,254000.0
4720,4,4.25,44,0,3.0,5,11,1525000.0
3810,4,3.0,12,0,2.0,3,9,900000.0
1950,3,2.5,19,0,2.0,3,9,899000.0
1300,3,2.0,72,0,1.0,5,7,560000.0
1610,3,1.75,39,0,1.0,3,7,512500.0
2040,4,2.5,91,0,1.5,5,7,775000.0
700,2,1.0,61,0,1.0,5,5,200000.0
970,3,1.0,71,0,1.0,4,6,172000.0
910,3,1.0,58,0,1.0,2,6,219900.0
1060,3,1.0,62,0,1.0,3,7,641200.0
2180,5,3.25,32,0,2.0,4,7,473000.0
2050,3,1.75,30,0,1.0,3,8,540000.0
750,2,1.0,70,0,1.0,3,6,295000.0
800,3,1.0,106,0,1.0,4,6,370000.0
3470,4,2.25,108,0,1.5,3,9,1727000.0
1390,3,1.5,92,0,1.0,3,6,275000.0
900,3,1.0,45,0,1.0,4,6,89000.0
1050,2,1.75,39,0,1.5,4,6,175000.0
2410,3,2.5,26,0,1.0,4,9,490000.0
1180,3,2.25,28,0,2.0,3,7,342400.0
1140,3,1.0,110,0,2.0,4,7,345000.0
700,2,1.0,68,0,1.0,3,6,399000.0
2060,4,2.5,54,0,1.0,4,8,550000.0
2230,3,2.25,40,0,1.0,5,8,652450.0
1950,2,2.25,62,0,1.0,3,8,438000.0
2100,3,1.75,74,0,1.0,3,7,605000.0
2130,4,2.5,45,0,1.0,5,7,395000.0
1880,3,2.0,112,0,2.0,4,7,449950.0
2310,4,2.5,12,0,2.0,3,9,651100.0
880,3,1.0,70,0,1.0,3,6,241000.0
1290,2,1.5,45,0,1.0,3,8,268500.0
1010,2,1.0,59,0,1.0,3,6,200000.0
1690,4,1.75,68,0,1.0,5,6,400375.0
1350,2,1.75,9,0,1.0,3,8,429000.0
680,3,1.0,111,0,1.0,4,6,230000.0
2860,4,2.25,33,0,2.0,3,10,1200000.0
610,1,1.0,97,0,1.0,4,5,314200.0
2660,4,2.5,48,0,1.0,4,8,513000.0
1390,2,1.0,107,0,1.0,5,7,535000.0
2290,6,3.0,35,0,2.0,3,7,420000.0
2110,3,2.5,25,0,2.0,3,8,345950.0
1200,3,2.0,83,0,1.0,4,7,483500.0
2360,4,2.25,13,0,2.0,3,8,695000.0
2350,4,2.5,21,0,2.0,3,7,295000.0
1590,3,2.25,39,0,1.0,3,7,434975.0
1810,3,2.5,22,0,2.0,3,8,513000.0
1900,3,1.75,52,0,1.0,3,8,360000.0
1250,3,1.0,59,0,1.0,3,7,234900.0
3280,4,3.5,7,0,2.0,3,10,963000.0
870,2,1.5,90,0,1.0,3,7,595000.0
3570,4,3.25,8,0,2.0,3,10,942500.0
3780,4,3.25,12,0,2.0,3,11,1029000.0
1190,3,1.0,111,0,1.5,3,6,350000.0
2280,4,2.0,23,0,2.0,4,8,416500.0
1030,3,1.0,102,0,1.5,3,5,209900.0
2870,3,1.75,107,0,1.5,4,8,802000.0
1520,4,1.5,54,0,1.0,4,7,230000.0
3700,3,3.0,32,0,2.0,3,9,489000.0
2240,3,1.5,58,0,1.0,3,8,497000.0
1920,3,2.25,49,0,1.0,3,8,250000.0
2560,3,3.0,20,0,2.0,3,10,925000.0
1840,4,2.5,23,0,2.0,3,8,390000.0
2080,3,2.75,27,0,1.0,3,7,415000.0
1600,3,2.0,63,0,1.0,5,7,785000.0
2168,3,2.0,107,0,1.5,3,8,575000.0
860,2,1.0,91,0,1.0,3,6,170000.0
2100,4,1.75,99,0,1.0,5,7,750000.0
1140,3,1.0,48,0,1.0,4,7,230000.0
3090,4,3.0,37,0,2.0,3,9,855000.0
1330,3,1.0,47,0,2.0,2,6,235000.0
1360,2,1.0,77,0,1.0,4,5,335000.0
3420,5,3.0,62,0,2.0,3,9,1195000.0
2180,4,2.0,88,0,1.5,3,8,677000.0
1800,3,2.0,89,0,2.0,5,7,575000.0
1120,2,1.0,91,0,1.0,3,7,450000.0
2980,3,2.5,16,0,2.0,3,8,817250.0
2600,4,2.25,46,0,1.0,3,8,440000.0
1550,2,2.0,114,0,1.5,4,7,526000.0
3330,3,2.25,28,0,2.0,3,10,762500.0
2200,4,2.5,15,0,2.0,3,8,325000.0
3840,4,3.5,16,0,2.0,3,11,840000.0
840,2,1.0,76,0,1.0,3,6,377500.0
1270,3,1.5,60,0,1.0,4,6,212500.0
3240,4,2.5,29,0,2.0,3,10,749400.0
2480,3,2.5,40,1,1.5,4,8,663000.0
4470,3,2.25,61,0,2.0,3,9,1476000.0
1780,3,1.0,57,0,1.0,3,7,261000.0
1850,4,2.5,18,0,2.0,3,8,515000.0
2200,3,2.25,27,0,2.0,3,8,410000.0
2760,3,2.25,45,0,1.0,3,8,336000.0
1090,2,1.0,67,0,1.0,3,7,440000.0
3090,4,2.75,1,0,2.0,3,9,908950.0
820,2,1.0,46,0,1.0,5,7,554000.0
1445,3,2.25,11,0,2.0,3,7,387000.0
1810,4,2.25,54,0,2.0,3,7,268643.0
1620,3,1.75,60,0,1.0,3,7,514000.0
1060,2,1.75,37,0,2.0,3,7,420000.0
1050,3,1.75,46,0,1.0,5,7,199000.0
1010,3,1.0,66,0,1.0,4,7,225000.0
2050,4,2.5,21,0,2.0,4,8,320000.0
970,2,1.0,110,0,1.0,5,6,204995.0
1540,3,2.0,9,0,2.0,3,8,376000.0
3000,4,2.75,10,0,2.0,3,9,705000.0
3190,4,2.5,13,0,2.0,3,9,725995.0
1870,4,2.5,38,0,1.0,3,7,285000.0
2200,4,2.5,27,0,2.0,3,8,285000.0
3070,4,2.5,9,0,2.0,3,9,731000.0
3730,4,3.75,29,0,2.0,4,10,1564350.0
2440,4,2.5,59,0,1.0,3,7,510000.0
990,2,1.0,105,0,1.0,3,7,620000.0
4160,3,4.0,26,0,2.0,3,11,1110000.0
3670,4,3.5,9,0,2.0,3,9,796000.0
910,3,1.5,71,0,1.0,3,5,255000.0
1940,3,2.5,15,0,2.0,4,9,807000.0
1780,4,2.5,14,0,2.0,3,9,315000.0
2200,3,2.25,29,0,2.0,4,8,637000.0
6410,4,4.25,108,0,2.5,4,12,2725000.0
2070,3,2.0,33,0,1.0,3,8,490000.0
2040,3,1.75,52,0,1.0,3,7,253000.0
2320,4,2.5,10,0,2.0,3,8,325900.0
1440,2,2.0,62,0,1.0,3,7,425000.0
1700,4,2.5,17,0,2.0,3,7,215000.0
1700,4,2.5,18,0,2.0,3,7,315000.0
2050,3,2.0,88,0,1.0,3,8,724800.0
800,2,1.0,61,0,1.0,4,6,295000.0
1800,3,1.75,64,0,1.0,3,8,509007.0
1460,5,2.0,105,0,1.5,3,6,306000.0
1290,3,1.75,30,0,1.0,3,7,205000.0
1900,3,1.5,46,0,1.0,4,7,275000.0
1480,3,1.75,51,0,1.0,3,8,685000.0
2090,4,2.5,46,0,1.0,3,7,465000.0
1950,4,2.25,46,0,1.0,3,8,560000.0
1250,3,1.75,51,0,1.0,3,7,458500.0
990,3,1.0,56,0,1.0,3,6,354000.0
2740,3,2.5,17,0,2.0,3,9,441000.0
1260,3,1.75,62,0,1.0,2,7,194000.0
2150,4,2.5,23,0,2.0,4,8,316500.0
1750,3,1.75,85,0,1.5,4,7,524950.0
2880,3,2.25,32,0,2.0,4,8,1052000.0
2590,4,2.25,40,0,2.0,4,9,925000.0
2430,3,1.75,90,0,1.5,4,7,780000.0
1470,2,2.0,9,0,2.0,3,6,241000.0
2020,3,2.75,60,0,1.0,5,7,519000.0
610,2,1.0,96,0,1.0,4,6,286000.0
3000,3,2.0,52,0,1.0,3,8,400000.0
920,2,1.0,91,0,1.0,4,5,255000.0
1070,3,1.75,62,0,1.0,3,6,152000.0
3410,4,2.0,42,0,2.0,4,8,599000.0
1820,4,2.5,13,0,2.0,3,7,330000.0
1060,2,1.0,88,0,1.0,3,7,461000.0
3070,5,2.5,20,0,2.0,3,9,620000.0
2300,4,2.5,56,0,1.0,4,7,352500.0
1610,3,2.0,26,0,1.0,3,7,435000.0
2830,5,2.75,8,0,2.0,3,9,725000.0
970,3,1.0,32,0,1.0,3,7,300000.0
1680,3,2.5,25,0,2.0,3,7,252000.0
2040,4,2.75,40,0,1.0,4,8,464625.0
1450,3,1.0,64,0,2.0,3,7,340000.0
2870,4,2.25,109,0,1.5,4,9,1325000.0
1870,5,2.0,46,0,1.0,4,7,455000.0
2490,4,3.5,12,0,2.0,3,8,495000.0
3350,4,2.5,13,0,2.0,3,9,925000.0
3190,4,2.75,8,0,2.0,3,9,587000.0
1560,3,1.75,70,0,1.0,4,6,524000.0
2750,4,2.5,109,0,2.0,3,9,1030000.0
920,2,1.0,34,0,1.0,4,8,176000.0
1140,2,1.0,67,0,1.0,3,6,249900.0
2520,3,2.5,26,0,1.5,3,7,499500.0
3150,5,3.5,40,0,1.0,5,9,600000.0
2040,4,2.5,11,0,2.0,3,7,294000.0
1780,4,2.0,52,0,1.0,3,7,272000.0
2240,3,2.5,18,0,2.0,3,8,390000.0
3270,4,2.5,44,0,1.0,4,9,700000.0
3110,5,2.75,9,0,2.0,3,9,635000.0
1850,4,1.5,86,0,2.0,3,8,920000.0
1570,3,1.75,31,0,1.0,4,7,500000.0
750,2,1.0,72,0,1.0,3,6,263500.0
2240,4,2.25,48,0,2.0,4,10,975000.0
1870,3,2.5,13,0,2.0,3,8,575000.0
2683,4,2.5,27,0,2.0,4,9,822000.0
1490,3,1.0,61,0,1.0,3,7,300000.0
2340,4,2.5,16,0,2.0,3,8,487600.0
1700,4,2.0,59,0,1.0,3,7,500000.0
1450,2,2.0,0,0,3.0,3,9,680000.0
3310,3,2.5,10,0,2.0,3,9,419000.0
1520,4,1.75,65,0,1.0,3,6,450000.0
1260,5,1.75,88,0,1.5,3,7,650000.0
1840,3,1.75,50,0,1.0,4,8,550000.0
1750,4,2.0,72,0,1.0,4,6,330000.0
1450,4,1.0,83,0,1.5,4,6,282510.0
6330,4,4.0,14,0,2.0,3,13,2385000.0
1260,2,2.0,31,0,1.0,3,7,230000.0
2100,4,1.75,105,0,2.0,3,8,750000.0
2430,4,2.5,12,0,2.0,3,8,321000.0
4250,4,3.25,34,0,2.0,5,10,2196000.0
1830,4,2.0,57,0,1.0,3,7,245000.0
1310,2,1.0,101,0,1.0,3,6,510000.0
3090,4,3.25,10,0,2.0,3,9,751000.0
2560,4,2.5,27,0,2.0,4,9,675000.0
1930,3,1.75,48,0,1.0,3,8,295000.0
1460,2,1.0,89,0,1.0,2,7,312000.0
3460,3,3.0,26,0,2.0,3,9,730000.0
3290,5,3.5,10,0,2.0,3,9,762500.0
820,3,1.0,104,0,1.5,3,6,150000.0
1480,3,1.0,61,0,1.0,3,6,270000.0
1420,4,2.0,52,0,1.0,4,7,400000.0
2790,3,2.5,12,0,2.0,3,8,650000.0
1390,2,1.5,60,0,1.0,4,8,530000.0
950,3,1.0,60,0,1.0,4,7,248000.0
3000,4,3.5,66,0,1.0,5,7,760000.0
1280,4,1.0,55,0,1.5,3,7,199000.0
870,2,1.0,54,0,1.0,3,7,240000.0
1360,3,1.5,70,0,2.0,3,7,415000.0
1000,3,1.0,55,0,1.0,3,7,228000.0
2740,4,2.5,23,0,1.0,3,8,525000.0
1560,3,1.75,74,0,1.0,4,7,399950.0
2590,4,2.5,27,0,2.0,3,9,781000.0
1850,3,2.5,11,0,2.5,3,9,827000.0
2500,5,2.25,46,0,1.5,4,7,525000.0
3280,4,2.5,11,0,2.0,3,7,671300.0
670,2,1.0,95,0,1.0,3,5,175000.0
2890,5,2.75,52,0,1.0,4,10,1100000.0
3000,5,2.5,49,0,1.0,3,8,800000.0
1920,4,2.5,12,0,2.0,3,7,329950.0
1960,4,3.25,35,0,2.0,3,7,445000.0
2000,3,1.75,35,0,1.0,3,7,237000.0
3600,6,4.0,69,0,2.0,3,9,1112500.0
2740,4,2.5,8,0,2.0,3,9,438900.0
3650,9,4.5,99,0,2.0,3,8,1280000.0
2310,4,2.5,9,0,2.0,3,8,600000.0
2095,4,2.5,13,0,2.0,3,9,670000.0
1560,2,2.0,11,0,1.0,3,8,519000.0
1880,3,2.25,31,0,1.0,3,8,320000.0
840,2,1.5,9,0,2.0,3,7,270000.0
2730,3,2.5,16,0,2.0,3,9,1000000.0
860,1,1.0,107,0,1.0,3,6,330000.0
2320,3,2.0,58,0,1.0,3,7,657500.0
1540,3,1.75,47,0,1.0,3,7,450000.0
890,3,1.0,87,0,1.5,3,5,150000.0
4290,4,2.5,10,0,2.0,3,10,792500.0
1950,3,2.5,37,0,2.0,4,9,540000.0
1010,3,1.0,46,0,1.0,4,7,229900.0
2830,4,2.5,12,0,2.0,3,8,533000.0
1500,4,1.75,37,0,1.0,4,7,239000.0
3370,3,2.5,15,0,1.0,3,10,713900.0
3160,4,2.5,15,0,2.0,3,9,427500.0
1110,3,1.0,59,0,1.5,4,7,302000.0
3830,3,2.5,23,0,2.0,3,11,1150000.0
3160,3,2.5,8,0,2.0,3,8,555000.0
2100,3,2.25,18,0,2.0,3,7,495000.0
2240,3,1.5,61,0,1.0,3,7,495000.0
1060,2,0.75,67,1,1.0,5,6,340000.0
2350,4,2.25,32,0,1.0,4,9,464950.0
1940,4,2.5,17,0,2.0,3,8,320000.0
1160,1,1.0,6,0,1.0,3,7,440000.0
1840,3,1.5,53,0,2.0,5,8,686000.0
2260,4,1.75,38,0,1.0,3,8,555000.0
840,2,1.0,105,0,1.0,4,6,361500.0
2830,5,3.0,91,0,2.0,3,9,1240000.0
1600,4,1.0,48,0,1.0,4,6,154950.0
1370,3,1.75,32,0,1.0,3,7,247200.0
1960,3,2.25,30,0,1.0,3,7,250000.0
1470,3,1.5,107,0,2.0,4,7,590300.0
2740,5,2.75,54,0,1.0,4,8,541125.0
1090,2,2.5,11,0,2.0,3,7,310000.0
2460,4,2.75,39,0,1.0,3,8,704111.0
1820,3,2.25,50,0,1.0,4,7,277500.0
1960,4,2.75,61,0,1.0,5,7,325000.0
1760,3,2.25,19,0,2.0,3,7,289200.0
720,1,1.0,106,0,1.0,4,6,185000.0
3470,4,3.5,8,0,2.0,3,11,1445000.0
1370,4,2.0,68,0,1.0,2,7,420550.0
2370,4,2.25,47,0,1.0,3,8,603000.0
1390,3,1.0,111,0,1.5,3,7,345000.0
1840,3,2.0,87,0,1.0,5,7,650000.0
2790,5,3.0,41,0,1.0,5,7,589950.0
1460,2,2.25,7,0,2.0,3,8,309950.0
2620,3,2.5,16,0,1.5,4,9,775000.0
2230,4,1.5,96,0,1.5,3,7,590000.0
3250,4,3.0,110,0,2.5,3,8,863500.0
1190,3,1.0,71,0,1.0,3,7,517500.0
2090,3,3.0,92,0,1.5,5,7,700000.0
2580,3,2.5,58,0,1.0,3,10,699000.0
2100,3,2.5,9,0,2.0,3,7,350000.0
3160,4,2.5,27,0,2.0,3,10,795000.0
2090,3,2.5,52,0,1.0,3,7,543000.0
1570,3,2.5,14,0,2.0,3,7,325000.0
1020,3,1.0,115,0,1.5,3,7,337500.0
1300,2,1.0,60,0,1.0,4,7,425000.0
2110,3,2.5,29,0,1.0,3,9,780000.0
1210,2,1.0,66,0,1.0,4,5,259000.0
1990,4,1.75,46,0,1.0,4,8,524400.0
1630,3,2.0,11,0,1.0,3,7,260000.0
1384,2,2.0,25,0,2.0,3,7,273000.0
3380,4,2.5,18,0,2.0,3,10,639900.0
2480,4,2.5,13,0,2.0,3,10,420000.0
1270,3,1.0,57,0,1.0,4,7,510500.0
1010,4,1.0,68,0,1.5,3,6,290000.0
1490,3,1.75,71,0,1.0,4,6,226000.0
820,2,1.0,98,0,1.0,4,6,300000.0
1810,3,2.0,47,0,1.0,3,7,407450.0
3060,4,2.25,50,0,1.0,3,7,390000.0
2980,6,2.75,50,0,1.0,3,8,1058800.0
3440,3,2.5,23,0,2.0,3,11,610000.0
1820,3,2.5,56,0,1.0,3,7,239975.0
2320,3,2.5,27,0,1.0,3,7,375000.0
2620,4,2.5,11,0,2.0,3,9,742500.0
2190,4,1.75,59,0,1.0,4,8,450000.0
1780,3,2.25,47,0,1.0,3,8,300000.0
2200,3,1.75,40,0,1.0,3,7,216600.0
1600,3,1.75,90,0,1.5,3,7,525000.0
2450,4,2.25,60,0,1.0,4,8,455000.0
2680,4,2.25,28,0,2.0,3,8,390000.0
1850,3,1.75,32,0,1.0,4,7,450000.0
1740,4,1.0,90,0,1.5,3,7,382000.0
1490,3,2.25,27,0,1.0,4,7,287000.0
1960,4,2.0,44,0,1.0,2,8,460000.0
1380,3,2.25,5,0,2.0,3,7,435000.0
1510,2,1.0,79,0,1.5,3,8,575000.0
1410,3,1.5,109,0,1.0,3,7,626700.0
1440,4,1.5,93,0,1.5,3,7,352000.0
920,3,1.0,64,0,1.0,4,7,650000.0
1090,3,1.0,52,0,1.0,4,7,197000.0
2790,8,2.75,37,0,1.0,3,7,340000.0
1840,3,2.0,46,0,1.0,3,7,560000.0
1340,3,1.75,43,0,1.0,3,7,354000.0
2570,4,2.5,15,0,2.0,3,9,670000.0
3010,4,3.5,10,0,2.0,3,9,769000.0
2160,4,2.5,74,0,1.0,3,7,650000.0
2140,3,1.75,61,0,1.0,3,7,650000.0
2090,4,1.75,44,0,1.0,4,7,289950.0
1810,3,1.75,37,0,1.0,4,7,300000.0
1760,4,1.75,52,0,1.0,5,7,471000.0
2500,4,2.5,24,0,2.0,3,9,639000.0
930,2,1.0,62,0,1.0,3,7,287000.0
3030,4,2.5,23,0,2.0,3,10,740000.0
1460,3,2.0,25,0,1.0,4,7,499922.0
2940,4,2.5,28,0,2.0,3,9,675000.0
3360,5,2.75,0,0,2.0,3,9,738515.0
2110,3,1.75,58,0,1.0,3,8,445000.0
2740,4,2.25,62,0,1.0,5,10,1039000.0
1070,2,1.0,97,0,1.0,4,7,346000.0
1680,3,2.0,75,0,2.0,3,7,450000.0
2260,4,2.5,39,0,1.0,4,9,350000.0
5860,4,3.5,107,0,2.0,5,10,2400000.0
2380,4,2.25,37,0,1.0,3,8,594950.0
3320,5,3.0,11,0,2.0,3,9,1695000.0
1050,2,1.0,30,0,1.5,4,7,219000.0
2070,4,2.5,11,0,2.0,3,7,450000.0
1790,4,2.25,23,0,2.0,3,7,402000.0
840,2,1.0,73,0,1.0,3,6,275000.0
990,3,1.5,66,0,1.0,5,7,421500.0
4120,3,3.0,20,0,2.0,3,9,560000.0
1620,3,1.75,49,0,1.0,4,7,314000.0
1340,4,2.0,73,0,1.0,4,7,287000.0
1500,4,1.0,90,0,1.5,3,6,277000.0
1300,2,1.0,64,0,1.0,3,7,337500.0
3100,4,2.75,15,0,2.0,3,10,792000.0
3380,3,2.5,15,0,2.0,3,8,435000.0
2660,4,2.5,38,0,1.0,4,7,313100.0
1700,3,2.25,90,0,1.5,3,7,575000.0
1840,4,2.5,43,0,1.0,3,8,510000.0
890,2,1.0,74,0,1.0,4,6,299950.0
2800,3,3.0,62,0,1.0,3,9,1028000.0
2010,4,1.75,57,0,1.0,4,7,364000.0
1380,3,1.0,49,0,1.0,5,7,335000.0
1210,3,1.0,60,0,1.0,3,6,219950.0
1280,3,2.0,24,0,1.0,3,7,215000.0
4090,4,2.5,36,0,2.0,4,8,640000.0
1580,3,1.0,89,0,1.0,3,7,535000.0
1910,4,2.0,41,0,1.0,4,7,253000.0
1740,2,2.5,20,0,2.0,3,8,650000.0
1130,3,2.25,85,0,1.5,4,8,672000.0
1970,3,1.75,64,0,1.0,4,8,606000.0
1780,3,2.25,34,0,1.0,3,8,292000.0
1670,3,2.0,22,0,1.0,3,8,289950.0
1360,4,1.5,46,0,1.0,4,7,257500.0
1840,3,2.5,43,0,1.0,3,7,380000.0
1255,3,1.75,4,0,3.0,3,8,360000.0
1840,3,1.75,38,0,1.0,4,7,269500.0
2960,4,2.5,9,0,2.0,3,9,449000.0
1430,4,1.5,66,0,1.5,3,7,375000.0
5990,5,4.75,12,1,2.0,3,11,2200000.0
3480,4,2.5,26,0,2.0,3,11,810000.0
4260,5,3.25,9,0,2.0,3,10,994000.0
1820,5,2.25,36,0,1.0,4,7,275000.0
1290,2,1.0,7,0,2.0,3,7,300000.0
2130,5,2.5,2,0,2.0,3,7,380000.0
1170,3,2.0,58,0,1.0,4,7,200000.0
1730,3,3.5,5,0,3.0,3,9,635000.0
880,2,1.0,75,0,1.0,3,6,280000.0
2380,3,2.5,12,0,2.0,3,8,574000.0
1330,4,1.0,63,0,1.0,3,6,1050000.0
1780,3,2.25,26,0,2.0,3,8,545000.0
1220,3,1.5,53,0,1.0,4,7,271950.0
2490,5,1.75,55,0,1.0,4,8,630000.0
1180,2,1.0,30,0,1.0,3,7,400000.0
2310,4,2.5,16,0,2.0,3,8,334000.0
1440,4,2.0,42,0,2.0,4,7,332500.0
1620,2,1.5,7,0,2.0,3,9,525000.0
2620,3,2.5,24,0,2.0,3,8,408000.0
3710,4,2.5,12,0,2.0,3,9,846450.0
1040,3,1.5,56,0,1.0,4,7,411100.0
3320,5,3.25,15,0,2.0,4,8,409124.0
800,2,1.5,63,0,1.0,5,7,335950.0
2040,5,2.5,52,0,1.0,4,7,480000.0
1960,2,1.75,57,0,1.0,3,7,280000.0
2670,4,2.5,15,0,2.0,3,8,668000.0
2930,4,2.5,5,0,2.0,3,8,750000.0
830,2,1.0,59,0,1.0,3,6,394475.0
2290,5,1.75,87,0,2.0,3,7,848000.0
2510,3,1.5,107,0,2.5,4,8,675000.0
1280,3,1.0,56,0,1.0,4,6,175000.0
1810,4,1.5,62,0,1.0,3,8,560000.0
2080,5,2.75,27,0,2.0,3,8,538888.0
1680,4,1.75,23,0,2.0,3,8,359000.0
1660,3,2.25,13,0,2.0,3,7,300000.0
1650,3,2.5,25,0,2.0,4,7,273000.0
1420,3,2.5,11,0,2.0,3,9,670000.0
2240,4,2.25,30,0,1.0,3,8,530000.0
1230,3,1.5,87,0,1.0,3,7,625000.0
1260,3,1.0,61,0,1.0,4,6,248000.0
2060,3,2.5,24,0,2.0,3,8,533000.0
3090,4,3.5,23,0,1.0,3,8,549950.0
3220,4,1.75,55,0,1.0,4,8,485000.0
2020,3,2.5,14,0,2.0,3,7,353500.0
1910,2,1.75,38,0,1.0,3,9,435000.0
1150,3,1.0,63,0,1.0,3,6,241000.0
2730,4,2.75,93,0,1.5,3,8,885000.0
2890,6,3.0,108,0,2.5,3,7,799200.0
2280,3,2.5,42,0,1.0,4,8,760000.0
1040,2,1.0,92,0,1.0,3,6,270000.0
2440,4,1.75,46,0,1.0,4,9,675000.0
1720,3,2.5,37,0,1.0,4,8,499000.0
3430,3,2.5,30,0,1.5,3,10,1202500.0
2570,4,2.5,9,0,2.0,3,8,320000.0
4360,4,3.25,15,0,1.0,3,10,890000.0
2060,4,2.75,36,0,1.0,3,7,275000.0
3020,4,2.5,20,0,2.0,4,10,490000.0
2340,3,2.5,108,0,1.5,3,7,550000.0
2400,5,2.0,56,0,1.0,5,7,390000.0
1610,3,2.25,46,0,1.0,4,7,277000.0
1090,3,1.75,21,0,1.0,3,7,236000.0
1470,3,1.75,40,0,1.0,4,7,265953.0
1670,3,2.25,41,0,1.0,4,8,545000.0
1850,3,2.5,23,0,2.0,3,8,535000.0
3940,3,2.75,47,0,1.0,5,9,1450000.0
2330,4,3.0,11,0,2.0,3,9,490000.0
2020,4,2.5,61,0,1.5,4,6,319950.0
1300,3,1.5,54,0,1.0,5,7,625000.0
1180,3,1.0,47,0,1.0,4,7,248000.0
1320,3,1.75,49,0,1.0,3,8,475000.0
2520,6,2.75,52,0,1.0,4,7,410000.0
1680,3,2.5,105,0,3.0,3,9,670000.0
2000,3,2.5,47,0,2.0,3,7,430000.0
1180,2,1.0,60,0,1.0,5,6,313000.0
3330,3,3.25,26,0,2.5,3,9,950000.0
1880,2,2.0,112,0,1.5,3,8,751750.0
2990,4,2.5,11,0,2.0,3,9,760000.0
1510,3,1.75,46,0,1.0,4,7,310650.0
3110,4,3.0,17,0,2.0,3,8,367500.0
2150,4,2.5,13,0,2.0,3,8,580000.0
1900,3,2.25,109,0,1.5,3,8,580000.0
2720,4,2.5,27,0,2.0,3,10,665000.0
1560,3,2.25,35,0,2.0,4,7,239950.0
1990,4,2.5,16,0,2.0,3,8,470000.0
1740,3,1.75,84,0,1.0,5,8,733000.0
2130,4,2.0,53,0,1.0,3,7,250000.0
1510,4,1.75,57,0,1.0,5,7,402000.0
2100,5,3.5,15,0,2.0,3,7,295000.0
2344,5,2.5,38,0,1.0,4,8,355000.0
1970,3,1.5,46,0,1.0,4,6,289000.0
1470,3,2.25,32,0,2.0,3,7,376000.0
940,2,1.0,88,0,1.0,3,7,212700.0
1780,3,1.75,31,0,1.0,4,9,325000.0
2230,4,2.5,12,0,2.0,3,7,415000.0
3570,3,2.5,34,0,1.0,4,8,935000.0
1920,3,2.5,25,0,2.0,3,7,372000.0
1290,3,1.5,57,0,1.0,3,7,240000.0
1880,3,1.75,34,0,1.0,5,7,334950.0
2960,4,2.5,10,0,2.0,3,9,426500.0
1840,2,1.75,63,0,1.0,3,8,430000.0
1890,3,1.5,47,0,1.0,3,7,400000.0
1820,3,2.25,51,0,1.0,4,7,455850.0
4370,4,3.5,11,0,2.0,3,10,1965220.0
1530,3,1.75,28,0,1.0,3,7,400000.0
1030,3,1.0,60,0,1.0,4,7,397500.0
2000,3,2.5,9,0,3.0,3,8,755000.0
1730,5,1.5,52,0,1.0,3,7,287000.0
3620,4,2.5,38,0,2.0,3,9,480000.0
2040,3,2.5,20,0,2.0,3,8,490000.0
2640,3,2.5,23,0,2.0,3,8,365000.0
1600,3,2.5,10,0,2.0,3,7,260000.0
1480,4,1.0,86,0,1.5,4,7,505000.0
700,2,1.0,92,0,1.0,3,7,260000.0
700,2,1.0,93,0,1.0,3,7,430000.0
3520,4,2.5,21,0,2.0,4,10,905000.0
1650,3,2.0,37,0,2.0,4,8,440000.0
1360,4,1.0,64,0,1.5,3,7,439500.0
1350,3,2.0,71,0,1.0,5,6,270000.0
1970,3,2.5,17,0,2.0,4,7,306500.0
1470,3,2.0,11,0,2.0,3,8,380000.0
1610,4,1.75,45,0,1.0,5,7,215000.0
810,2,1.0,65,0,1.0,3,7,299900.0
2820,4,3.5,20,0,2.0,3,10,1450000.0
1900,3,1.0,72,0,1.5,4,5,239950.0
1830,4,2.5,41,0,1.0,4,8,494000.0
1730,4,1.5,52,0,1.0,4,7,317500.0
2110,4,2.5,38,0,2.0,4,7,670000.0
3060,3,2.5,10,0,2.0,3,9,650000.0
2620,4,2.5,32,0,2.0,3,8,852000.0
1088,2,1.5,31,0,2.0,3,7,250000.0
1400,3,1.5,50,0,1.0,4,7,264950.0
1540,2,2.0,72,0,1.0,5,7,582500.0
1540,3,2.5,17,0,2.0,3,7,384000.0
2310,3,1.5,88,0,1.5,3,8,817000.0
1730,4,1.75,43,0,1.0,4,7,320000.0
2070,4,2.25,37,0,1.0,3,8,445800.0
900,2,1.0,64,0,1.0,3,7,263300.0
860,3,1.0,63,0,1.0,3,6,215000.0
2980,5,4.0,93,0,1.5,3,7,842500.0
2980,5,4.0,94,0,1.5,3,7,850000.0
2740,5,2.5,24,0,2.0,3,7,386000.0
1790,4,2.5,18,0,2.0,3,7,251100.0
1750,3,1.75,36,0,1.0,3,7,435000.0
3610,4,4.0,14,0,2.0,3,10,870000.0
1430,6,1.0,61,0,2.0,3,7,800000.0
1570,3,1.75,46,0,1.0,4,7,555000.0
2280,2,1.0,82,0,2.0,3,7,280000.0
940,3,1.0,99,0,1.0,3,6,356000.0
2920,4,2.5,10,0,2.0,3,9,675000.0
2260,4,2.25,38,0,2.0,3,9,605000.0
2000,5,2.0,106,0,1.5,4,7,690500.0
1440,2,1.75,9,0,1.0,3,8,437000.0
2310,5,2.0,48,0,1.5,4,8,850000.0
2300,4,2.25,110,0,1.5,4,7,350000.0
1490,2,2.25,88,0,1.5,3,8,480000.0
1830,3,2.25,25,0,2.0,3,8,379500.0
4440,5,4.5,2,0,2.0,3,10,600000.0
4970,4,3.5,23,0,2.0,4,11,1436000.0
1000,2,1.5,7,0,2.0,3,7,303000.0
4940,4,2.5,62,0,1.0,3,9,800000.0
1980,2,2.0,108,0,1.5,5,7,549000.0
1560,3,2.5,50,0,1.0,3,7,324950.0
870,2,1.0,66,0,1.0,3,6,170000.0
840,3,1.0,45,0,1.0,5,6,178000.0
1250,3,1.0,57,0,1.0,3,6,144000.0
3120,4,2.75,61,0,1.0,4,9,1580000.0
750,2,1.0,83,0,1.0,3,6,258000.0
710,3,1.75,64,0,1.0,4,6,345000.0
2290,3,1.75,49,0,1.0,3,8,470000.0
3750,5,2.5,90,1,2.0,3,10,2903000.0
980,3,1.5,45,0,1.0,5,7,350000.0
1590,2,1.75,42,0,1.0,4,7,225500.0
940,2,1.0,73,0,1.0,3,6,473000.0
1750,3,1.75,53,0,1.0,3,7,279000.0
1460,3,1.0,67,0,1.0,3,6,470000.0
1540,3,1.75,89,0,1.0,4,6,565000.0
2560,3,2.0,63,0,1.0,4,8,695000.0
1660,3,1.75,23,0,1.0,4,7,315000.0
1880,3,2.5,22,0,2.0,3,8,529000.0
3500,5,3.75,48,0,1.5,3,8,750000.0
1840,3,2.25,21,0,2.0,3,7,481500.0
1060,3,2.0,28,0,1.0,3,7,211000.0
1790,3,2.25,42,0,1.0,3,7,455000.0
810,2,1.0,76,0,1.0,3,5,238950.0
2600,4,3.5,11,0,2.0,3,8,722500.0
3230,4,2.5,41,0,1.0,4,8,795000.0
2240,4,2.25,44,0,2.0,3,8,327500.0
3400,4,3.0,9,0,2.0,3,9,585000.0
3140,4,2.0,75,0,1.0,3,7,775000.0
2780,4,2.5,13,0,2.0,3,8,645000.0
2320,4,2.75,47,0,1.0,3,8,445000.0
1370,3,1.75,27,0,1.0,3,7,257950.0
2230,5,1.75,56,0,1.0,3,7,375000.0
1610,3,2.5,20,0,2.0,3,7,245000.0
3410,3,2.5,24,0,2.0,3,11,725000.0
2810,4,2.5,10,0,2.0,3,9,702000.0
1850,3,1.75,71,0,2.0,3,6,330000.0
1790,3,1.5,103,0,1.5,3,8,940000.0
1150,3,1.0,65,0,1.5,4,7,354500.0
2420,4,2.75,101,0,1.5,4,7,279950.0
1580,3,2.25,26,0,1.0,4,7,284000.0
1760,5,2.0,55,0,1.0,3,8,480000.0
1760,5,2.0,56,0,1.0,3,8,647500.0
2750,3,2.5,22,0,2.0,3,9,625000.0
920,3,1.0,36,0,1.0,4,7,152000.0
960,3,1.0,54,0,1.0,3,7,322000.0
1120,3,1.75,98,0,1.0,4,7,445000.0
1560,3,1.0,107,0,1.5,4,7,595000.0
1380,3,1.0,34,0,1.0,3,7,165000.0
1940,4,2.5,24,0,2.0,3,7,278500.0
1810,3,1.75,42,0,1.0,3,8,517500.0
1100,2,1.0,60,0,1.0,3,7,343566.0
1980,4,2.25,37,0,1.0,3,7,286285.0
1340,4,1.5,56,0,1.0,5,6,474905.0
1680,3,1.75,54,0,1.0,4,7,550000.0
2060,4,2.5,22,0,2.0,3,6,286000.0
2620,3,3.25,34,0,1.0,4,8,900000.0
1610,3,2.25,29,0,2.0,3,7,449950.0
1490,4,1.5,48,0,2.0,3,7,259000.0
1900,3,2.25,45,0,1.0,3,7,340000.0
3440,4,2.5,21,0,2.0,3,9,785000.0
1840,2,1.0,104,0,1.5,4,6,490000.0
2330,4,2.0,73,0,1.0,4,7,344950.0
2250,3,2.0,109,0,2.0,4,9,950000.0
2000,4,1.75,56,0,1.0,4,7,810000.0
3010,2,2.5,39,0,1.0,4,9,998160.0
1680,3,1.75,35,0,1.0,3,8,377000.0
1530,3,2.0,30,0,1.0,4,8,595000.0
970,2,1.0,103,0,1.0,3,6,313300.0
1550,5,1.75,73,0,1.5,4,7,360000.0
1660,3,1.75,36,0,1.0,2,8,188000.0
3680,3,2.5,20,0,1.5,3,9,755000.0
3210,5,3.5,97,0,2.0,3,10,1289000.0
1480,3,1.0,74,0,2.5,3,6,455000.0
3600,5,3.5,9,0,2.0,3,10,817500.0
1700,3,2.25,12,0,3.0,3,8,550000.0
1680,3,1.75,37,0,1.0,3,8,260000.0
1550,3,2.0,15,0,1.5,3,7,320000.0
3780,3,3.25,15,0,1.0,3,11,1153000.0
2360,4,2.5,30,0,1.0,3,7,362000.0
1810,3,2.5,18,0,2.0,3,7,503500.0
2290,3,2.5,8,0,2.0,3,9,653000.0
3370,4,2.75,23,0,2.0,3,10,760000.0
2090,4,1.75,98,0,1.0,4,7,775000.0
2130,4,3.75,59,1,1.5,3,9,1339000.0
2060,5,1.75,61,0,1.0,4,7,417500.0
1560,3,1.5,45,0,1.0,4,7,525000.0
730,2,1.0,81,0,1.0,3,4,217000.0
2910,4,2.75,29,0,1.0,3,8,525000.0
2490,4,2.25,39,0,1.0,3,7,442500.0
1710,4,1.75,59,0,1.0,4,7,525000.0
1520,4,1.75,48,0,1.0,4,7,425500.0
2930,3,2.75,24,0,2.0,3,8,710000.0
3160,4,3.0,23,0,1.0,3,8,545000.0
2910,5,2.75,48,0,1.5,4,8,410000.0
1700,3,2.25,35,0,1.0,3,7,245000.0
810,2,1.0,91,0,1.0,4,6,194900.0
2000,4,2.5,11,0,2.0,3,7,284000.0
1894,2,1.75,78,0,1.5,4,6,280000.0
2080,3,1.75,44,0,1.0,3,6,280000.0
1730,4,2.0,71,0,1.0,5,7,360000.0
720,2,1.0,72,0,1.0,3,6,405000.0
3560,4,2.5,15,0,2.0,3,10,865000.0
1210,4,2.0,59,0,1.0,4,7,483300.0
2130,4,2.5,30,0,2.0,4,8,355000.0
1570,3,2.25,25,0,1.0,3,7,274950.0
3950,3,4.5,16,0,2.0,3,11,1925000.0
3450,3,3.25,25,0,2.0,3,11,755000.0
7220,4,5.75,15,0,2.0,3,12,1940000.0
1150,3,1.75,35,0,1.0,3,7,309212.0
1500,3,2.25,30,0,1.0,3,7,219950.0
1300,3,2.5,94,0,1.5,4,7,690000.0
1290,3,1.75,71,0,1.0,3,6,250800.0
2510,3,2.0,21,0,1.0,3,9,557500.0
2320,4,1.75,88,0,1.5,5,8,941000.0
2030,4,2.75,38,0,1.0,4,7,305000.0
2060,4,1.5,65,0,1.0,4,8,815000.0
2920,3,2.5,60,0,1.0,4,9,1015000.0
3330,4,3.0,86,0,1.5,5,9,1240000.0
2110,3,2.5,24,0,2.0,3,9,535000.0
1175,3,1.0,65,0,1.0,4,6,775000.0
1590,3,2.0,20,0,1.0,3,7,255000.0
1070,2,1.0,67,0,1.0,3,7,327000.0
2720,4,2.0,38,0,2.0,3,8,560000.0
2980,4,3.5,17,0,2.0,3,9,1339000.0
1160,3,1.75,37,0,1.0,4,7,199500.0
3580,4,2.5,10,0,2.0,3,9,760000.0
3020,3,2.25,21,0,3.0,3,8,439000.0
2380,4,2.25,53,0,1.0,4,7,527000.0
2270,3,2.75,66,0,1.5,4,6,199950.0
1660,3,2.25,27,0,2.0,4,7,254000.0
830,2,1.0,94,0,1.0,4,7,393000.0
2480,5,2.25,35,0,1.0,4,8,585000.0
1900,2,2.0,91,0,1.0,4,7,450000.0
1670,2,1.75,9,0,1.0,3,9,565000.0
2000,5,2.25,28,0,1.0,4,7,330000.0
2320,3,2.0,23,0,1.5,3,9,870000.0
1860,4,2.5,48,0,1.0,4,8,585000.0
2110,3,2.5,37,0,2.0,3,9,500000.0
1400,3,2.0,35,0,1.0,3,7,225000.0
1400,3,2.0,36,0,1.0,3,7,295000.0
2850,3,2.75,38,0,1.0,4,9,775000.0
1370,3,1.0,33,0,1.0,3,7,280000.0
2170,3,2.5,91,0,1.5,5,7,539000.0
2570,3,1.75,62,0,1.0,4,8,567500.0
1970,4,2.25,55,0,1.0,3,8,442500.0
2980,5,3.75,18,0,3.0,3,8,598200.0
2300,4,2.5,59,0,2.0,5,8,610000.0
1990,3,2.5,10,0,2.0,3,8,544900.0
2390,4,2.5,13,0,2.0,3,8,557500.0
2160,3,2.5,35,0,1.0,3,7,532500.0
3300,4,3.25,29,0,2.0,5,10,1350000.0
1840,3,2.0,95,0,1.0,3,7,750000.0
2030,3,2.5,31,0,2.0,3,8,530000.0
1400,3,2.5,11,0,2.0,3,7,346100.0
2320,4,2.25,37,0,2.0,4,9,260000.0
1410,3,1.75,55,0,1.0,5,7,365000.0
1860,3,2.0,31,0,1.0,4,7,615000.0
1820,4,2.5,20,0,2.0,3,7,318400.0
1910,4,2.5,22,0,2.0,3,8,498500.0
1540,3,1.75,44,0,1.0,5,7,450000.0
1430,3,2.0,27,0,1.0,4,7,200000.0
1010,3,1.0,46,0,1.0,5,7,234000.0
940,2,1.0,67,0,1.0,3,5,121800.0
2600,3,2.75,85,0,1.5,5,8,805000.0
2060,4,2.25,51,0,1.0,3,8,410000.0
1920,3,2.5,29,0,2.0,3,8,475000.0
2900,4,2.5,28,0,2.0,3,11,1337500.0
1020,1,1.0,67,0,1.0,3,7,269000.0
2150,4,2.25,35,0,2.0,4,8,573000.0
1660,3,2.5,14,0,2.0,3,7,330000.0
1230,4,1.0,70,0,1.5,3,7,252750.0
2170,2,2.5,8,0,1.0,3,8,745000.0
1280,3,2.0,24,0,1.0,3,7,280000.0
2240,4,2.5,41,0,1.0,5,8,535000.0
1780,4,1.5,62,0,1.0,3,7,580000.0
1840,3,1.75,46,0,1.0,4,7,301000.0
1740,4,1.75,46,0,1.0,5,7,600000.0
3040,5,3.0,9,0,2.0,3,9,538900.0
2370,3,2.5,9,0,2.0,3,8,366000.0
2100,4,2.5,11,0,2.0,3,8,303000.0
1470,3,2.25,7,0,2.0,3,8,432000.0
1300,2,1.5,70,0,1.0,3,6,300000.0
3420,3,3.0,75,0,2.0,4,8,908800.0
1190,3,1.5,74,0,1.0,3,7,500000.0
2080,5,2.0,55,0,1.0,5,7,254000.0
2180,5,1.5,90,0,1.5,4,7,470000.0
1460,3,2.0,48,0,1.0,5,7,480000.0
1530,3,1.75,32,0,1.0,4,7,536000.0
4740,4,3.5,9,0,2.0,3,11,1349000.0
1980,3,2.25,34,0,1.0,4,8,550000.0
1710,3,1.75,38,0,1.0,4,7,260000.0
1160,2,1.5,9,0,2.0,3,7,284900.0
2200,3,2.5,12,0,2.0,3,9,740000.0
1170,2,1.0,94,0,1.0,4,7,425000.0
1120,3,1.0,49,0,1.0,3,7,230000.0
1710,3,1.5,89,0,2.0,3,8,675000.0
1650,3,1.75,28,0,1.0,3,7,267500.0
2840,4,2.5,62,0,1.0,5,8,814000.0
3310,4,3.0,26,0,1.5,3,9,1250000.0
1860,3,2.0,29,0,1.0,3,7,460000.0
2250,3,2.5,21,0,2.0,3,8,445000.0
2890,3,2.5,10,0,2.0,3,8,715000.0
2120,3,1.75,68,0,1.0,3,7,425000.0
2130,4,2.5,5,0,2.0,3,8,370000.0
1170,2,1.75,78,0,1.0,4,6,302000.0
2120,4,1.75,58,0,1.0,4,7,453000.0
1280,3,1.75,45,0,1.0,4,7,290000.0
3170,4,2.5,26,0,2.0,3,10,1035000.0
2260,4,2.25,47,0,1.0,4,9,925000.0
2930,3,1.75,21,0,1.0,3,9,600000.0
1060,3,1.5,33,0,1.0,4,7,354000.0
1740,4,1.75,36,0,1.0,3,7,204950.0
2990,4,2.5,10,0,2.0,3,8,675000.0
3530,4,3.25,29,0,2.0,3,11,995000.0
2960,5,2.0,58,0,1.0,4,7,800000.0
1650,3,2.5,18,0,2.0,3,8,472500.0
2720,4,2.5,45,0,1.0,3,8,549950.0
1516,3,1.75,89,0,1.0,3,7,575575.0
4386,4,3.25,9,0,1.0,3,10,545000.0
2580,3,2.25,51,0,1.0,3,7,340000.0
960,3,1.0,52,0,1.0,4,6,225000.0
1460,2,1.75,31,0,1.0,3,7,299950.0
3840,4,3.5,14,0,2.0,3,8,829900.0
2090,4,2.5,8,0,2.0,3,7,340000.0
2470,4,2.25,39,0,1.0,3,8,515000.0
2090,4,2.5,22,0,2.0,4,8,601000.0
2070,3,2.5,21,0,2.0,3,8,470000.0
1650,3,1.0,60,0,1.0,4,7,371500.0
1880,3,1.75,34,0,1.0,4,8,550000.0
2060,4,2.5,19,0,2.0,3,8,242550.0
1410,3,1.5,53,0,1.0,3,8,367500.0
2770,4,3.5,18,0,2.0,3,8,359000.0
1390,3,2.0,31,0,1.0,2,7,204900.0
5440,4,2.75,45,0,1.0,2,9,850000.0
1280,3,1.5,29,0,2.0,3,6,187000.0
1720,3,2.75,56,0,1.0,4,7,326000.0
1720,3,2.75,57,0,1.0,4,7,340000.0
3040,6,2.25,63,0,1.0,3,8,330000.0
3780,4,3.5,14,0,2.0,3,9,782000.0
2670,4,2.5,15,0,2.0,3,8,612000.0
1350,3,2.0,50,0,1.0,3,7,400000.0
3490,5,3.5,34,0,2.0,3,9,941500.0
870,2,1.5,11,0,2.0,3,8,313000.0
2410,4,2.25,86,0,1.5,5,7,735000.0
1640,3,1.75,38,0,1.0,3,8,471000.0
1540,3,1.0,65,0,1.0,4,7,350000.0
2370,4,2.5,38,0,1.0,3,8,530000.0
1830,4,3.0,23,0,2.0,3,7,415000.0
2330,4,2.25,28,0,2.0,3,8,639500.0
2240,4,2.75,38,0,1.5,4,8,580379.0
1700,2,2.5,5,0,2.0,3,8,378000.0
1750,3,2.25,46,0,1.0,4,7,265000.0
1100,3,1.75,47,0,1.0,4,6,212000.0
2320,4,3.0,17,0,2.0,3,8,400000.0
2540,4,2.5,18,0,2.0,3,8,750000.0
3090,5,2.5,46,0,1.0,3,8,384900.0
770,2,1.0,45,0,1.0,5,6,176000.0
2370,3,2.75,12,0,2.0,3,7,350000.0
1200,3,1.0,37,0,1.0,4,6,168000.0
2200,4,2.0,106,0,1.0,3,7,358000.0
2660,3,2.75,40,0,1.0,4,8,580000.0
1600,3,1.75,37,0,1.0,3,7,442500.0
1330,2,2.5,11,0,3.0,3,8,515000.0
3440,5,2.5,56,0,1.0,4,8,554000.0
2510,3,2.5,18,0,2.0,3,9,659000.0
2150,4,2.5,52,0,1.0,3,7,414999.0
1180,3,1.5,31,0,1.0,3,6,275000.0
680,2,1.0,63,0,1.0,4,5,193000.0
2840,4,2.5,12,0,2.0,3,9,525000.0
1820,3,2.5,29,0,2.0,3,8,424000.0
1070,2,1.0,107,0,1.0,4,6,455000.0
1250,2,1.0,71,0,2.0,4,7,463000.0
2190,4,2.5,55,0,1.0,3,7,1100000.0
3000,3,1.75,51,0,2.0,4,8,523000.0
2270,4,1.75,55,0,1.0,4,8,615000.0
4500,4,4.0,23,0,2.0,3,12,1515000.0
3400,5,4.0,114,0,2.0,3,8,870000.0
2830,3,2.5,23,0,2.0,3,10,710000.0
960,3,1.0,47,0,1.0,5,7,215000.0
1530,2,1.0,94,0,1.0,4,7,590000.0
2500,5,2.5,52,0,1.0,3,7,323000.0
1560,4,2.0,48,0,1.5,4,7,279000.0
2070,3,2.25,41,0,1.0,3,8,535100.0
2710,5,2.25,55,0,1.0,5,9,830000.0
3150,4,2.5,12,0,2.0,3,9,815000.0
1880,3,2.25,40,0,1.0,3,8,535900.0
1250,3,1.0,60,0,1.0,3,7,230000.0
2290,4,1.75,46,0,1.0,4,7,325500.0
1990,3,2.25,18,0,2.0,3,7,359000.0
2100,3,2.5,15,0,2.0,3,8,505000.0
940,3,1.0,56,0,1.0,5,7,253905.0
1640,3,1.75,49,0,1.0,3,8,369950.0
1860,3,2.25,20,0,2.0,3,7,350000.0
2100,4,2.25,13,0,3.0,3,8,650000.0
1500,3,1.75,89,0,1.0,3,6,295000.0
1680,3,1.75,67,0,1.0,3,8,620000.0
3900,2,2.5,6,0,2.0,3,12,1998000.0
1400,3,1.0,70,0,1.0,3,6,246000.0
2600,3,2.75,49,0,1.0,3,7,430000.0
1440,3,2.0,94,0,2.0,2,6,509990.0
1870,4,1.75,52,0,1.0,4,7,490000.0
2960,4,2.75,35,0,1.0,3,8,385000.0
2440,4,2.5,16,0,2.0,3,9,769000.0
1122,2,1.0,55,0,1.0,4,6,185000.0
1060,3,1.5,41,0,1.0,4,7,303500.0
2150,4,2.5,58,0,1.0,3,8,468000.0
3100,4,2.5,36,0,2.0,3,9,449950.0
880,2,1.5,15,0,2.0,3,7,235000.0
2490,4,2.5,29,0,2.0,3,9,520000.0
1080,2,1.0,63,0,1.0,3,6,203000.0
2530,5,2.5,54,0,1.0,4,7,657000.0
1200,3,1.0,60,0,1.0,4,7,275000.0
2850,4,2.25,23,0,2.0,3,9,540000.0
2950,4,2.5,9,0,2.0,3,7,455000.0
1160,2,1.75,73,0,1.0,3,7,458500.0
3420,4,3.5,12,0,2.0,3,10,549900.0
2240,3,1.75,91,0,2.0,5,8,750000.0
1450,4,1.75,52,0,1.5,3,7,235000.0
1820,4,2.5,25,0,2.0,5,7,286000.0
4700,4,3.5,57,0,2.0,3,11,2650000.0
2430,4,1.75,52,0,1.0,4,7,602000.0
1960,3,1.5,99,0,1.5,3,7,640000.0
1440,3,1.75,37,0,1.0,4,8,267000.0
2730,4,2.5,14,0,2.0,3,8,712000.0
910,2,1.0,91,0,1.0,3,5,244500.0
910,2,1.0,92,0,1.0,3,5,301000.0
2430,4,2.5,95,0,2.0,4,8,990000.0
3350,4,2.75,16,0,2.0,3,10,739999.0
2320,4,1.75,104,0,1.0,3,7,480000.0
1260,3,2.5,5,0,3.0,3,8,305000.0
1980,3,2.0,83,0,1.5,4,8,703300.0
1580,4,1.5,44,0,2.0,4,7,265000.0
2710,4,2.5,23,0,2.0,3,9,600000.0
1400,3,1.0,46,0,1.0,3,7,253000.0
2410,4,2.5,18,0,2.0,3,8,617950.0
1790,4,3.25,14,0,2.0,4,7,385000.0
1640,3,2.0,47,0,1.0,5,7,319000.0
1670,3,2.5,55,0,1.0,5,7,696000.0
970,2,1.0,82,0,1.0,4,6,345000.0
1610,3,2.5,12,0,3.0,3,7,380000.0
2060,4,1.75,67,0,1.0,4,8,647500.0
3570,3,2.5,17,0,2.0,3,9,725000.0
1400,3,1.75,25,0,1.0,4,7,269950.0
3470,4,2.5,19,0,2.0,3,10,875000.0
1210,3,1.0,59,0,1.0,3,7,299950.0
3930,4,3.25,8,0,2.0,3,10,1875000.0
990,2,1.0,67,0,1.0,3,7,430000.0
2200,5,2.5,26,0,2.0,3,8,495000.0
1510,3,1.5,44,0,1.0,3,7,275000.0
1620,3,1.0,50,0,1.0,3,7,333000.0
1580,3,2.25,28,0,2.0,4,7,247000.0
1260,3,1.75,32,0,1.5,4,7,204555.0
2190,3,2.0,20,0,1.0,4,9,432000.0
1230,3,1.75,52,0,1.0,4,7,175000.0
2030,4,2.5,47,0,1.0,4,7,556300.0
780,2,1.0,84,0,1.0,4,5,286000.0
1110,2,1.5,14,0,3.0,3,8,320000.0
2790,3,2.5,24,0,2.0,4,9,815000.0
1660,4,1.75,35,0,1.0,3,7,385000.0
3410,4,1.0,104,0,2.0,5,8,1039000.0
2390,4,2.25,27,0,2.0,3,8,350000.0
1850,4,2.5,16,0,2.0,3,8,277000.0
2500,6,2.0,49,0,1.0,3,8,415000.0
1000,3,1.0,63,0,1.0,5,6,295000.0
2450,4,2.0,95,0,2.0,5,8,969000.0
1440,4,1.75,67,0,1.0,5,6,339888.0
1660,3,2.25,18,0,2.0,3,7,269950.0
2510,3,2.5,8,0,2.0,3,10,1185000.0
3090,4,2.5,16,0,2.0,4,10,780000.0
860,3,1.0,47,0,1.0,4,6,198000.0
1220,2,1.0,62,0,1.0,4,7,350000.0
1010,3,1.0,47,0,1.0,4,7,350000.0
2390,4,2.25,24,0,2.0,3,8,319000.0
3340,4,2.25,41,0,2.0,4,8,311000.0
3620,5,3.25,10,0,2.0,3,8,394000.0
4200,5,2.25,108,0,2.5,4,9,1335000.0
3831,5,2.75,55,1,2.0,3,9,2700000.0
1980,3,1.0,65,0,1.0,3,7,396000.0
1790,4,1.75,39,0,1.0,4,8,809000.0
1580,3,2.0,37,0,1.0,3,7,480000.0
2460,6,1.75,101,0,1.0,4,7,535000.0
2110,5,2.75,68,0,2.0,3,7,425000.0
1470,3,2.5,8,0,3.0,3,8,408000.0
3510,4,2.5,49,0,2.0,4,10,1255000.0
520,1,0.75,68,0,1.0,4,6,310000.0
1950,3,2.5,18,0,2.0,3,8,292000.0
770,2,1.0,73,0,1.0,4,6,217000.0
2250,4,2.5,10,0,2.0,3,8,398500.0
4040,3,3.0,85,0,1.5,4,9,2250000.0
2360,4,1.75,60,0,1.0,3,7,700000.0
2330,4,2.5,25,0,2.0,3,9,585000.0
1720,3,1.0,60,0,1.0,4,7,399950.0
1900,3,1.75,34,0,1.0,3,6,235000.0
1040,3,1.0,63,0,1.0,5,6,212000.0
2070,3,2.0,32,0,1.0,3,8,310000.0
2070,3,2.0,32,0,1.0,3,8,539000.0
1550,3,3.0,13,0,2.0,3,8,390000.0
2020,3,2.5,38,0,1.0,4,9,560000.0
3320,5,2.5,15,0,2.0,3,9,800000.0
4130,4,3.25,36,0,2.0,3,11,1900000.0
2030,5,2.0,51,0,1.0,3,7,472000.0
1770,3,1.75,56,0,1.0,4,7,502550.0
3330,4,3.25,11,0,2.0,3,9,830000.0
2260,4,2.5,49,0,1.0,4,7,224950.0
1950,3,2.5,17,0,2.0,3,8,375000.0
2930,3,2.5,31,0,1.5,3,9,645000.0
1960,3,2.75,88,0,1.5,5,7,599000.0
2980,4,2.5,19,0,2.0,3,9,515000.0
780,2,1.0,66,0,1.0,4,5,135000.0
1650,3,2.5,14,0,2.0,3,8,485000.0
4030,3,3.25,39,0,2.0,4,9,890000.0
1010,3,1.0,43,0,1.0,4,7,215000.0
1190,3,1.0,33,0,1.0,3,7,299500.0
1050,2,1.0,63,0,1.0,4,7,800000.0
1560,3,2.5,13,0,2.0,3,7,275000.0
1490,3,1.5,52,0,1.0,3,7,256400.0
770,2,1.0,67,0,1.0,4,6,310000.0
620,1,1.0,61,0,1.0,3,6,385000.0
1200,3,1.5,52,0,1.0,3,7,203000.0
2120,4,2.0,61,0,1.0,3,7,285000.0
2330,3,2.5,16,0,2.0,3,8,473975.0
2000,3,1.75,36,0,1.0,4,8,320000.0
2820,5,2.75,47,0,1.0,3,7,599000.0
2040,3,2.0,89,0,1.0,4,7,580000.0
1700,4,2.25,15,0,2.0,3,7,269500.0
820,2,1.0,60,0,1.0,4,6,274000.0
1315,2,1.75,41,0,2.0,4,8,347000.0
1390,3,1.75,57,0,1.0,3,6,270000.0
1890,3,2.0,66,0,1.0,3,8,1430000.0
1460,3,1.75,22,0,1.0,3,7,220000.0
1480,3,1.0,60,0,1.0,4,8,243000.0
1840,3,1.75,89,0,1.0,5,7,457500.0
1880,2,1.75,63,0,1.0,3,7,340000.0
1910,4,1.5,102,0,1.5,3,7,657500.0
2220,4,2.5,17,0,2.0,3,7,332500.0
1410,3,2.0,21,0,1.0,3,6,340000.0
3380,4,3.0,55,0,1.0,3,8,350000.0
1950,4,2.5,49,0,1.0,5,7,428000.0
2400,4,2.5,16,0,2.0,3,8,515055.0
1560,3,1.75,43,0,1.0,4,8,450000.0
1040,3,1.0,72,0,1.0,3,6,190000.0
3090,4,2.75,95,0,3.0,4,8,1000000.0
1850,3,2.5,9,0,2.0,3,7,299000.0
1200,2,1.0,87,0,2.0,3,7,508000.0
2190,4,2.25,9,0,2.0,3,8,294000.0
1380,2,1.0,96,0,1.0,3,7,320000.0
3710,5,2.75,19,0,2.0,3,9,641000.0
2320,3,2.5,36,0,1.0,4,8,675000.0
1110,3,1.5,50,0,1.0,5,7,255000.0
1830,3,2.5,11,0,2.0,3,7,286651.0
2460,4,2.5,46,0,1.0,4,8,607500.0
1270,3,1.0,59,0,1.0,4,7,765000.0
1700,4,1.75,53,0,1.0,3,8,334950.0
1130,3,1.0,62,0,1.0,5,7,426000.0
1640,3,1.75,68,0,1.5,4,7,775000.0
1040,2,1.5,61,0,1.0,5,6,343000.0
2320,4,2.5,28,0,2.0,3,8,470101.0
1200,3,1.5,57,0,1.0,4,7,195000.0
1720,4,1.0,87,0,1.5,3,7,772500.0
2330,3,1.5,60,0,1.0,3,8,450000.0
4410,4,3.75,13,0,3.0,3,11,1437500.0
1650,4,1.75,44,0,1.0,3,8,525000.0
1370,3,1.5,34,0,2.0,3,7,280000.0
1770,3,2.5,28,0,1.0,3,7,270000.0
1410,3,2.25,9,0,3.0,3,8,406100.0
1710,2,1.75,27,0,1.0,3,7,332544.0
790,2,1.0,68,0,1.0,3,6,110000.0
2770,6,2.25,93,0,1.5,3,8,685000.0
1260,4,1.0,63,0,1.5,5,7,461000.0
2300,3,2.25,36,0,1.0,4,8,615000.0
1070,2,1.0,89,0,1.0,4,7,550000.0
3850,4,3.5,19,0,2.0,3,11,1060000.0
2320,3,2.5,21,0,2.0,4,8,685000.0
2870,5,2.5,52,0,2.0,4,8,1555000.0
1830,4,2.5,11,0,2.0,3,7,312000.0
1990,3,1.75,37,0,1.0,3,8,507500.0
1110,3,1.0,48,0,1.0,3,7,217000.0
1830,3,2.25,33,0,1.0,4,7,439000.0
3600,6,3.5,10,0,2.0,3,8,620000.0
3210,4,2.5,16,0,2.0,3,10,915000.0
1490,4,2.0,37,0,1.0,3,7,425000.0
990,2,1.0,68,0,1.0,3,7,435000.0
1646,3,2.25,18,0,2.0,3,7,305000.0
720,2,1.0,97,0,1.0,3,6,276000.0
2310,3,2.25,24,0,2.0,3,8,327500.0
2670,3,2.5,11,0,2.0,3,9,810000.0
3060,3,3.25,20,0,2.0,3,10,715000.0
1380,3,1.5,51,0,1.0,4,7,272000.0
700,2,1.0,66,0,1.0,5,6,266000.0
1710,3,1.5,71,0,2.0,3,7,543000.0
1450,3,2.5,30,0,1.0,3,8,400000.0
2060,5,2.25,53,0,1.0,4,7,509500.0
2380,3,3.5,17,0,2.0,3,8,495000.0
2760,4,2.5,14,0,2.0,3,7,424950.0
940,3,1.0,57,0,1.0,3,7,230000.0
1760,4,1.5,63,0,1.5,3,7,235000.0
1360,3,2.0,73,0,1.0,4,6,763000.0
2010,3,1.75,75,0,2.0,5,7,350000.0
2160,3,1.5,97,0,2.0,5,8,900000.0
930,3,1.0,41,0,1.0,4,6,250000.0
1020,3,2.5,11,0,2.0,3,7,225000.0
1360,2,2.0,40,0,1.0,3,8,255000.0
1720,4,1.75,40,0,1.0,3,7,161700.0
1790,3,3.0,27,0,1.0,3,7,336000.0
1150,3,1.0,60,0,1.0,3,7,410500.0
2710,4,3.5,46,0,2.0,4,8,502700.0
2400,3,2.5,37,0,1.0,5,7,505000.0
1660,3,1.0,104,0,1.5,3,7,250000.0
1660,3,1.0,105,0,1.5,3,7,570000.0
2290,4,2.5,21,0,2.0,3,8,349900.0
2870,3,2.5,26,0,2.0,3,10,465000.0
4240,4,3.25,25,0,2.0,3,10,625000.0
1800,3,1.75,63,0,1.0,3,7,655000.0
2960,4,1.75,69,0,1.0,4,8,469000.0
1980,3,2.25,50,0,1.0,3,8,355000.0
1730,3,2.5,14,0,2.0,3,8,596000.0
3020,4,2.5,29,0,2.0,3,9,790000.0
4470,4,2.25,23,0,2.0,3,10,885000.0
2830,4,3.25,102,0,2.0,3,9,1030000.0
2120,4,1.75,74,0,1.0,4,8,710000.0
2150,3,2.5,26,0,2.0,3,8,428040.0
3510,5,2.25,56,0,1.0,3,8,1370000.0
970,2,1.0,90,0,1.0,3,7,546000.0
1360,4,1.0,63,0,1.5,5,7,540000.0
1470,3,2.5,29,0,1.0,3,7,435000.0
3040,4,2.25,31,0,1.0,4,8,540000.0
860,2,1.0,96,0,1.0,3,7,284000.0
820,2,1.0,72,0,1.0,5,5,208000.0
1900,3,1.75,37,0,1.0,3,7,315000.0
1330,2,1.0,104,0,1.0,3,6,417500.0
1240,3,1.75,36,0,1.0,3,7,345000.0
1330,3,2.5,10,0,3.0,3,8,375000.0
1880,3,1.75,55,0,1.0,3,7,389800.0
1890,3,1.75,42,0,1.0,3,8,475000.0
2250,4,2.25,34,0,2.0,3,8,569000.0
4650,5,4.25,16,0,2.0,3,10,985000.0
1830,3,2.5,28,0,2.0,3,8,532000.0
720,2,1.0,63,0,1.0,5,6,280000.0
1960,4,2.0,52,0,1.0,4,7,435000.0
1220,3,1.0,63,0,1.0,3,6,223000.0
1800,2,1.0,68,0,1.0,4,7,390000.0
1340,3,1.75,33,0,1.0,3,7,315000.0
1740,3,3.0,32,0,1.0,3,7,612000.0
1680,3,1.75,92,0,1.0,5,7,591000.0
3220,4,2.25,46,0,2.0,3,8,800000.0
1610,3,2.0,25,0,1.0,3,8,225000.0
3160,2,3.0,21,0,2.0,3,7,589900.0
2520,4,2.5,35,0,1.0,3,8,565000.0
2120,3,1.5,75,0,1.0,3,7,650000.0
2090,3,2.5,63,0,2.0,3,8,499000.0
1330,3,1.0,55,0,1.5,3,5,280000.0
2420,3,2.5,71,0,1.0,4,8,649950.0
1510,3,1.75,60,0,1.0,4,7,420000.0
2120,4,2.5,11,0,2.0,3,7,319990.0
1850,3,2.0,22,0,1.0,3,7,265000.0
2300,3,1.75,31,0,1.0,3,7,482000.0
2600,3,2.25,58,0,1.0,4,8,452000.0
5180,4,4.25,16,0,2.0,3,12,1488000.0
1810,2,1.0,71,0,1.5,4,7,375000.0
2190,5,3.0,74,0,2.0,5,7,588000.0
2500,4,2.5,17,0,2.0,3,9,635000.0
1890,4,2.5,17,0,2.0,3,8,280500.0
2040,2,1.75,29,0,1.0,4,6,210500.0
1310,3,2.0,35,0,1.0,4,7,196500.0
4010,5,3.5,43,0,2.0,5,9,1395000.0
1780,3,1.75,38,0,1.0,2,7,475000.0
1980,3,2.5,28,0,2.0,4,8,550000.0
3690,3,3.25,7,0,2.0,3,11,1580000.0
1540,3,1.75,24,0,1.0,3,7,240000.0
1130,3,1.0,81,0,1.5,3,6,272000.0
2480,3,2.75,15,0,1.5,3,8,408506.0
2580,3,2.5,23,0,2.0,3,9,640000.0
2010,4,2.5,19,0,2.0,3,8,316000.0
2320,4,2.0,71,0,1.0,3,7,299000.0
1180,2,2.25,11,0,2.0,3,7,447500.0
3180,4,2.5,14,0,2.0,3,9,736500.0
2970,4,2.0,90,0,2.0,3,8,665000.0
3050,5,2.5,40,0,1.0,4,8,707000.0
1630,4,1.75,55,0,1.0,3,7,215000.0
1620,3,2.25,25,0,2.0,4,7,275000.0
2170,4,2.25,32,0,2.0,4,8,648000.0
2150,4,2.5,27,0,2.0,3,8,415000.0
1770,3,2.0,15,0,3.0,3,8,690000.0
2110,4,2.75,35,0,1.0,4,7,320000.0
1590,3,1.75,58,0,1.0,4,8,750000.0
1370,3,2.25,9,0,3.0,3,8,355000.0
1390,3,1.75,39,0,1.0,4,7,246000.0
1640,3,1.75,46,0,1.0,4,8,1155000.0
2670,3,2.5,28,0,2.0,3,8,744000.0
5400,3,3.75,17,0,2.0,3,11,1210000.0
1690,3,2.0,37,0,1.0,3,7,217000.0
2600,3,2.5,16,0,2.0,3,8,583000.0
1400,2,1.5,110,0,1.0,4,7,515000.0
2140,4,1.75,50,0,1.0,4,8,594000.0
1640,3,1.5,62,0,1.0,3,8,303100.0
1720,3,1.75,44,0,1.0,4,7,430000.0
3060,5,3.25,10,0,2.0,3,8,708000.0
1150,3,1.0,55,0,1.0,3,7,221000.0
2000,3,2.5,17,0,2.0,3,8,325000.0
1560,3,1.75,71,0,1.0,4,6,385000.0
2070,3,2.5,2,0,2.0,3,8,359500.0
1920,3,2.0,30,0,1.0,3,7,433000.0
1000,2,1.0,67,0,1.0,3,7,525000.0
1690,3,2.0,86,0,1.0,5,7,356200.0
3090,4,2.0,40,0,1.0,4,7,595000.0
1790,4,1.5,91,0,1.0,4,7,560000.0
4750,4,3.0,38,0,1.5,5,11,2175000.0
2090,4,2.0,63,0,1.0,3,7,513000.0
680,2,1.0,113,0,1.0,4,5,365000.0
2100,4,1.75,50,0,1.0,3,7,368000.0
2840,4,2.75,102,0,1.5,5,8,870000.0
1470,3,2.25,30,0,1.0,3,7,225000.0
4490,4,4.5,17,0,2.0,3,11,1387000.0
1150,3,1.75,31,0,1.0,4,7,177000.0
1460,3,1.5,59,0,1.0,3,7,465000.0
3150,4,2.75,38,0,1.0,3,8,750000.0
1090,3,1.0,45,0,1.0,3,6,149000.0
2670,3,2.5,33,0,2.0,3,9,605000.0
2110,3,2.0,87,0,1.5,4,7,725000.0
1770,4,2.25,7,0,2.0,3,7,413900.0
1510,3,1.5,76,0,1.0,3,6,199950.0
530,1,1.0,65,0,1.0,4,6,400000.0
2420,3,1.5,89,0,2.0,4,8,870000.0
2490,5,2.5,25,0,1.0,4,7,292000.0
990,3,1.0,48,0,1.0,4,7,225000.0
1730,4,2.0,58,0,2.0,3,8,466750.0
1440,2,1.5,37,0,1.0,4,8,330000.0
3260,7,2.25,47,0,2.0,5,8,770000.0
1950,4,2.25,58,0,1.0,3,8,802500.0
2740,5,2.5,9,0,2.0,3,8,378800.0
2940,3,2.75,18,0,2.0,3,10,795000.0
1200,3,2.0,60,0,1.0,3,7,460000.0
2070,3,2.5,28,0,2.0,3,8,567000.0
1570,3,1.75,33,0,1.0,3,7,209950.0
1050,2,1.0,71,0,1.0,4,7,415000.0
1830,4,1.5,47,0,1.0,3,7,424500.0
970,2,1.0,74,0,1.0,3,6,261000.0
2200,3,2.5,27,0,2.0,3,8,365000.0
1930,4,2.0,104,0,1.5,4,7,631000.0
1790,3,2.5,22,0,2.0,3,8,584000.0
1560,3,1.75,40,0,1.0,3,7,310000.0
2780,4,2.5,23,0,2.0,4,10,717000.0
1720,3,1.5,107,0,2.0,3,8,667000.0
1640,3,1.0,75,0,1.0,3,6,190000.0
1730,3,2.0,36,0,1.0,3,8,430000.0
740,2,1.0,64,0,1.0,4,6,213000.0
2280,3,2.5,24,0,1.0,3,8,475000.0
2090,2,2.75,27,0,2.0,4,8,649000.0
2550,3,2.5,24,0,2.0,3,9,715000.0
3350,4,3.5,23,0,1.0,3,11,845000.0
2770,3,2.5,34,0,1.0,3,7,390000.0
2860,4,3.0,31,0,1.0,3,7,390000.0
1990,4,1.75,36,0,1.0,4,8,328000.0
1740,3,2.75,47,0,1.0,3,7,239999.0
1460,3,2.0,46,0,1.0,3,7,225000.0
3670,3,1.75,35,0,1.0,4,9,920000.0
3270,4,2.75,20,0,2.0,3,10,940000.0
1210,3,1.0,66,0,1.0,4,6,465000.0
1770,3,2.0,28,0,1.0,3,7,241000.0
1980,4,2.5,11,0,2.0,3,8,307550.0
2650,4,2.5,38,0,1.0,4,8,490000.0
3040,4,2.5,15,0,2.0,3,8,647000.0
3640,4,2.75,15,0,1.5,3,10,780000.0
1810,3,2.5,22,0,2.0,3,8,517500.0
1380,3,2.0,48,0,1.0,4,7,295000.0
1810,4,1.5,88,0,2.0,3,8,560000.0
2250,5,2.0,84,0,1.5,5,7,319450.0
3860,4,3.25,9,0,2.0,3,9,1500000.0
2380,4,3.0,15,0,1.0,3,8,340000.0
1370,3,1.0,56,0,1.0,4,6,249950.0
1830,3,1.0,88,0,1.5,3,7,499950.0
1440,4,1.75,47,0,1.0,4,8,1038000.0
2510,4,2.5,38,0,1.0,4,9,750000.0
3230,4,2.5,9,0,2.0,3,9,875000.0
1670,3,1.75,48,0,1.0,5,8,678000.0
780,2,1.0,94,0,1.0,3,6,360000.0
1720,3,1.0,43,0,1.0,4,7,354900.0
2260,5,2.5,47,0,1.0,3,8,632000.0
1480,3,1.75,57,0,1.0,4,7,350000.0
2550,3,4.0,74,0,2.0,3,8,990000.0
3920,4,3.25,13,0,3.0,3,11,1650000.0
2286,4,2.5,12,0,2.0,3,8,481000.0
1500,3,2.5,94,0,1.0,5,7,485000.0
1740,3,2.5,23,0,2.0,3,8,477000.0
2880,5,2.5,48,0,1.0,5,8,560000.0
2600,6,3.0,51,0,1.0,4,8,600000.0
3320,5,2.75,39,0,2.0,4,8,622500.0
1660,2,2.25,41,0,2.0,4,8,410000.0
1990,3,2.5,5,0,2.0,3,7,318200.0
1680,3,2.0,21,0,1.0,3,7,289000.0
1570,3,1.75,32,0,2.0,3,7,263000.0
1150,3,1.0,57,0,1.0,4,6,240000.0
1270,3,1.0,62,0,1.0,3,7,281500.0
1890,3,3.5,15,0,2.0,3,8,587206.0
1350,2,2.25,14,0,2.0,3,7,482000.0
1650,3,1.75,48,0,1.0,3,8,485000.0
1450,3,2.5,25,0,2.0,3,7,309000.0
1640,3,2.25,30,0,1.0,3,7,221000.0
2030,3,2.5,39,0,2.0,4,9,700000.0
2420,5,3.0,85,0,1.0,5,7,411500.0
2770,4,3.5,74,0,2.0,3,8,285000.0
1980,4,3.0,31,0,1.0,4,7,395000.0
1460,2,1.75,27,0,1.0,4,7,237950.0
1610,3,2.5,34,0,1.0,4,7,680000.0
1010,2,1.0,53,0,1.0,3,6,199950.0
2760,4,3.5,88,0,2.0,3,8,765000.0
1060,2,1.0,88,0,1.0,3,7,515000.0
1510,3,1.5,58,0,1.0,4,7,470000.0
880,2,1.0,77,0,1.0,3,6,330000.0
2150,3,2.5,47,0,1.0,3,8,284000.0
1660,3,2.5,15,0,1.0,3,7,295000.0
2160,4,2.5,34,0,1.0,4,8,555000.0
1370,3,1.0,65,0,1.5,3,6,350000.0
1460,3,2.25,28,0,1.0,3,7,240000.0
1450,3,1.5,60,0,1.0,3,7,419900.0
1560,3,2.0,91,0,1.0,3,7,528000.0
2480,4,2.5,52,0,1.0,4,8,481000.0
740,2,1.0,65,0,1.0,4,7,304700.0
2927,4,2.5,17,0,2.0,3,10,715000.0
2260,4,2.75,58,0,1.0,4,8,738950.0
1240,3,1.5,48,0,1.0,4,7,215000.0
2040,6,2.0,71,0,1.0,4,5,300000.0
1270,3,1.75,64,0,1.0,3,6,346000.0
4370,4,3.5,19,0,2.0,3,8,473000.0
1700,3,1.75,63,0,1.0,3,7,500000.0
1300,2,1.5,71,0,1.0,3,7,750000.0
1820,4,2.0,47,0,1.0,4,8,519900.0
880,2,1.0,65,0,1.0,4,7,378500.0
1870,3,1.75,57,0,1.0,4,8,314500.0
1350,3,1.5,47,0,1.0,3,7,499950.0
4870,5,3.5,85,0,2.5,5,10,1735000.0
2460,3,2.5,16,0,2.0,3,9,630000.0
1720,4,1.5,61,0,1.0,3,7,360000.0
2730,2,1.5,38,0,1.0,4,8,460000.0
1100,3,1.0,92,0,1.5,4,6,361000.0
1810,3,2.25,55,0,1.0,4,8,713400.0
930,2,1.0,96,0,1.0,5,6,445000.0
1590,4,1.5,48,0,1.0,4,7,305000.0
2710,3,2.75,40,0,1.5,3,9,1430000.0
1460,3,1.0,53,0,1.0,4,6,222000.0
3400,5,3.25,10,0,2.0,3,8,510000.0
2920,5,3.0,11,0,2.0,3,8,500000.0
910,2,1.0,105,0,1.0,4,7,605000.0
1320,3,2.0,33,0,2.0,3,8,393000.0
2490,4,2.5,14,0,2.0,4,9,725000.0
2220,3,1.75,64,0,1.0,3,7,320000.0
1130,4,1.5,44,0,1.0,4,7,210000.0
2750,4,2.5,9,0,2.0,3,9,419900.0
2240,4,2.5,9,0,2.0,3,7,410000.0
2680,3,2.25,51,0,1.0,3,8,721000.0
1270,2,2.0,93,0,1.5,4,8,605000.0
1520,3,1.75,78,0,1.5,5,7,738000.0
2480,6,3.0,43,0,2.0,3,8,725000.0
960,2,1.0,37,0,1.0,3,7,255000.0
1340,3,2.25,6,0,3.0,3,8,303000.0
1090,3,2.5,57,0,1.0,4,7,394950.0
2240,4,3.0,65,0,2.0,5,7,530000.0
3740,4,2.5,10,0,1.0,3,10,475000.0
1800,4,2.5,16,0,2.0,3,7,250000.0
780,3,1.0,94,0,1.0,2,6,180000.0
1330,2,1.0,95,0,1.0,4,7,443500.0
1900,4,2.0,10,0,1.0,3,8,390000.0
1570,4,1.75,40,0,1.0,3,7,430000.0
3100,5,4.5,52,0,2.0,3,8,460000.0
2740,3,3.5,14,0,2.0,3,9,660000.0
1570,3,1.75,40,0,1.0,3,8,515000.0
1330,3,2.0,61,0,1.0,4,7,482500.0
1140,2,1.5,26,0,2.0,3,7,305000.0
1550,4,2.75,84,0,1.5,3,9,835000.0
1290,3,2.0,16,0,1.0,3,7,237000.0
1510,2,1.5,29,0,2.0,4,8,445000.0
2720,4,2.5,60,0,1.0,4,7,710000.0
840,3,1.0,69,0,1.0,4,5,180000.0
1850,3,2.5,18,0,2.0,3,8,280017.0
2290,4,2.5,26,0,2.0,4,8,436500.0
3200,4,2.5,8,0,2.0,3,9,1255000.0
1800,3,2.25,55,0,1.0,4,7,420000.0
860,3,1.0,70,0,1.0,3,6,205000.0
1980,3,1.5,68,0,1.0,4,7,570000.0
2140,4,1.75,66,0,1.0,4,7,565000.0
2410,2,2.5,36,0,1.0,3,7,287000.0
1650,4,1.75,37,0,1.0,3,7,260000.0
1650,4,1.75,38,0,1.0,3,7,470000.0
2410,3,2.5,25,0,2.0,4,10,700000.0
1520,3,1.75,30,0,1.0,3,8,249000.0
2050,3,1.75,37,0,1.0,4,7,568000.0
1720,4,1.0,110,0,1.5,4,7,500000.0
2390,5,2.5,34,0,1.0,4,7,358000.0
1680,3,2.5,20,0,2.0,3,8,225000.0
1060,3,1.0,34,0,1.0,4,6,275500.0
1860,3,2.5,14,0,2.0,3,8,495000.0
1750,5,2.25,75,0,1.0,3,8,758800.0
1480,3,1.75,30,0,1.0,4,7,280000.0
1900,3,2.5,21,0,2.0,3,8,380500.0
1440,3,1.75,56,0,1.0,3,7,260000.0
1910,4,2.5,0,0,3.0,3,8,630000.0
2010,3,2.0,99,0,1.0,5,7,875000.0
960,3,1.0,88,0,1.5,4,6,457500.0
1240,2,1.0,60,0,1.0,3,7,900000.0
870,2,2.0,60,0,1.0,4,6,235000.0
1400,3,2.0,33,0,2.0,4,8,410000.0
1850,3,3.0,33,0,1.0,3,7,355000.0
4270,4,4.0,10,0,2.0,3,10,1300000.0
2260,3,1.75,66,0,1.0,3,7,467500.0
2690,4,4.5,65,0,1.5,5,7,500000.0
2780,4,3.5,37,0,2.0,5,10,995000.0
1140,3,1.0,58,0,1.0,3,7,277000.0
2900,4,2.25,67,0,2.0,3,7,630000.0
2830,5,2.75,54,0,1.0,4,7,628000.0
2560,5,2.5,19,0,2.0,3,8,655000.0
1240,2,1.0,65,0,1.0,3,7,170000.0
2100,4,2.5,47,0,1.0,4,8,352500.0
3120,4,2.75,18,0,2.0,3,9,615000.0
970,3,1.0,49,0,1.0,3,7,165000.0
2300,4,2.5,48,0,2.0,4,7,243500.0
950,2,1.5,11,0,2.0,3,7,304000.0
2110,3,1.5,55,0,1.0,3,7,369000.0
2990,4,2.75,0,0,2.0,3,9,779950.0
2940,4,2.25,53,0,1.0,5,7,605000.0
1860,4,2.5,20,0,2.0,3,8,292500.0
1820,2,1.75,65,0,1.0,3,7,500007.0
1950,4,2.5,15,0,2.0,3,8,449999.0
1890,4,2.5,18,0,2.0,3,8,355000.0
2710,4,3.0,47,0,1.0,4,7,258000.0
2150,4,2.25,51,0,1.0,3,7,380000.0
3720,4,3.0,11,0,1.0,3,9,650000.0
2580,4,2.5,12,0,2.0,3,9,456500.0
1540,4,2.0,66,0,1.5,5,7,259950.0
1050,2,1.0,50,0,1.5,3,6,123000.0
1210,3,2.25,0,0,3.0,3,8,520000.0
2040,4,2.25,52,0,1.0,4,7,506000.0
980,3,1.0,88,0,1.5,3,7,425000.0
1990,5,2.5,40,0,2.0,4,7,438000.0
2420,4,2.5,48,0,1.0,4,9,1490000.0
1240,4,2.0,106,0,1.0,3,7,375000.0
1530,3,2.25,47,0,1.0,4,7,337500.0
2080,4,2.25,46,0,1.0,3,7,300000.0
3570,5,3.25,9,0,2.0,3,7,627000.0
4230,5,4.25,6,0,2.0,3,10,1400000.0
2700,4,2.5,27,0,2.0,3,9,674725.0
2200,3,2.75,37,0,1.0,4,7,325000.0
1210,5,2.0,33,0,2.0,3,7,230000.0
2140,5,1.75,52,0,1.0,4,7,485000.0
2740,4,2.5,21,0,1.5,3,8,315000.0
1370,3,2.75,12,0,3.0,3,8,560000.0
2800,4,3.0,12,0,2.0,3,8,444000.0
1060,3,1.5,38,0,1.0,5,7,325000.0
790,2,1.0,70,0,1.0,4,6,118125.0
790,2,1.0,71,0,1.0,4,6,212000.0
2820,4,2.5,9,0,2.0,3,9,428900.0
1850,3,2.0,47,0,1.0,3,7,510000.0
1110,3,1.5,51,0,1.0,4,7,416000.0
3230,4,3.0,15,0,2.0,3,9,950000.0
1460,3,1.5,35,0,1.0,4,7,204000.0
3480,4,2.5,19,0,2.0,3,11,878000.0
3560,4,3.0,18,0,3.0,3,9,1045000.0
840,2,1.0,63,0,1.0,3,6,350000.0
1820,3,1.75,57,0,1.0,4,8,659500.0
1630,3,2.5,27,0,1.0,3,7,395000.0
1920,4,2.5,20,0,2.0,4,7,308950.0
1750,3,2.0,60,0,1.0,3,7,410000.0
2750,4,3.0,48,0,1.0,5,8,710000.0
620,1,1.0,39,0,1.0,4,5,175000.0
1720,3,2.0,34,0,1.0,4,8,508800.0
1800,3,3.0,85,0,1.5,3,8,606400.0
1300,3,1.75,18,0,1.0,3,7,245100.0
1970,3,2.5,34,0,1.0,3,7,540000.0
1740,3,1.5,59,0,1.0,3,7,415000.0
1930,4,2.75,35,0,1.0,4,8,469500.0
1190,3,1.75,49,0,1.0,4,7,195000.0
4250,4,3.25,18,0,2.0,3,12,1615000.0
4360,4,3.5,16,0,2.0,3,12,1450000.0
3420,3,2.5,23,0,1.0,3,10,1200000.0
4260,4,3.75,6,0,2.0,3,10,1065000.0
920,2,1.0,34,0,1.0,4,7,555500.0
1040,3,1.0,65,0,1.0,3,7,440000.0
1260,3,1.0,75,0,1.0,3,7,485000.0
2460,3,2.5,18,0,2.0,3,9,693000.0
830,3,1.0,72,0,1.0,3,6,295000.0
2060,3,2.5,39,0,1.0,5,8,700000.0
2210,2,1.75,63,0,1.0,4,8,767500.0
5480,6,4.25,23,0,2.0,4,10,800000.0
1860,3,2.0,16,0,2.0,3,8,440000.0
1350,3,2.5,17,0,1.0,4,7,600000.0
2790,4,2.5,89,0,2.0,3,10,1160000.0
1570,2,1.0,62,0,1.0,4,8,506000.0
2030,4,1.75,40,0,1.0,3,9,474950.0
2570,3,2.5,53,0,1.0,4,7,654000.0
1210,2,1.0,72,0,1.0,4,7,710000.0
1530,4,2.25,33,0,1.0,4,7,620000.0
1510,3,2.0,30,0,2.0,3,7,390000.0
1720,3,2.25,47,0,1.0,4,7,550000.0
2190,3,1.75,61,0,1.0,4,7,353000.0
3030,4,2.5,34,0,1.0,3,8,465000.0
1410,3,2.0,25,0,1.0,4,7,279900.0
1679,2,1.75,13,0,2.0,3,9,700000.0
1980,4,1.0,46,0,1.0,4,7,395000.0
1900,4,2.5,36,0,2.0,3,8,375000.0
1720,4,1.0,88,0,1.5,4,7,547000.0
2480,5,3.25,22,0,2.0,5,8,525000.0
1210,3,1.0,113,0,1.5,3,7,285000.0
1540,2,1.75,106,0,1.0,4,7,570000.0
2740,3,2.5,24,0,2.0,3,9,409000.0
1811,4,2.5,7,0,2.0,3,8,260000.0
2720,4,2.5,27,0,1.0,4,8,348000.0
1520,4,1.0,43,0,1.5,4,7,389000.0
2160,4,2.75,38,0,1.0,4,7,445000.0
1390,3,1.75,33,0,1.0,3,7,400000.0
1740,4,2.5,15,0,2.0,3,7,302000.0
2849,3,2.5,13,0,2.0,3,10,798000.0
1440,2,1.0,64,0,1.0,3,7,335000.0
3000,4,2.5,10,0,2.0,3,8,585000.0
3330,4,4.0,54,0,1.0,4,10,2500000.0
1720,4,2.25,74,0,1.0,3,7,555000.0
1500,3,2.5,21,0,2.0,3,7,295000.0
2050,4,1.5,51,0,1.0,3,7,265000.0
1180,4,2.0,50,0,1.0,3,7,330000.0
1600,4,1.5,113,0,2.0,4,6,286000.0
1260,3,2.5,6,0,3.0,3,7,305000.0
1290,2,1.0,70,0,1.0,3,6,970000.0
2680,4,2.0,49,0,1.0,3,8,525000.0
2370,3,1.75,35,0,1.0,4,7,355000.0
2310,5,2.5,39,0,1.0,3,7,469950.0
1450,4,1.0,60,0,1.0,4,7,435000.0
2680,4,2.5,24,0,2.0,4,8,363500.0
1030,2,1.5,90,0,1.0,3,7,595000.0
1320,3,1.0,59,0,1.0,3,7,275000.0
670,2,1.0,73,0,1.0,4,6,295000.0
2670,3,2.25,25,0,2.0,3,9,345000.0
2440,3,2.25,23,0,2.0,3,8,485000.0
3370,5,2.5,9,0,2.0,3,9,1245000.0
940,2,1.0,92,0,1.0,3,7,340500.0
1100,3,1.0,66,0,1.0,3,6,280000.0
2520,3,2.25,26,0,2.0,3,9,449888.0
1400,2,1.75,87,0,1.0,4,7,483000.0
1880,3,1.75,73,0,1.0,4,7,445500.0
2800,5,3.5,19,0,2.0,3,7,379900.0
2500,4,3.5,6,0,2.0,3,8,599950.0
810,3,1.0,72,0,1.0,3,6,215000.0
1720,3,2.5,27,0,2.0,3,7,263000.0
2170,4,1.0,54,0,1.0,5,7,565000.0
4530,5,3.0,11,0,1.5,4,9,950000.0
1440,4,1.0,68,0,1.5,3,7,395000.0
2850,4,3.25,106,0,2.0,3,10,1535000.0
2620,4,2.5,73,0,1.0,4,8,922000.0
1676,3,2.5,17,0,2.0,3,7,330000.0
5850,4,3.75,25,0,2.0,4,12,1525000.0
1910,3,1.75,10,0,1.0,3,8,323000.0
1670,2,2.0,10,0,1.0,3,8,554000.0
2050,3,2.0,28,0,1.0,3,8,500000.0
3730,5,3.5,25,0,1.0,3,10,775000.0
1800,4,1.75,35,0,1.0,5,7,340000.0
2230,4,1.75,30,0,1.0,3,7,560000.0
1670,3,2.5,13,0,2.0,3,8,304000.0
1400,3,1.0,52,0,1.0,3,6,279900.0
2110,5,3.0,10,0,2.0,3,7,315000.0
2160,4,2.0,86,0,1.5,4,8,849000.0
2420,3,1.75,38,0,1.0,3,8,325000.0
3320,4,3.5,9,0,2.0,3,9,786000.0
3220,5,2.75,15,0,2.0,3,9,384000.0
1340,3,1.5,87,0,1.5,3,9,907000.0
2490,3,2.5,21,0,2.0,3,9,700000.0
1640,3,2.0,23,0,1.0,4,7,269500.0
1420,3,2.25,31,0,1.0,3,7,269000.0
3340,4,2.5,9,0,2.0,3,10,749950.0
1580,3,2.75,14,0,2.0,3,7,325000.0
2170,3,1.5,35,1,1.0,3,10,1150000.0
1370,3,1.5,52,0,1.0,4,7,406000.0
2840,4,2.5,24,0,2.0,3,10,650000.0
1940,3,1.75,96,0,1.5,4,8,295000.0
1757,4,2.0,59,0,1.0,5,7,375000.0
980,2,1.0,108,0,1.0,4,6,395000.0
2470,6,3.0,32,0,2.0,3,8,609000.0
1610,3,1.75,30,0,1.0,3,7,510000.0
1590,3,2.25,36,0,1.0,3,7,190000.0
780,1,1.0,92,0,1.0,3,7,250000.0
720,3,1.5,90,0,1.0,1,5,295000.0
1630,3,1.5,88,0,1.5,4,8,740000.0
1590,3,1.0,103,0,2.0,4,7,323000.0
2310,3,2.75,4,0,2.0,3,10,713000.0
2320,3,1.75,75,0,2.0,3,8,1070000.0
1660,3,1.75,36,0,2.0,3,8,460000.0
2070,3,1.75,95,0,1.5,3,8,880000.0
2500,4,1.75,68,0,1.0,3,7,585000.0
940,2,1.0,55,0,1.0,4,7,249950.0
1990,3,2.5,24,0,2.0,3,10,450000.0
2620,3,2.5,25,0,2.0,4,9,450000.0
3730,4,3.25,30,0,3.0,3,11,1775000.0
1600,3,3.25,15,0,3.0,3,8,350000.0
2095,3,2.5,7,0,2.0,3,7,292500.0
4230,4,2.75,29,0,2.0,4,10,879000.0
3200,4,2.5,66,0,1.5,5,8,1184000.0
2050,4,2.75,48,0,1.0,4,7,584999.0
2020,4,2.75,53,0,1.0,5,7,366000.0
3270,4,2.25,41,0,1.0,4,10,987500.0
1320,3,1.0,56,0,1.0,4,7,300000.0
1270,2,1.75,34,0,1.0,4,7,299000.0
1980,4,1.75,83,0,1.5,3,8,560000.0
2620,3,2.5,16,0,2.0,3,9,695000.0
1750,4,1.75,37,0,1.0,3,7,360000.0
1040,3,1.0,56,0,1.0,4,6,183500.0
1900,3,1.75,111,0,1.5,5,7,311000.0
1660,3,1.75,37,0,1.0,4,7,263000.0
1530,3,1.75,29,0,1.0,5,7,269000.0
4280,4,3.5,9,0,2.0,3,11,1600000.0
2870,4,2.5,11,0,2.0,3,8,564000.0
2540,3,2.5,15,0,2.0,3,9,425000.0
2100,4,2.75,86,0,1.5,4,7,679000.0
1740,3,2.0,62,0,1.0,4,7,410000.0
2441,4,2.5,7,0,2.0,3,8,340000.0
1810,3,1.75,56,0,1.0,5,7,360000.0
2060,3,1.5,61,0,1.0,3,8,450000.0
3160,4,2.75,33,0,1.0,4,7,552000.0
2930,4,2.0,49,0,1.5,4,8,294000.0
1310,2,1.0,69,0,1.0,3,7,663500.0
4800,6,4.5,7,0,2.0,3,10,1975000.0
1450,4,1.5,45,0,1.0,4,6,175409.0
1900,4,3.0,61,0,2.0,3,7,459000.0
1050,3,1.0,108,0,1.5,4,7,339950.0
1610,5,1.75,78,0,1.0,3,6,393000.0
720,2,1.0,63,0,1.0,5,6,275500.0
1020,3,1.0,60,0,1.0,5,7,485000.0
1250,3,1.0,54,0,1.0,4,7,250000.0
3200,4,3.5,34,0,1.0,3,8,935100.0
990,3,1.0,56,0,1.0,4,6,245000.0
2850,4,2.5,26,0,2.0,4,9,670000.0
4240,3,3.5,20,0,2.0,3,10,1393000.0
2800,4,1.75,36,0,1.0,4,7,440000.0
2310,2,2.5,8,0,2.0,3,9,1248000.0
1490,3,1.75,36,0,1.0,4,7,203000.0
1840,4,2.5,9,0,2.0,3,9,583000.0
1740,3,1.0,61,0,1.0,3,7,575000.0
3280,4,3.5,3,0,2.0,3,11,2575000.0
4050,5,3.5,42,0,2.0,3,10,1600000.0
2160,4,2.5,22,0,2.0,3,7,312500.0
2720,3,2.75,28,0,3.0,3,8,455000.0
3650,5,3.0,36,0,1.0,4,9,1310000.0
1750,4,2.25,53,0,1.0,3,7,605000.0
2450,3,2.25,36,0,1.0,3,7,325000.0
1940,3,1.75,33,0,1.0,3,8,630000.0
3280,4,3.75,1,0,2.0,3,9,928950.0
2480,3,1.75,38,0,1.0,3,8,489950.0
2120,3,2.25,31,0,1.0,3,8,550000.0
1710,3,2.0,46,0,1.0,3,8,237000.0
1690,3,2.5,23,0,1.0,3,7,390000.0
2190,3,2.5,27,0,2.0,3,9,665000.0
1960,4,3.0,14,0,1.0,3,7,277000.0
1510,3,1.0,105,0,1.5,3,7,545000.0
1490,3,2.5,7,0,2.0,3,10,615000.0
2210,3,1.75,49,0,1.0,3,7,343000.0
2340,4,2.5,10,0,2.0,3,9,597000.0
940,3,1.0,69,0,1.0,3,6,600000.0
1470,3,1.75,28,0,1.0,3,8,479000.0
1650,3,1.75,56,0,1.0,4,7,292000.0
1400,3,1.5,57,0,1.0,3,7,265000.0
2710,4,2.5,27,0,2.0,3,9,623000.0
2150,4,2.5,36,0,1.0,3,7,486000.0
1900,3,2.0,74,0,1.0,4,7,520500.0
4380,4,3.5,13,0,1.0,3,11,1300000.0
2290,4,1.0,93,0,1.5,4,7,825000.0
1690,3,1.75,28,0,1.0,3,7,259900.0
3090,5,2.75,47,0,1.0,5,9,1170000.0
1120,2,1.0,110,0,1.0,3,6,245000.0
2680,3,2.5,64,0,1.0,5,8,830200.0
2400,4,2.5,24,0,2.0,3,9,650000.0
1610,4,2.0,63,0,1.0,4,7,305000.0
3470,5,2.5,37,0,2.0,3,8,599000.0
2070,4,2.5,21,0,2.0,3,8,272000.0
2420,3,2.5,18,0,2.0,3,8,415000.0
2380,4,2.25,35,0,1.0,4,8,319000.0
2120,4,1.75,54,0,1.0,4,7,425000.0
2190,4,2.5,37,0,1.0,4,8,297500.0
2740,4,2.5,24,0,2.0,4,10,725000.0
1830,3,2.5,20,0,2.0,4,8,325000.0
1370,3,1.75,42,0,1.0,4,7,460000.0
1000,3,1.0,56,0,1.0,3,7,396480.0
2050,3,1.0,93,0,2.0,3,8,1025000.0
1750,3,2.75,35,0,1.0,4,7,370000.0
1620,3,1.0,46,0,1.0,4,6,260656.0
1710,3,2.5,18,0,2.0,3,8,431000.0
1060,3,1.0,57,0,1.0,3,7,320000.0
2170,3,2.75,36,0,1.0,4,8,296500.0
3080,4,2.5,46,0,1.0,3,7,679000.0
1320,3,3.0,11,0,2.0,3,7,359000.0
1920,4,3.0,53,0,1.0,3,7,330000.0
2440,4,2.5,5,0,2.0,3,7,350000.0
1640,3,1.5,51,0,1.0,4,7,242000.0
2420,3,2.5,18,0,2.0,3,9,692500.0
1190,2,1.5,95,0,1.0,3,7,441000.0
2910,4,2.5,24,0,2.0,3,10,765000.0
1010,2,1.0,64,0,1.0,3,7,375000.0
2080,3,1.75,60,0,1.0,5,7,365000.0
1990,2,1.5,70,0,1.0,3,6,580000.0
3920,4,3.5,10,0,1.0,3,10,1605000.0
3080,4,2.5,34,0,2.0,4,9,841000.0
2670,5,3.0,34,0,1.0,3,7,515000.0
4320,5,2.5,47,0,1.0,4,8,565000.0
1200,2,1.5,85,0,1.0,3,7,365000.0
1640,3,1.5,106,0,2.0,4,7,295000.0
870,2,1.0,67,0,1.0,4,7,406500.0
2410,3,2.5,24,0,2.0,3,8,614905.0
2640,5,2.25,86,0,1.0,4,7,1398000.0
990,2,1.0,33,0,2.0,3,7,250000.0
1500,5,1.0,85,0,2.0,3,7,549000.0
1790,4,2.5,9,0,2.0,3,7,397000.0
1490,3,1.75,52,0,1.0,4,7,184000.0
3960,4,3.25,77,0,2.0,3,12,2500000.0
1620,3,1.5,60,0,1.0,3,7,499100.0
2270,4,1.5,60,0,1.0,3,8,676101.0
1150,3,1.0,82,0,1.0,4,6,290000.0
2180,4,1.75,53,0,1.0,4,7,390000.0
910,3,1.0,66,0,1.0,3,7,465000.0
2770,3,2.75,76,0,1.5,3,8,470000.0
940,3,1.0,56,0,1.0,4,6,435000.0
2410,3,1.75,47,0,1.0,4,8,415000.0
1010,3,2.0,110,0,1.5,3,7,450000.0
2120,3,2.5,18,0,1.0,3,9,645000.0
1530,4,2.0,72,0,2.0,3,7,231000.0
1810,3,1.5,45,0,1.0,5,7,358000.0
1040,3,1.0,42,0,1.0,5,6,330000.0
1160,2,1.5,42,0,2.0,3,7,229950.0
1430,2,1.5,80,0,1.0,3,7,403250.0
2280,3,2.5,10,0,2.0,3,8,470000.0
1200,3,1.0,48,0,1.0,4,7,239000.0
2480,4,1.5,60,0,1.0,3,8,579000.0
1270,3,2.0,12,0,3.0,3,8,380500.0
1340,2,2.0,12,0,2.0,3,8,376000.0
1240,3,1.0,61,0,1.0,3,7,290000.0
2400,4,2.25,50,0,1.0,4,8,487000.0
1220,4,2.0,112,0,2.0,3,7,935000.0
2163,4,2.5,9,0,2.0,3,7,255000.0
1860,2,2.5,14,0,2.0,3,7,380000.0
810,2,1.0,57,0,1.0,3,6,450000.0
1950,3,2.5,27,0,2.0,3,8,622000.0
1390,3,2.25,22,0,2.0,3,8,292500.0
2120,4,3.0,106,0,2.0,4,8,1320000.0
1510,4,2.0,114,0,1.0,5,7,410000.0
1010,3,1.75,64,0,1.0,3,6,160000.0
1840,4,1.5,97,0,2.0,4,8,809000.0
1650,5,2.75,45,0,1.0,3,7,183750.0
2860,5,1.75,67,0,1.0,4,8,411000.0
2650,3,1.75,31,0,2.0,3,9,1050000.0
1100,2,1.0,95,0,1.0,3,7,625000.0
1646,3,2.25,20,0,2.0,3,7,305000.0
5250,4,4.5,17,0,2.0,3,10,915000.0
1390,3,1.5,41,0,1.0,4,7,317000.0
780,2,1.0,68,0,1.0,3,6,165000.0
1490,2,1.0,68,0,1.0,3,7,575000.0
970,3,1.0,47,0,1.0,4,6,219900.0
3730,4,3.25,8,0,2.0,3,10,1485000.0
1090,3,1.0,59,0,1.0,4,7,300000.0
1940,3,1.75,23,0,1.0,3,7,520000.0
1780,4,2.25,49,0,1.0,4,8,310000.0
1190,3,2.0,19,0,1.0,3,7,322500.0
2000,4,2.25,48,0,2.0,4,7,320000.0
1390,3,2.5,11,0,2.0,3,7,440000.0
1500,3,1.0,76,0,1.0,3,7,578000.0
1070,2,1.5,9,0,3.0,3,8,382000.0
1720,3,2.5,20,0,2.0,3,8,535000.0
3680,4,2.5,9,0,2.0,3,10,679000.0
1400,3,2.25,29,0,1.0,4,7,258900.0
1730,3,1.5,60,0,2.0,3,8,563000.0
2795,5,3.0,18,0,2.0,3,8,562000.0
2000,4,1.75,65,0,1.0,5,8,725000.0
1830,3,2.5,28,0,2.0,3,8,236775.0
3380,4,3.5,62,0,1.0,5,9,860000.0
1500,3,1.5,61,0,1.0,5,7,270000.0
1950,4,2.75,54,0,1.0,4,7,621000.0
2490,3,2.5,17,0,2.0,3,8,527900.0
1780,4,2.25,51,0,2.0,4,8,395000.0
1110,3,2.0,36,0,1.0,5,7,320000.0
2500,4,2.5,12,0,2.0,3,8,300000.0
1480,3,1.75,49,0,1.0,4,7,320000.0
2570,3,2.25,36,0,1.0,3,9,625000.0
810,2,1.0,74,0,1.0,3,6,505000.0
2700,4,2.5,48,0,1.0,4,8,300000.0
2180,4,2.5,11,0,2.0,3,8,363000.0
4330,4,3.5,26,0,2.0,4,11,1700000.0
4210,4,3.5,8,0,2.0,3,10,1146800.0
2880,4,2.5,38,0,1.0,3,8,680000.0
2610,5,2.25,105,0,2.0,5,7,678940.0
2010,3,1.75,31,0,1.0,4,7,299000.0
1500,4,1.75,59,0,1.0,4,7,379900.0
1290,3,1.0,38,0,1.0,5,7,205000.0
1320,4,1.0,85,0,1.5,3,7,387500.0
1290,3,1.0,67,0,1.0,3,6,256000.0
2440,4,2.5,20,0,2.0,3,9,548000.0
1290,3,1.75,19,0,1.0,3,7,163000.0
1030,2,2.0,11,0,2.0,3,8,367500.0
1640,3,2.25,31,0,2.0,3,6,390000.0
1160,4,2.5,25,0,1.0,4,7,415000.0
2230,4,2.25,46,0,2.0,4,8,449000.0
1910,5,2.0,51,0,1.0,4,7,460000.0
1980,4,2.0,37,0,1.0,3,7,395000.0
1470,3,2.0,54,0,1.0,3,7,300000.0
1520,3,1.75,46,0,1.0,4,7,345000.0
1930,3,1.75,62,0,1.0,4,7,825000.0
1330,3,2.5,1,0,3.0,3,8,539950.0
1580,4,2.0,61,0,1.0,3,7,410000.0
1370,3,1.0,59,0,1.0,3,7,245000.0
3010,4,2.75,41,0,1.0,4,8,482000.0
1390,3,1.75,36,0,1.0,4,7,270000.0
1330,3,1.75,31,0,1.0,3,7,475000.0
1320,3,2.0,67,0,1.0,3,7,445800.0
2430,4,3.0,37,0,1.0,4,7,518000.0
1260,2,0.75,72,0,1.5,4,6,785000.0
1690,3,2.5,11,0,2.0,3,8,430000.0
3420,4,1.75,67,0,1.0,5,8,715000.0
2790,3,1.5,59,0,1.0,3,8,560000.0
1270,3,1.75,111,0,1.5,5,7,449000.0
2910,4,2.5,25,0,2.0,3,9,805000.0
1560,3,2.5,11,0,2.0,3,7,296000.0
770,2,1.0,87,0,1.0,4,7,275000.0
1770,3,1.75,38,0,1.0,5,8,419950.0
1100,3,1.75,6,0,2.0,3,7,285000.0
2890,3,2.5,18,0,2.0,3,10,775000.0
2110,3,1.75,52,0,1.0,3,7,288250.0
1220,2,1.75,106,0,1.0,4,6,257000.0
950,1,1.0,85,0,1.5,3,6,377000.0
1420,2,1.0,91,0,1.0,3,7,550000.0
1100,3,1.0,72,0,1.0,4,7,339000.0
2140,3,1.75,66,0,1.0,3,7,481500.0
1300,3,1.75,34,0,1.0,4,7,224500.0
1790,3,1.0,63,0,1.0,3,7,260000.0
1470,2,1.0,103,0,1.5,3,8,865000.0
2500,5,3.0,44,0,1.0,4,8,730000.0
980,2,1.0,105,0,1.5,3,7,550000.0
2130,3,2.0,106,0,2.0,3,7,645000.0
1360,3,1.75,36,0,1.0,3,7,250000.0
1630,3,3.5,15,0,2.0,3,9,507200.0
2500,4,2.5,50,0,1.0,4,8,380000.0
2260,4,1.75,43,0,1.0,3,8,540000.0
2300,3,2.5,9,0,1.0,3,8,738500.0
1060,3,1.0,35,0,1.0,4,7,206000.0
940,2,1.0,67,0,1.0,3,6,265000.0
780,1,0.75,70,0,1.0,1,5,190000.0
1200,3,1.0,45,0,1.0,5,7,339900.0
2590,6,2.5,44,0,1.0,4,7,250000.0
1100,3,1.0,49,0,1.0,4,7,416500.0
2890,4,2.5,11,0,2.0,3,8,575000.0
1230,3,1.75,27,0,1.0,3,7,385000.0
1030,3,1.0,54,0,1.0,3,7,253000.0
1140,3,1.0,72,0,1.0,3,7,460000.0
3200,4,2.5,17,0,3.0,4,9,1445000.0
950,2,1.0,73,0,1.0,3,7,492000.0
1960,4,2.0,42,0,1.0,4,7,275000.0
3010,5,3.25,83,0,1.5,5,8,542500.0
1080,2,1.0,59,0,1.0,3,6,345000.0
2730,4,2.75,36,0,1.0,3,8,575000.0
2570,5,2.5,56,0,1.0,3,7,275000.0
3300,6,4.5,34,0,2.0,3,8,510000.0
4350,4,3.5,107,0,2.0,5,10,2538000.0
3820,3,3.5,15,0,2.0,3,9,830000.0
2260,4,2.5,10,0,2.0,3,9,640000.0
3880,4,2.75,10,0,2.0,3,7,702000.0
2010,3,2.5,59,0,1.0,4,9,960000.0
950,3,1.0,32,0,1.0,3,7,190000.0
1730,3,2.25,26,0,1.0,4,8,500000.0
3070,3,2.5,19,0,2.0,3,9,529000.0
1500,3,1.75,17,0,1.0,3,7,435000.0
2160,3,1.75,61,0,1.0,4,8,670000.0
1960,3,2.25,12,0,2.0,3,7,365000.0
3950,5,3.0,61,0,1.0,3,9,1270000.0
1100,3,1.0,99,0,1.5,4,6,465000.0
1400,3,1.5,59,0,1.0,3,7,285000.0
1020,3,1.0,89,0,1.5,3,6,219950.0
1600,3,1.5,52,0,1.0,4,7,220000.0
4230,6,4.5,98,0,2.0,4,8,1465000.0
3090,5,3.5,14,0,2.0,3,9,1112750.0
2320,2,2.5,8,0,1.0,3,8,694000.0
2440,3,2.5,27,0,2.0,3,9,620000.0
2020,3,1.0,65,0,1.0,3,6,415000.0
3270,3,3.0,23,0,2.0,3,10,765000.0
2260,4,1.75,66,0,1.0,5,8,864000.0
2020,5,2.0,64,0,2.0,3,7,385000.0
1000,3,1.0,64,0,1.0,3,7,725000.0
2030,4,2.25,47,0,1.0,4,7,545000.0
1730,3,1.75,27,0,1.0,4,9,299900.0
2010,3,1.75,41,0,1.0,4,8,639500.0
1540,4,1.5,51,0,1.0,3,7,345000.0
5330,6,4.0,15,0,2.0,3,11,1125000.0
960,2,1.0,111,0,1.0,3,6,345000.0
1460,3,2.0,94,0,1.0,4,7,600000.0
2160,4,1.75,31,0,1.0,4,7,355000.0
2640,3,2.75,36,0,1.5,3,9,698000.0
2170,4,2.25,27,0,2.0,3,8,566000.0
1530,3,2.5,20,0,2.0,3,8,449950.0
1570,3,1.0,57,0,1.0,4,8,404600.0
1490,3,1.0,45,0,1.0,3,7,258000.0
1960,4,2.0,60,0,2.0,4,7,415000.0
2190,4,2.25,36,0,2.0,3,8,320000.0
1690,3,2.5,11,0,2.0,3,7,295000.0
2330,5,2.0,52,0,1.0,4,7,389000.0
1470,3,1.75,56,0,1.0,3,7,299900.0
2550,3,2.5,11,0,2.0,3,7,394000.0
2130,4,2.0,76,0,1.5,5,7,762000.0
3650,4,2.75,36,0,1.5,4,8,697000.0
3340,3,2.5,21,0,2.0,3,9,485000.0
800,2,1.0,59,0,1.0,5,6,189900.0
3470,3,2.75,26,1,3.0,3,11,2150000.0
1030,3,1.5,93,0,1.0,4,6,345000.0
1630,3,2.0,64,0,1.0,5,7,376500.0
2010,3,2.0,63,0,2.0,3,7,775000.0
1360,3,1.0,104,0,1.5,4,6,450000.0
2040,4,2.25,56,0,1.0,4,8,760000.0
2830,4,2.5,11,0,2.0,3,8,569000.0
2040,3,1.5,64,0,1.0,3,7,500000.0
1340,2,2.0,73,0,1.5,3,8,592500.0
2130,4,2.5,27,0,2.0,3,9,620000.0
3920,5,4.25,24,0,2.0,3,9,1000000.0
2415,3,2.5,34,0,2.0,3,9,815000.0
3750,5,2.75,10,0,2.0,3,10,775000.0
1010,3,1.0,39,0,1.0,4,7,340000.0
990,2,1.75,72,0,1.0,4,6,458000.0
1200,2,1.5,29,0,2.0,3,7,250000.0
1060,2,1.0,60,0,1.0,3,6,151600.0
3200,4,2.5,9,0,2.0,3,7,515000.0
1810,2,1.0,69,0,1.0,3,6,216000.0
1670,3,1.75,41,0,1.0,4,7,245000.0
1850,3,2.75,61,0,1.0,4,8,645000.0
1100,3,1.0,54,0,1.0,3,7,249900.0
1660,3,1.75,34,0,1.0,3,7,410000.0
2400,6,1.75,40,0,1.5,3,7,499000.0
2900,5,3.25,47,0,1.0,4,8,790000.0
2140,1,2.25,38,0,1.0,3,7,458000.0
2670,4,2.5,85,0,2.0,3,8,925000.0
1090,3,1.0,45,0,1.0,4,6,152000.0
1970,3,2.5,24,0,2.0,4,8,402000.0
1250,2,2.0,19,0,2.0,3,7,340000.0
4040,4,2.5,31,0,2.0,4,10,1250000.0
3220,4,2.5,21,0,2.0,3,10,775000.0
1310,2,1.0,71,0,1.0,3,6,299800.0
2060,4,2.25,54,0,1.0,3,7,340000.0
1750,3,2.25,9,0,2.5,3,9,626000.0
1150,2,1.0,68,0,1.0,3,7,324950.0
2050,3,2.5,21,0,2.0,3,8,535500.0
3230,3,3.25,15,0,2.0,3,10,817500.0
4170,4,3.5,9,0,2.0,3,9,810000.0
1940,5,1.5,89,0,1.5,4,6,565000.0
2390,3,1.5,78,0,1.5,3,9,978000.0
1440,3,1.0,64,0,1.0,3,8,530000.0
2230,4,2.5,11,0,2.0,3,7,305000.0
1210,3,2.5,6,0,3.0,3,8,345000.0
750,2,2.0,70,0,1.5,3,7,258000.0
1770,4,1.0,49,0,1.5,3,7,275000.0
1020,3,1.0,54,0,1.0,3,7,310000.0
2050,3,2.0,63,0,1.0,4,7,713250.0
2000,3,1.0,37,0,1.0,3,8,500000.0
2180,3,1.75,60,0,1.0,4,8,472000.0
920,3,1.0,62,0,1.0,3,7,250000.0
3440,4,2.25,32,0,2.0,3,9,725000.0
1610,3,2.0,28,0,1.0,4,7,345000.0
1870,3,1.5,79,0,1.0,3,7,460000.0
1110,2,1.0,67,0,1.0,5,7,440150.0
2200,3,1.75,36,0,1.0,3,7,390000.0
790,2,1.0,65,0,1.0,3,6,375000.0
1630,3,1.5,51,0,1.0,4,7,224950.0
2100,3,1.5,65,0,1.0,4,7,480000.0
2690,4,2.75,75,0,2.0,3,7,721000.0
600,2,1.0,92,0,1.0,5,6,174000.0
810,2,1.0,70,0,1.0,3,6,170000.0
1660,3,1.5,96,0,1.5,3,7,658000.0
1880,3,2.0,47,0,1.0,4,7,860000.0
2310,4,1.5,46,0,2.0,4,7,407450.0
2650,4,1.5,85,0,2.0,4,7,615000.0
3130,4,3.0,20,0,2.0,3,9,920000.0
860,2,1.0,31,0,1.0,4,6,195000.0
990,3,1.0,53,0,1.0,5,7,269950.0
4030,4,3.5,9,0,2.0,3,10,855000.0
1780,3,2.25,7,0,3.0,3,8,620000.0
1480,2,2.0,95,0,1.0,5,7,276000.0
1140,3,1.0,103,0,1.5,3,6,329000.0
1230,3,1.5,52,0,1.0,3,7,270000.0
3080,4,2.5,21,0,2.0,3,9,440000.0
1990,4,2.5,25,0,2.0,4,10,639000.0
700,1,1.0,69,0,1.0,4,6,403500.0
1700,3,2.5,12,0,2.0,3,9,585000.0
860,2,1.0,72,0,1.0,4,6,216000.0
3160,3,2.5,23,0,1.0,3,11,1150000.0
2500,3,2.0,61,0,1.0,5,8,575000.0
3000,4,2.5,13,0,2.0,3,9,430000.0
1670,2,1.0,61,0,1.0,3,7,660000.0
690,2,1.0,72,0,1.0,3,6,338000.0
1240,4,2.75,27,0,1.0,3,7,400000.0
900,2,1.0,85,0,1.0,5,6,210000.0
2200,4,1.75,72,0,1.5,5,6,305000.0
960,2,1.0,29,0,1.0,3,6,365000.0
2130,5,2.75,23,0,1.0,3,7,325000.0
2020,4,1.75,45,0,1.0,4,8,245000.0
1060,3,1.0,55,0,1.0,4,7,182000.0
1230,2,1.0,108,0,1.0,3,7,440000.0
2510,3,2.25,26,0,2.0,3,8,225000.0
2510,3,2.25,27,0,2.0,3,8,358000.0
2720,5,2.5,75,0,1.5,4,7,580000.0
1070,3,1.5,31,0,1.0,4,7,240000.0
3580,4,3.25,25,0,1.0,4,8,700000.0
2230,4,2.5,20,0,2.0,3,8,325000.0
2500,4,2.25,36,0,1.0,5,7,488000.0
1670,4,1.0,108,0,1.5,5,8,875000.0
2150,4,2.5,29,0,2.0,4,8,615000.0
2020,3,2.5,2,0,2.0,3,7,321000.0
2230,3,2.5,11,0,2.0,3,9,1035000.0
740,2,1.0,73,0,1.0,3,6,299500.0
2020,4,1.5,52,0,2.0,4,7,459000.0
1730,3,2.5,18,0,2.0,3,8,435000.0
1370,3,1.75,34,0,1.0,4,7,222000.0
1210,4,1.0,78,0,1.5,3,7,485000.0
2160,5,3.5,8,0,3.0,3,9,750000.0
1550,3,2.25,25,0,2.0,3,8,266000.0
1170,2,1.0,73,0,1.0,4,7,455000.0
2020,3,1.75,40,0,2.0,4,7,490000.0
1740,3,1.75,37,0,1.0,4,7,280000.0
3100,4,3.25,91,0,2.0,5,9,1450000.0
1590,4,1.0,72,0,1.5,3,6,291000.0
2400,5,3.0,34,0,2.0,3,8,745000.0
2290,3,2.5,42,0,1.0,3,8,685900.0
1610,3,1.75,50,0,1.0,4,7,160000.0
2240,4,2.5,47,0,1.0,4,8,650000.0
850,2,1.0,64,0,1.0,3,6,250000.0
920,2,1.5,20,0,2.0,3,7,265000.0
2590,5,3.25,54,0,1.0,3,7,599000.0
1340,3,1.0,70,0,1.5,3,6,199950.0
2420,4,2.75,67,0,1.0,3,8,712500.0
1420,2,1.0,73,0,1.0,4,7,490000.0
1360,4,1.0,97,0,1.5,3,7,511500.0
1510,3,1.0,60,0,1.0,3,6,299000.0
2650,4,2.5,60,0,1.0,3,9,685000.0
2120,4,2.0,87,0,1.5,4,7,597000.0
1200,3,1.0,37,0,1.0,3,6,210000.0
3190,4,2.5,68,0,1.0,5,8,659000.0
1050,3,1.0,89,0,1.0,4,7,540000.0
1300,3,2.0,17,0,1.0,3,7,469000.0
3970,3,2.5,24,0,1.5,3,9,1065000.0
2990,5,2.5,42,0,1.0,3,9,575000.0
2440,4,2.75,73,0,1.5,4,7,725000.0
1170,4,1.0,61,0,1.0,5,6,299950.0
2270,4,2.0,54,0,1.0,3,7,375000.0
1280,3,1.5,52,0,1.0,3,7,342450.0
1950,4,2.5,12,0,2.0,3,7,315000.0
1930,4,2.75,17,0,1.0,3,7,328000.0
1970,4,2.75,37,0,1.0,3,8,323000.0
1820,4,3.0,17,0,1.0,3,7,320000.0
950,2,1.0,90,0,1.0,4,7,550000.0
4010,6,3.5,59,0,1.0,3,8,1646000.0
4560,4,3.5,19,0,1.0,3,12,1212500.0
4560,4,3.5,19,0,1.0,3,12,1200000.0
1150,3,1.0,72,0,1.0,3,6,120000.0
1150,3,1.0,72,0,1.0,3,6,175000.0
910,3,1.0,114,0,1.5,4,5,169900.0
2890,6,2.75,38,0,1.0,4,8,508000.0
1070,2,1.0,63,0,1.0,4,7,335000.0
2050,3,2.75,87,0,1.5,4,7,613200.0
1040,2,1.5,110,0,1.5,4,6,420000.0
3320,4,3.25,6,0,3.0,3,11,1000000.0
740,2,1.0,66,0,1.0,3,6,342000.0
3380,4,2.0,35,0,1.0,4,9,850000.0
1210,2,1.75,72,0,1.0,4,7,582000.0
2480,3,2.5,13,0,2.0,3,8,475000.0
2010,3,2.25,39,0,1.0,3,8,570000.0
3230,4,3.25,99,0,1.5,4,7,826600.0
1170,2,2.5,13,0,2.0,3,8,387000.0
1250,3,1.0,45,0,1.0,3,7,330000.0
2070,3,2.5,34,0,1.0,4,8,653450.0
1050,2,1.0,9,0,1.0,3,7,285000.0
1400,3,1.0,52,0,1.0,3,7,217000.0
1120,3,1.0,38,0,1.0,4,7,615000.0
3150,4,2.5,0,0,2.0,3,8,580135.0
4540,4,3.5,16,0,2.0,3,11,1150000.0
1400,3,2.0,23,0,1.0,3,7,231200.0
2500,4,2.75,4,0,2.0,3,8,680000.0
1390,3,1.5,13,0,2.0,3,7,267500.0
3160,4,2.75,75,0,2.0,3,8,942000.0
1310,3,1.75,66,0,1.0,4,6,435000.0
1740,2,1.0,90,0,1.0,4,7,315000.0
1490,3,2.5,10,0,3.0,3,8,354901.0
1300,2,2.0,9,0,1.0,3,8,439888.0
1460,4,1.0,87,0,1.5,3,8,360000.0
1030,4,1.0,59,0,1.0,4,6,205000.0
1970,3,2.5,26,0,2.0,3,8,299995.0
790,2,1.0,70,0,1.0,4,6,150000.0
3800,3,2.25,38,0,1.0,4,10,575000.0
2168,3,2.0,65,0,2.0,4,7,625000.0
4140,4,3.5,14,0,2.0,3,11,950000.0
2440,4,2.5,50,0,1.0,3,8,278800.0
1720,3,2.0,106,0,2.0,3,8,713500.0
3020,4,2.25,99,1,1.5,5,10,1900000.0
2610,5,2.0,26,0,1.0,3,7,439000.0
1500,3,2.0,33,0,1.0,3,7,425000.0
2600,4,2.5,53,0,1.5,3,7,252500.0
1370,3,1.5,53,0,1.0,4,7,185000.0
2400,5,2.75,40,0,1.0,4,7,406550.0
1068,2,1.5,24,0,2.0,3,7,243000.0
2220,3,1.5,52,0,1.0,4,8,500000.0
880,2,1.0,73,0,1.0,4,7,204750.0
1310,3,1.5,46,0,1.0,4,7,222000.0
1350,4,1.0,48,0,1.0,3,7,200000.0
1400,3,2.25,8,0,3.0,3,8,367000.0
1170,3,1.0,53,0,1.0,3,7,183000.0
1020,3,2.5,10,0,2.0,3,7,300000.0
1300,3,1.75,29,0,1.0,3,7,369000.0
2010,3,2.0,85,0,2.0,4,6,380000.0
1590,3,2.0,30,0,2.0,4,6,463000.0
1470,3,1.0,51,0,1.0,3,7,475000.0
1580,3,1.75,34,0,1.0,4,7,225000.0
1970,3,1.75,47,0,1.0,3,8,371000.0
2330,3,2.5,11,0,2.0,3,8,625000.0
1230,3,1.75,35,0,1.0,3,7,329000.0
2570,3,1.75,53,0,2.0,4,7,634000.0
3440,4,2.5,8,0,2.0,3,10,616000.0
3330,3,2.25,47,0,2.0,3,9,1824100.0
1780,4,2.25,13,0,2.0,3,7,435000.0
2110,4,2.5,15,0,2.0,3,8,320000.0
2770,4,3.5,13,0,2.0,3,9,820000.0
1590,3,2.5,14,0,2.0,3,7,310000.0
1460,3,2.25,11,0,2.0,3,7,443750.0
2070,4,2.25,47,0,1.0,4,8,795000.0
2420,3,2.5,57,0,1.0,4,8,475000.0
2000,5,1.75,93,0,2.0,4,7,585000.0
1010,2,1.0,33,0,2.0,4,7,315000.0
3050,4,2.5,25,0,2.0,3,8,635000.0
1160,3,1.0,46,0,1.0,3,7,305000.0
2180,3,2.0,110,0,1.0,5,7,785000.0
1560,3,1.75,70,0,1.0,3,6,525000.0
1580,4,1.75,105,0,1.0,4,7,537000.0
1660,3,1.75,41,0,1.0,3,7,279950.0
2350,4,2.0,37,0,2.0,3,8,659000.0
1440,2,1.0,34,0,1.0,3,7,203000.0
2930,4,2.5,9,0,2.0,3,9,782500.0
1590,3,1.75,30,0,1.0,3,7,250000.0
1400,3,1.0,59,0,1.0,4,7,279000.0
3190,6,2.5,35,0,2.0,4,8,664000.0
4580,4,3.25,23,0,2.0,4,11,2900000.0
1830,4,2.0,62,0,1.0,5,7,378500.0
2720,3,1.75,26,0,1.5,3,9,535000.0
1360,2,1.0,82,0,1.0,3,7,520000.0
1520,3,2.0,72,0,1.0,5,6,369950.0
2290,3,2.25,33,0,2.0,3,8,545000.0
2150,3,2.5,24,0,2.0,3,8,360000.0
1170,3,1.5,59,0,1.0,4,7,760000.0
1830,3,1.75,75,0,1.0,4,7,450000.0
2730,4,2.5,23,0,2.0,3,9,612500.0
1090,3,1.0,52,0,1.0,4,7,280000.0
2560,3,2.5,22,0,2.0,3,9,750000.0
1160,3,1.0,56,0,1.0,4,7,237000.0
1010,2,1.75,95,0,1.5,5,7,441500.0
1650,3,2.0,26,0,1.0,4,7,251000.0
2120,3,1.0,72,0,1.0,3,7,200000.0
960,1,1.0,106,0,1.0,3,7,332000.0
1509,3,2.5,0,0,3.0,3,8,401500.0
2270,4,1.75,57,0,1.0,5,8,585000.0
1954,4,2.5,9,0,2.0,3,8,340000.0
2800,3,3.5,10,0,1.0,3,9,920000.0
1270,3,1.0,70,0,1.5,3,6,153000.0
1810,4,2.25,29,0,1.0,3,7,299950.0
2410,4,2.5,32,0,2.0,3,8,440000.0
1690,3,2.5,11,0,2.0,3,7,293000.0
1190,3,1.75,63,0,1.0,3,7,203000.0
1280,2,1.75,24,0,1.0,3,7,193000.0
1460,3,1.75,50,0,1.0,3,7,305000.0
1600,4,1.75,55,0,1.0,3,8,495000.0
1770,3,1.75,62,0,1.0,3,7,420000.0
2800,4,2.5,43,0,1.0,3,8,569500.0
2680,4,2.5,25,0,2.0,3,9,620000.0
1680,3,1.75,55,0,1.0,4,7,466000.0
1120,3,1.0,53,0,1.0,3,7,355500.0
1040,2,1.0,60,0,1.0,4,6,687500.0
1790,3,2.25,40,0,2.0,4,8,432100.0
2410,3,2.5,38,0,1.5,3,8,500000.0
3370,5,3.25,26,0,2.0,4,8,690000.0
800,2,1.0,66,0,1.0,4,6,350000.0
1380,2,1.0,71,0,1.0,3,7,268000.0
990,2,1.0,69,0,1.0,2,4,120000.0
1800,4,2.5,21,0,2.0,3,7,285000.0
1820,4,1.5,59,0,1.0,4,7,365000.0
2620,3,2.5,13,0,2.0,3,7,635000.0
2290,2,2.5,9,0,2.0,3,9,630000.0
2200,4,3.0,47,0,2.0,3,7,450000.0
2940,4,2.5,41,0,1.0,4,8,590000.0
1700,2,1.75,64,0,1.0,3,8,895000.0
860,3,1.0,51,0,1.0,4,6,160000.0
910,2,1.0,90,0,1.0,3,7,520000.0
2820,4,3.25,38,0,2.0,4,8,432000.0
930,2,1.0,72,0,1.0,4,5,141800.0
2190,4,2.0,104,0,2.5,5,8,980000.0
3430,4,2.5,1,0,2.0,3,9,1290000.0
2560,4,2.75,55,0,1.0,3,8,740000.0
770,2,1.0,66,0,1.0,4,6,230000.0
2440,3,2.25,41,0,1.0,4,8,954500.0
1650,3,1.5,86,0,1.5,4,8,622000.0
780,1,1.0,110,0,1.0,3,5,90000.0
1260,3,3.0,16,0,3.0,3,8,342000.0
2320,4,2.5,7,0,2.0,3,7,305000.0
1560,4,2.75,35,0,1.0,3,7,259900.0
2330,3,2.0,80,0,1.5,3,6,420000.0
1400,2,1.0,86,0,1.5,3,6,250000.0
1450,3,1.5,54,0,1.0,4,7,249950.0
1140,2,1.0,83,0,1.0,4,6,199000.0
1120,3,1.0,61,0,1.0,4,7,355200.0
1970,3,1.5,59,0,1.0,4,7,425000.0
1110,3,1.0,34,0,1.0,3,7,379500.0
3070,4,2.5,5,0,2.0,3,9,860000.0
1940,3,2.5,10,0,2.0,3,8,335000.0
3050,3,2.5,17,0,2.0,3,10,865000.0
1240,3,1.0,113,0,1.5,3,7,390000.0
3380,5,4.25,0,0,2.0,3,8,569950.0
3190,3,2.5,9,0,2.0,3,9,495500.0
1670,4,1.75,61,0,1.0,3,7,476500.0
1660,3,1.0,57,0,1.0,3,7,261000.0
2070,4,2.0,59,0,1.0,5,7,375000.0
2070,4,2.0,60,0,1.0,5,7,550000.0
1430,2,1.0,65,0,1.0,3,7,230000.0
2270,5,2.5,52,0,1.0,4,8,526750.0
1980,3,2.0,104,0,1.5,4,6,606000.0
2500,4,2.75,38,0,1.0,3,8,368500.0
1230,3,1.0,41,0,1.0,3,7,275000.0
1390,4,1.0,60,0,1.5,3,7,342000.0
2120,4,1.75,37,0,1.0,3,7,278100.0
1540,4,2.75,85,0,1.0,4,7,450000.0
2000,4,2.5,9,0,2.0,3,7,349950.0
2400,4,2.5,14,0,2.0,3,8,425000.0
2110,4,2.75,52,0,1.0,3,7,435000.0
2550,4,2.5,53,0,1.0,4,7,460000.0
1440,4,1.75,51,0,1.0,4,7,323000.0
810,2,1.0,71,0,1.0,3,6,325000.0
1170,2,1.75,90,0,1.0,4,6,480000.0
3590,3,2.5,57,0,1.0,3,9,1325000.0
2090,4,1.75,59,0,1.0,3,7,210000.0
3820,5,4.5,15,0,2.0,3,9,920000.0
1460,3,1.0,55,0,1.0,3,8,399000.0
2360,3,1.75,74,0,1.0,5,7,631750.0
1100,3,1.0,53,0,1.0,3,6,184000.0
2100,4,2.5,41,0,2.0,3,8,333000.0
1310,2,2.0,10,0,2.0,3,6,218000.0
750,2,1.5,96,0,1.0,5,5,258305.0
1720,5,1.5,99,0,1.5,3,8,775000.0
3370,3,2.5,63,0,2.0,3,7,515000.0
1830,3,2.5,61,0,2.5,5,7,440000.0
3870,3,3.5,12,0,2.0,3,11,1440000.0
2220,3,2.25,95,0,2.0,4,8,850000.0
2920,3,1.75,54,0,1.0,3,8,480000.0
2540,5,2.75,34,0,1.0,3,8,420000.0
1970,3,1.75,38,0,1.0,3,7,408000.0
2170,5,1.75,52,0,1.0,3,7,278000.0
2350,3,3.0,14,0,2.0,3,9,1195000.0
2630,4,2.25,35,0,2.0,3,9,454000.0
4120,4,2.5,50,1,1.0,3,8,1851000.0
2440,4,2.25,8,0,2.0,3,7,499000.0
3480,5,3.0,3,0,2.0,3,8,590000.0
1900,3,3.5,15,0,2.0,3,8,385000.0
3160,4,3.25,3,0,2.0,3,9,1250000.0
1330,2,1.75,35,0,1.0,4,8,202200.0
1420,3,2.25,39,0,1.0,3,7,450000.0
2570,3,2.0,29,0,1.5,4,8,435000.0
1270,2,1.0,107,0,1.0,4,5,550000.0
2470,3,2.25,42,0,1.0,3,7,361000.0
2590,4,2.25,36,0,2.0,3,9,760000.0
3030,4,2.5,11,0,2.0,3,9,902000.0
1240,3,1.75,64,0,1.5,4,7,505000.0
1040,3,1.0,54,0,1.0,4,6,200000.0
2320,5,2.25,48,0,1.0,4,7,260000.0
1190,2,1.0,86,0,1.5,2,7,417000.0
2030,3,2.25,29,0,1.0,4,8,287500.0
1390,3,1.5,54,0,1.0,3,7,450000.0
2050,2,1.75,36,0,1.5,3,8,825000.0
3050,4,3.0,88,0,2.0,4,9,1475000.0
1240,2,1.0,94,0,1.5,3,6,319950.0
3030,4,2.5,33,0,2.0,4,9,682000.0
1930,3,1.75,59,0,1.0,3,8,560000.0
1490,3,1.75,29,0,1.0,3,7,350000.0
1510,3,2.0,19,0,1.0,4,7,270000.0
1320,3,1.75,25,0,1.0,3,7,284000.0
2330,4,2.5,10,0,2.0,3,8,308000.0
2240,4,2.0,58,0,1.0,5,7,450000.0
2050,4,2.5,25,0,2.0,4,8,540000.0
1680,4,1.5,55,0,1.0,3,7,380000.0
2200,4,2.75,44,0,1.5,3,7,522500.0
670,1,1.0,36,0,1.0,4,6,118000.0
1730,4,1.75,47,0,1.0,4,7,280400.0
2710,4,2.75,19,0,1.5,4,8,710000.0
3410,3,3.25,21,0,2.0,4,8,720000.0
1330,3,1.75,53,0,1.0,3,8,787000.0
1990,4,2.5,3,0,2.0,3,8,537000.0
1900,2,1.5,98,0,1.0,5,7,650000.0
1310,4,1.0,67,0,1.0,3,6,154200.0
1690,4,2.5,36,0,1.0,3,7,238000.0
1040,3,1.0,61,0,1.0,3,7,285650.0
1340,2,1.5,8,0,2.0,3,8,485500.0
1120,2,1.0,73,0,1.0,3,7,315000.0
2310,3,2.0,49,0,2.0,5,7,627000.0
2190,3,2.5,21,0,2.0,3,8,525000.0
1220,3,3.25,0,0,2.0,3,8,526000.0
1200,3,1.5,105,0,1.0,4,7,480000.0
3840,3,3.5,18,0,2.0,3,9,970000.0
2460,4,2.5,49,0,1.0,4,8,640000.0
1630,3,2.5,29,0,1.0,3,8,279000.0
970,2,2.0,74,0,1.0,5,6,303000.0
1780,4,2.0,96,0,1.5,5,6,315000.0
1760,4,1.75,36,0,1.0,4,7,336500.0
770,2,1.0,63,0,1.0,3,6,163250.0
1760,3,1.0,53,0,1.0,3,7,444950.0
990,2,1.0,16,0,2.0,3,7,285000.0
1250,2,1.0,77,0,1.0,3,7,370000.0
1440,3,2.25,17,0,2.0,3,7,330000.0
1960,2,2.0,64,0,1.0,5,7,395000.0
2510,6,3.0,71,0,1.0,4,7,440000.0
2920,4,2.75,2,0,2.0,3,8,625000.0
1730,3,2.5,23,0,2.0,3,8,435000.0
1570,3,2.5,9,0,2.0,3,7,299950.0
970,2,1.75,70,0,1.0,4,7,560000.0
2800,4,3.0,12,0,2.0,3,8,380000.0
1580,4,2.0,108,0,2.0,2,6,333000.0
1220,2,1.0,88,0,1.0,3,7,499000.0
1550,3,1.5,35,0,1.0,3,6,386000.0
1220,3,2.0,67,0,1.0,3,6,320600.0
1651,2,2.0,68,0,1.0,3,6,285000.0
3150,7,4.0,1,0,2.0,3,8,450000.0
800,2,1.0,81,0,1.0,3,5,175000.0
3190,5,2.75,11,0,2.0,3,9,544800.0
1720,3,1.75,34,0,1.0,4,7,220000.0
1100,2,2.25,5,0,2.0,3,9,374000.0
1010,3,2.0,31,0,1.0,3,7,200000.0
1010,3,2.0,31,0,1.0,3,7,259950.0
1760,4,2.75,43,0,1.0,3,7,255000.0
1400,3,1.75,40,0,1.0,3,7,447000.0
1820,3,2.5,89,0,1.5,3,7,287000.0
1470,3,2.0,82,0,1.0,5,6,344950.0
770,2,1.0,93,0,1.0,3,6,212000.0
1340,5,2.75,52,0,1.0,3,7,425000.0
480,1,1.0,92,0,1.0,3,5,170000.0
1260,3,1.0,87,0,1.5,4,7,565000.0
870,2,1.0,74,0,1.0,3,6,234000.0
4010,3,2.5,31,0,1.0,5,11,1511250.0
2340,3,2.5,22,0,1.0,3,7,345000.0
1770,3,2.75,6,0,2.0,3,8,415000.0
2660,5,1.75,92,0,1.5,5,7,760000.0
3600,5,2.5,39,0,2.0,4,9,484000.0
1230,2,1.75,8,0,2.0,3,8,360000.0
3270,3,2.75,27,0,1.5,3,11,875000.0
3100,3,2.5,60,0,1.0,3,10,930000.0
1900,3,2.0,48,0,1.0,5,7,250000.0
1750,2,2.0,3,0,2.0,3,8,394000.0
3380,4,3.5,8,0,2.0,3,9,865000.0
2090,2,2.0,96,0,2.0,3,7,477500.0
4120,4,2.75,67,0,1.0,4,8,1250000.0
1260,3,1.75,67,0,1.0,3,6,270000.0
1800,3,2.25,41,0,1.0,4,8,567000.0
1960,3,2.5,74,0,1.0,4,8,635000.0
4460,6,2.75,84,0,2.5,4,10,1865000.0
1330,3,1.75,41,0,1.0,4,7,183000.0
1820,3,1.75,65,0,1.0,3,6,309933.0
3360,4,2.75,42,0,1.0,4,8,945800.0
2860,2,1.75,66,1,1.0,3,8,503000.0
1460,3,1.0,57,0,1.0,4,7,220000.0
1900,3,1.75,28,0,1.0,3,8,335000.0
1790,3,2.25,46,0,1.0,4,7,650000.0
3100,4,3.5,10,0,2.0,3,10,511000.0
900,2,1.0,76,0,1.0,4,6,275000.0
1530,2,1.75,26,0,2.0,4,7,576250.0
2070,2,3.25,27,1,2.0,3,9,1452000.0
1340,3,2.0,102,0,1.0,3,5,186000.0
1220,1,1.0,93,0,1.0,3,7,655100.0
2370,4,2.5,16,0,2.0,3,9,328000.0
1890,3,2.5,42,0,1.0,3,8,441000.0
1480,3,1.75,34,0,1.5,4,7,370000.0
1050,2,1.0,56,0,1.0,3,7,630000.0
2070,4,2.25,57,0,1.0,3,7,470500.0
1170,2,1.0,67,0,1.0,3,6,285950.0
1090,3,1.5,57,0,1.0,4,7,698000.0
1650,3,2.5,23,0,2.0,3,7,268000.0
4410,4,3.75,12,0,3.0,3,11,1625000.0
1780,4,2.5,22,0,2.0,2,7,355000.0
1550,3,1.0,62,0,1.0,3,7,299000.0
2290,4,2.75,88,0,2.0,4,7,1003000.0
2220,4,2.0,57,0,1.5,4,7,275000.0
1150,3,1.75,97,0,1.0,3,6,475000.0
2000,4,2.5,25,0,2.0,3,8,260000.0
1270,2,1.75,82,0,1.5,4,7,416000.0
1810,5,1.0,99,0,1.5,3,7,495000.0
1450,3,1.0,63,0,1.0,3,6,357500.0
1170,2,1.5,11,0,3.0,3,7,459500.0
1730,3,2.5,20,0,2.0,3,8,258000.0
2680,3,2.25,53,0,1.0,5,8,600000.0
1260,3,1.0,77,0,1.5,4,7,665000.0
1020,3,1.5,55,0,1.0,5,6,165000.0
1970,5,2.5,20,0,2.0,4,7,297000.0
830,2,1.0,72,0,1.0,4,7,350000.0
5030,4,4.5,6,0,2.0,3,11,2450000.0
800,2,1.0,57,0,1.0,3,6,180000.0
1330,3,1.75,34,0,1.0,4,6,339950.0
1030,3,1.0,63,0,1.0,3,7,365000.0
5660,4,4.25,13,0,2.0,3,10,955000.0
2330,3,2.5,10,0,2.0,3,9,732000.0
1540,3,1.75,67,0,1.0,5,6,500000.0
2040,6,2.75,54,0,1.0,4,7,610000.0
1540,3,2.0,10,0,1.0,3,8,525000.0
1920,4,1.0,48,0,1.0,4,7,170000.0
1870,3,2.5,9,0,2.0,3,7,300000.0
2960,5,3.5,28,0,2.0,3,9,389500.0
1690,3,1.5,60,0,1.0,4,7,330000.0
1610,3,2.25,26,0,2.0,3,7,269950.0
670,2,1.0,66,0,1.0,4,6,107000.0
1752,3,1.0,9,0,2.0,3,8,249000.0
1540,4,2.0,79,0,1.5,5,7,442500.0
3160,3,2.5,13,0,2.0,3,9,579000.0
2570,3,1.75,31,0,2.0,3,8,621500.0
1370,3,1.5,56,0,1.0,3,7,203000.0
860,2,1.0,72,0,1.0,5,5,222900.0
1680,2,1.5,24,0,1.5,3,7,453000.0
930,1,0.75,73,0,1.0,3,6,190000.0
1820,4,1.75,53,0,1.0,5,7,320000.0
2120,3,1.5,110,0,1.5,3,8,733500.0
3330,4,2.25,21,0,2.0,3,9,555000.0
2520,3,2.25,11,0,2.0,3,7,364950.0
1560,3,1.75,25,0,1.0,3,7,490000.0
2250,5,1.75,58,0,1.0,3,8,688000.0
640,2,1.0,72,0,1.0,3,6,165000.0
3880,5,3.75,10,0,2.0,4,7,506000.0
3360,3,2.25,109,0,2.0,3,10,2193000.0
2350,5,1.75,47,0,1.0,4,8,754000.0
2340,5,2.5,56,1,2.0,3,8,949950.0
1430,3,2.5,11,0,3.0,3,8,443600.0
1920,3,2.5,16,0,2.0,3,7,380600.0
4330,3,3.25,30,0,2.0,3,10,722800.0
790,2,1.0,67,0,1.0,4,6,342888.0
2350,4,1.75,57,0,1.0,3,8,555000.0
1350,3,2.5,23,0,2.0,3,7,613000.0
1470,3,2.0,58,0,1.0,4,8,480000.0
1680,6,1.5,104,0,1.5,2,7,619500.0
1890,4,2.5,34,0,1.0,3,8,437000.0
2030,4,2.5,56,0,1.0,4,8,621000.0
1760,4,1.75,108,0,1.5,4,8,810000.0
1950,3,2.25,50,0,1.0,3,7,415000.0
1440,4,1.0,96,0,1.0,3,6,250000.0
2230,3,1.5,47,0,1.0,3,8,585000.0
1180,3,1.0,68,0,1.5,3,7,220000.0
2500,5,2.5,52,0,1.0,3,7,580000.0
2680,3,2.75,50,0,1.0,5,9,1320000.0
2040,4,2.5,46,0,1.0,5,8,675000.0
2660,4,2.75,12,0,2.0,3,9,695000.0
2580,5,2.75,60,0,1.0,4,7,915000.0
1000,3,1.0,67,0,1.0,4,7,375000.0
1330,3,1.5,7,0,2.0,3,8,500000.0
1420,2,2.0,10,0,1.0,3,7,335000.0
1280,2,1.0,102,0,1.5,5,6,170000.0
2200,5,2.5,44,0,1.0,4,7,320900.0
1800,3,1.75,37,0,1.0,3,8,508000.0
1200,3,1.75,46,0,1.0,4,7,228950.0
1840,4,2.0,86,0,1.5,4,6,433000.0
960,2,1.0,63,0,1.0,5,6,267500.0
2890,4,1.5,75,0,2.0,3,8,910000.0
1290,3,1.75,31,0,1.0,3,7,370000.0
1140,2,1.0,103,0,1.5,3,6,320000.0
1750,3,1.75,58,0,1.0,4,8,660000.0
2580,4,2.25,37,0,2.0,4,9,787888.0
2650,4,2.5,9,0,2.0,3,9,329000.0
1470,2,1.0,73,0,1.0,4,7,602000.0
1640,3,2.0,55,0,1.0,3,7,375000.0
620,1,1.0,89,0,1.0,3,6,212000.0
1440,3,1.5,37,0,1.0,3,7,224000.0
1160,3,2.0,29,0,1.0,3,7,315500.0
1070,2,1.0,113,0,1.0,3,7,350000.0
3560,6,4.5,26,0,2.0,3,7,389000.0
1720,3,1.75,52,0,1.0,4,7,285000.0
1530,3,1.75,56,0,1.0,5,8,425000.0
1270,3,1.75,35,0,1.0,4,7,190000.0
1510,3,1.75,44,0,1.0,3,7,374000.0
880,2,1.0,110,0,1.0,3,6,292000.0
2020,5,1.75,104,0,1.5,5,7,475000.0
1410,3,2.5,30,0,1.0,3,7,546500.0
860,3,1.0,60,0,1.0,3,6,82000.0
860,3,1.0,61,0,1.0,3,6,219900.0
1210,3,1.0,104,0,1.5,4,7,440000.0
2090,3,2.5,96,1,2.0,3,7,400000.0
1430,3,1.75,59,0,1.0,3,7,453000.0
2120,6,3.25,31,0,1.0,4,7,330000.0
2540,3,2.75,23,0,2.0,3,8,359950.0
2490,4,2.5,31,0,2.0,3,9,616000.0
670,2,1.0,54,0,1.0,5,6,245000.0
1320,2,2.0,17,0,3.0,3,7,296000.0
950,2,1.0,90,0,1.0,3,6,193000.0
1870,3,2.0,87,0,1.5,5,7,456000.0
1840,4,1.75,59,0,1.0,4,7,480000.0
1410,3,3.25,9,0,3.0,3,8,382000.0
1050,2,1.0,110,0,1.0,3,7,650000.0
1400,2,2.0,57,0,1.0,3,8,431750.0
1630,3,2.5,18,0,2.0,3,8,419900.0
1900,3,2.0,19,0,1.0,3,8,315000.0
1890,4,3.0,36,0,1.0,3,9,597500.0
2980,3,2.5,37,0,1.0,4,8,615000.0
2885,4,3.25,30,0,2.0,4,8,605000.0
1980,3,2.5,25,0,2.0,3,8,220000.0
3020,4,2.5,55,0,1.0,3,8,340000.0
2980,4,2.5,13,0,2.0,3,9,620000.0
3290,5,1.75,41,0,1.5,3,8,602000.0
1580,3,1.75,63,0,1.0,4,7,575000.0
2090,3,2.5,27,0,1.0,4,8,285000.0
1100,3,1.5,50,0,1.0,4,7,306500.0
1870,3,2.5,13,0,2.0,3,7,325000.0
2390,3,2.75,42,0,1.0,3,8,623000.0
1320,3,2.0,22,0,1.0,3,7,256500.0
3430,5,3.5,12,0,2.0,3,10,473000.0
2250,3,2.5,29,0,2.0,3,8,549000.0
1710,3,1.0,29,0,1.0,3,6,305000.0
2160,4,2.5,27,0,2.0,3,9,317000.0
1400,3,1.75,51,0,1.0,3,8,450000.0
1560,2,2.5,68,0,1.0,3,5,225000.0
2300,5,2.0,59,0,2.5,4,8,500000.0
820,2,1.0,59,0,1.0,5,6,207000.0
1630,3,1.0,66,0,1.5,3,7,474900.0
2010,3,2.5,20,0,2.0,3,8,515000.0
1540,4,1.0,93,0,1.5,4,7,542000.0
2420,4,2.75,37,0,1.0,3,8,725000.0
1690,3,2.5,12,0,2.0,3,7,314950.0
1410,3,2.0,31,0,1.0,4,6,375000.0
1640,3,1.75,25,0,1.0,3,7,500000.0
2200,3,1.75,36,0,1.0,5,8,689000.0
1290,3,2.25,8,0,2.0,3,8,525000.0
1060,3,1.5,47,0,1.0,4,7,360000.0
1240,3,1.0,66,0,1.0,4,6,425000.0
1280,2,1.0,66,0,1.0,3,7,239950.0
2330,2,2.5,100,0,2.0,3,8,577500.0
2360,3,1.75,66,0,1.0,4,8,615000.0
2210,4,2.75,17,0,1.0,4,8,516000.0
3670,4,2.75,28,0,2.0,4,10,1218000.0
3080,4,3.5,77,0,2.0,3,10,1655000.0
770,2,1.0,72,0,1.0,4,6,315000.0
2600,4,2.0,55,0,1.0,3,8,250000.0
1220,4,1.5,72,0,1.0,3,6,250000.0
2910,4,2.5,48,0,1.0,4,8,925000.0
1150,3,1.0,59,0,1.0,3,7,358000.0
1700,3,2.5,17,0,2.0,3,8,262000.0
1220,3,1.75,50,0,1.0,4,7,500000.0
1670,5,1.0,95,0,1.5,3,8,1300000.0
2420,3,1.75,30,0,2.0,3,8,500000.0
2610,3,2.25,26,0,2.0,3,9,675000.0
960,3,1.0,59,0,1.0,3,7,235000.0
960,3,1.0,60,0,1.0,3,7,545000.0
1010,3,1.0,33,0,1.0,3,6,350000.0
1550,2,2.25,6,0,2.0,3,8,320000.0
5067,5,2.5,47,0,1.0,3,9,452000.0
2350,3,2.0,92,0,1.5,4,8,875000.0
1310,3,1.5,16,0,2.0,3,7,325000.0
2160,4,2.25,67,0,1.0,5,7,756000.0
2510,4,2.5,36,0,1.0,3,8,319000.0
890,3,1.75,89,0,1.5,3,7,455000.0
1129,2,1.0,62,0,1.0,3,7,330000.0
1980,4,3.25,35,0,1.0,3,8,510000.0
2360,3,1.0,51,0,1.0,3,7,532000.0
2480,3,2.5,1,0,2.0,3,8,775000.0
2160,3,1.75,62,0,1.0,3,7,410000.0
1740,2,1.75,100,0,1.0,3,6,205000.0
2430,4,2.5,15,0,2.0,3,8,585000.0
1950,2,1.75,40,0,1.0,3,8,255000.0
910,2,1.0,110,0,1.0,3,7,415000.0
2360,4,2.0,90,0,1.0,5,6,459000.0
1130,3,1.0,49,0,1.0,3,7,354000.0
2150,3,2.5,19,0,2.0,3,8,587000.0
5270,4,3.5,10,0,2.0,3,10,782000.0
1300,3,1.5,50,0,1.0,4,7,570000.0
1050,3,1.0,74,0,1.0,3,7,414500.0
1380,4,1.0,86,0,1.0,3,7,185000.0
1610,3,1.5,53,0,1.0,4,7,262500.0
3150,4,2.75,49,0,1.0,4,9,370000.0
1520,3,1.0,61,0,1.0,3,7,362500.0
1990,3,2.5,22,0,2.0,3,9,536000.0
2500,5,2.0,94,0,1.5,3,7,425000.0
1890,3,2.25,41,0,1.0,4,7,435000.0
1840,5,2.0,72,0,1.0,4,7,435000.0
1220,2,1.0,73,0,1.0,3,7,400000.0
1370,2,1.5,6,0,2.0,3,8,446000.0
2710,3,2.5,56,0,1.0,3,10,1250000.0
1760,3,2.25,23,0,2.0,3,7,300000.0
800,2,1.0,76,0,1.0,3,7,404500.0
3530,4,2.5,29,0,2.0,4,9,910000.0
1780,3,2.25,87,0,1.5,4,9,771000.0
2610,4,2.5,5,0,2.0,3,8,335000.0
1850,3,1.75,49,0,1.0,3,7,390000.0
1560,3,2.25,52,0,1.0,4,7,288000.0
1270,3,1.75,58,0,1.0,3,7,403000.0
1420,3,2.25,8,0,3.0,3,8,510000.0
2880,6,3.0,35,0,2.0,3,7,751000.0
1420,3,1.0,65,0,1.0,3,7,408000.0
1640,3,1.0,94,0,1.5,5,6,1014250.0
1730,3,2.0,59,0,1.0,4,7,575000.0
1250,3,1.75,64,0,1.0,3,7,330000.0
1520,3,2.25,1,0,3.0,3,8,565000.0
1820,3,2.5,16,0,2.0,3,8,456000.0
2700,4,2.5,24,0,2.0,3,9,652500.0
1820,3,1.75,65,0,2.0,5,8,582000.0
2770,4,2.5,10,0,2.0,3,9,700000.0
1270,2,1.0,97,0,1.5,3,6,235000.0
1400,3,1.75,37,0,1.0,4,7,460000.0
1820,3,2.25,33,0,1.0,3,8,475000.0
1870,2,2.0,11,0,1.0,3,8,579000.0
1360,4,2.0,69,0,1.5,3,7,507000.0
1040,3,2.5,10,0,2.0,3,7,210000.0
2140,4,2.75,21,0,2.0,3,8,359500.0
1330,3,1.75,27,0,1.0,3,7,248000.0
1070,3,1.0,62,0,1.0,3,7,239300.0
1370,3,2.25,5,0,3.0,3,8,315000.0
3510,4,3.0,39,0,2.0,4,9,970000.0
1730,3,1.5,61,0,1.0,3,8,510000.0
1550,4,1.5,58,0,1.0,3,7,418000.0
3280,4,2.5,18,0,2.0,3,9,699000.0
2150,4,2.5,48,0,1.0,4,8,871000.0
1580,3,1.75,47,0,1.0,4,7,515000.0
1460,3,1.0,62,0,1.0,3,7,400000.0
1410,3,1.75,60,0,1.0,4,7,445000.0
3090,4,2.75,59,0,1.0,3,9,1110000.0
1690,3,1.5,38,0,1.0,3,7,212000.0
2870,4,2.5,35,0,2.0,3,9,710000.0
1100,4,1.0,108,0,1.0,4,7,225800.0
2310,3,1.75,31,0,1.0,3,8,520000.0
3490,5,3.75,47,0,1.0,4,10,1295000.0
2080,4,2.0,64,0,1.0,3,7,248000.0
2230,4,2.5,57,0,1.0,4,7,556000.0
1710,5,1.75,57,0,1.0,3,7,319950.0
1640,4,2.75,31,0,1.0,3,7,320000.0
1600,3,2.5,22,0,2.0,4,7,245000.0
2850,3,2.5,28,0,2.0,3,10,700000.0
2600,5,2.75,0,0,2.0,3,8,628000.0
1380,3,2.0,66,0,1.0,3,7,640000.0
1320,4,1.75,73,0,1.0,4,7,420000.0
1420,3,2.5,12,0,3.0,3,8,349950.0
2420,4,2.75,18,0,2.0,3,8,307999.0
2600,4,2.75,65,0,2.0,5,8,749950.0
840,2,1.0,95,0,1.0,4,6,290000.0
1420,3,1.75,52,0,1.0,4,7,235000.0
1790,3,1.0,77,0,1.0,3,6,225000.0
1790,3,1.0,78,0,1.0,3,6,302100.0
1340,2,1.0,76,0,1.0,3,7,520000.0
1010,2,1.0,39,0,1.0,3,7,285000.0
1640,3,2.0,33,0,1.0,3,8,525000.0
2980,5,2.75,33,0,1.0,3,8,374900.0
1370,3,2.0,88,0,1.0,3,7,377500.0
2190,3,2.25,88,0,1.5,4,8,587450.0
1530,3,2.25,36,0,1.0,3,7,245000.0
1290,3,2.0,20,0,1.0,3,7,200000.0
5150,4,3.75,17,0,2.0,3,11,2140000.0
2470,3,2.5,23,0,2.0,3,9,607000.0
1810,1,1.25,48,1,1.5,4,8,1247000.0
2230,4,2.5,34,0,1.0,4,7,549950.0
2300,3,3.0,54,0,1.0,3,7,250000.0
2030,3,2.5,23,0,2.0,4,8,525000.0
2000,3,1.75,57,0,1.0,4,8,440000.0
3610,3,2.75,97,1,1.5,3,8,425000.0
3290,5,2.5,10,0,2.0,3,8,739900.0
1300,3,2.0,21,0,1.0,3,7,315000.0
1880,5,1.0,98,0,1.5,3,6,340000.0
2170,4,2.75,20,0,2.0,3,7,366000.0
1680,3,1.75,62,0,1.0,3,7,315000.0
1190,3,1.5,55,0,1.0,4,7,299000.0
940,2,1.0,64,0,1.0,3,7,350000.0
1010,2,1.75,11,0,1.0,3,7,340000.0
1290,3,1.75,52,0,1.0,4,7,460000.0
1480,3,1.5,57,0,1.0,3,7,224000.0
900,2,1.0,74,0,1.0,2,6,140000.0
1400,4,2.0,84,0,1.5,5,6,246000.0
2040,3,2.5,20,0,2.0,3,7,330000.0
1450,3,1.0,45,0,1.0,3,7,306000.0
1210,3,1.0,65,0,1.0,3,7,324950.0
1800,2,1.5,27,0,1.0,5,7,345000.0
1490,3,1.0,60,0,1.0,4,7,207000.0
1240,3,1.0,61,0,1.5,5,6,238000.0
2632,3,2.0,15,0,2.0,3,10,695000.0
2150,3,2.5,35,0,2.0,4,9,649950.0
1710,3,2.75,68,0,1.0,3,7,515000.0
1530,3,2.5,16,0,2.0,3,7,452000.0
1630,4,2.5,11,0,2.0,3,7,236000.0
4080,4,3.5,16,0,2.0,3,12,1285000.0
2340,3,2.75,42,0,1.0,4,8,563000.0
1000,3,1.75,48,0,1.0,4,7,410988.0
3180,4,2.5,28,0,2.0,4,11,1200000.0
2170,4,2.5,23,0,2.0,3,8,340000.0
3020,4,3.25,58,0,1.0,5,9,808100.0
1330,3,1.75,16,0,1.0,3,7,236000.0
1720,4,1.75,50,0,1.0,4,8,330000.0
2540,4,3.5,105,0,2.0,5,8,799990.0
1410,3,1.0,55,0,1.0,5,7,343000.0
1530,3,2.5,21,0,1.0,3,7,332000.0
4380,5,3.5,12,0,2.0,3,11,945000.0
1140,3,1.0,71,0,1.0,5,6,239950.0
2110,5,1.75,69,0,1.5,4,7,674000.0
1050,3,1.0,47,0,1.0,4,6,200000.0
1600,3,1.75,49,0,1.0,3,8,453000.0
1430,3,1.75,64,0,1.0,3,7,330000.0
1996,4,2.5,6,0,2.0,3,7,285000.0
1530,4,1.75,66,0,1.0,5,6,338000.0
1000,2,1.0,64,0,1.0,3,6,264950.0
2530,4,2.0,61,0,1.0,5,8,880000.0
970,3,1.5,39,0,1.0,3,7,209500.0
2400,4,2.5,57,0,1.0,4,7,380000.0
1830,3,2.0,20,0,1.0,3,7,336500.0
2130,3,2.25,31,0,1.0,3,7,360000.0
3330,4,3.25,90,0,2.0,5,8,911100.0
560,2,1.0,70,0,1.0,3,6,249900.0
1210,4,1.0,52,0,1.0,3,7,175000.0
2380,3,2.5,26,0,3.0,3,9,549950.0
1370,3,1.75,69,0,1.0,4,6,225000.0
1370,3,1.75,69,0,1.0,4,6,270000.0
1740,3,2.25,34,0,2.0,3,8,400000.0
790,2,1.0,89,0,1.0,4,6,299800.0
2480,3,2.5,25,0,2.0,4,8,555000.0
1920,3,2.5,26,0,2.0,3,8,230000.0
2750,4,2.5,12,0,2.0,3,9,360000.0
880,2,1.0,104,0,1.0,3,7,415000.0
2160,4,1.75,38,0,1.0,4,9,355000.0
2570,4,2.5,18,0,2.0,3,8,635000.0
2130,5,2.75,36,0,1.0,5,7,353000.0
3150,7,4.0,57,0,1.0,3,9,999000.0
1780,3,1.5,48,0,1.0,4,7,265000.0
1910,4,1.75,56,0,1.0,4,7,250000.0
1170,2,1.0,63,0,1.0,3,7,225000.0
900,2,1.0,70,0,1.0,3,7,553000.0
2650,5,2.5,53,0,1.0,3,7,565000.0
1170,2,1.0,107,0,1.0,3,6,312000.0
2630,3,2.5,23,0,2.0,3,9,475000.0
2150,4,2.75,22,0,1.0,3,8,320000.0
1430,3,2.0,50,0,1.0,4,7,453000.0
960,3,1.0,105,0,1.0,4,6,320000.0
2640,4,2.75,68,0,1.0,3,8,610000.0
1490,3,1.5,55,0,1.0,4,8,385000.0
1210,3,1.75,31,0,1.0,4,6,215000.0
1860,4,1.5,94,0,1.5,5,8,215000.0
1980,3,2.5,11,0,2.0,3,7,415000.0
900,1,1.0,67,0,1.0,3,6,350000.0
900,1,1.0,68,0,1.0,3,6,395000.0
1490,2,1.75,51,0,1.0,4,7,898000.0
2980,3,2.5,8,0,2.0,3,8,480000.0
2660,3,2.5,7,0,3.0,3,9,1240000.0
2790,4,2.5,25,0,2.0,3,8,599000.0
2800,4,3.0,16,0,2.0,3,9,770000.0
1590,3,2.25,35,0,2.0,4,8,1208000.0
3240,4,2.25,62,0,1.0,4,9,1590000.0
2130,3,2.0,25,0,1.0,4,8,880000.0
1510,3,2.0,72,0,1.0,3,6,332000.0
1750,3,1.75,48,0,1.0,3,7,445000.0
4010,4,2.75,10,0,2.0,3,10,849000.0
1650,4,1.5,111,0,1.5,3,7,752000.0
4050,9,7.5,18,0,2.0,3,7,450000.0
1320,3,1.0,59,0,1.0,3,7,420000.0
2310,4,2.5,18,0,2.0,3,8,330000.0
1440,3,1.75,42,0,1.0,4,8,409000.0
2330,5,1.75,46,0,1.0,4,7,350000.0
2430,4,2.5,21,0,1.0,3,8,570000.0
1390,3,1.0,32,0,1.0,3,7,315000.0
1150,2,1.0,84,0,1.0,3,6,224000.0
2120,4,1.75,49,0,1.0,3,7,293550.0
2300,4,2.75,48,0,1.5,3,6,350000.0
3320,4,2.5,26,0,2.0,3,10,1108000.0
2400,4,2.5,18,0,2.0,3,7,442500.0
3580,3,2.5,22,0,1.0,3,9,616500.0
2100,3,2.5,25,0,1.0,3,8,506400.0
1550,3,2.25,13,0,2.0,3,7,324000.0
1570,3,1.5,83,0,1.5,4,6,169000.0
1480,3,2.0,86,0,1.0,4,7,595000.0
2720,3,2.5,12,0,2.0,3,7,299900.0
2270,3,2.25,37,0,1.0,3,7,332000.0
2410,4,1.75,36,0,1.0,3,7,432000.0
2730,4,2.75,18,0,1.0,3,9,510000.0
1540,3,2.5,29,0,2.0,4,7,270000.0
3120,5,2.5,29,0,2.0,3,11,750000.0
1480,2,1.5,100,0,1.0,3,7,509250.0
860,3,1.0,46,0,1.0,5,6,189000.0
2180,4,2.5,15,0,2.0,3,8,726500.0
1300,3,2.0,81,0,1.5,5,7,287000.0
3420,4,3.5,10,0,2.0,3,9,679000.0
2130,3,2.25,27,0,1.0,3,8,316000.0
2300,4,2.5,23,0,2.0,4,8,498000.0
2560,4,1.75,35,0,1.0,3,7,448000.0
1040,2,1.0,63,0,1.0,3,7,535000.0
3080,4,3.0,25,0,2.0,3,10,560000.0
2670,4,2.25,39,0,1.0,4,8,437850.0
3270,4,2.75,31,0,2.0,4,8,435000.0
2610,4,2.5,16,0,2.0,3,8,510000.0
2460,3,2.5,34,0,2.0,4,8,520000.0
1930,2,1.5,25,0,2.0,3,8,509000.0
1220,3,1.0,110,0,1.0,3,6,575000.0
2030,4,2.5,46,0,1.0,5,7,365000.0
2420,3,2.0,35,0,1.0,5,9,795000.0
1870,3,2.5,9,0,2.0,3,7,285000.0
3020,3,2.25,45,0,2.0,3,10,955000.0
2880,4,2.5,59,0,2.0,3,8,775000.0
1810,4,3.0,17,0,2.0,4,7,400000.0
2590,4,2.5,23,0,2.0,3,9,570000.0
3830,5,3.25,0,0,2.0,3,9,955990.0
3250,3,2.25,8,0,1.0,3,10,1150000.0
2760,4,2.0,36,0,1.0,4,9,459950.0
1220,2,1.75,73,0,1.0,3,6,245000.0
1280,3,1.5,11,0,3.0,3,7,281000.0
770,3,0.75,72,0,1.0,3,4,205000.0
1520,3,1.75,46,0,1.0,4,7,290000.0
2080,4,2.5,61,0,1.0,5,8,635000.0
570,1,1.0,96,0,1.0,2,5,310000.0
1500,4,2.0,109,0,1.0,3,7,470000.0
2510,2,2.5,24,0,2.0,3,10,600000.0
1980,4,2.0,45,0,1.0,3,7,279000.0
2500,3,3.5,14,0,2.0,3,8,538500.0
2720,4,2.5,25,0,2.0,3,9,594950.0
910,2,1.0,61,0,1.0,3,5,533050.0
1480,3,1.75,40,0,1.0,3,7,510000.0
2470,4,2.25,40,0,1.0,4,7,360000.0
1650,2,1.0,54,0,1.0,3,7,435000.0
1700,3,1.75,48,0,1.0,3,8,559000.0
1995,2,1.5,23,0,1.5,4,8,645000.0
1280,2,1.0,95,0,1.0,4,6,340000.0
2980,4,2.5,14,0,2.0,3,9,565000.0
1730,3,1.75,74,0,1.0,3,7,575700.0
2420,3,3.25,8,0,2.0,3,10,1010000.0
2800,3,2.0,18,0,1.0,3,8,540500.0
1400,5,4.0,60,0,1.0,5,7,265000.0
2070,4,2.0,73,0,1.0,5,7,699950.0
750,1,1.75,68,0,1.0,4,4,355000.0
1460,3,1.5,60,0,1.0,3,7,381000.0
2140,5,2.25,53,0,1.0,3,8,564000.0
740,2,1.0,72,0,1.0,3,6,114975.0
410,1,0.75,62,0,1.0,2,4,325000.0
1570,2,1.0,61,0,1.0,4,7,299990.0
2860,5,2.75,9,0,2.0,3,9,751000.0
1400,3,2.25,30,0,2.0,3,8,425000.0
2700,3,1.75,68,0,1.0,3,8,665000.0
4460,5,4.0,19,0,2.0,3,9,833450.0
2670,7,1.5,66,0,1.5,4,8,575000.0
1520,3,1.75,47,0,1.0,4,7,190000.0
1520,3,1.75,48,0,1.0,4,7,314950.0
1660,2,2.0,108,0,1.0,5,7,601150.0
860,2,1.0,66,0,1.0,3,7,315000.0
2340,2,1.5,61,0,1.0,4,7,545000.0
2110,4,2.25,35,0,2.0,4,8,565000.0
1010,3,1.0,60,0,1.0,3,7,175000.0
2330,3,2.0,27,0,2.5,3,8,530000.0
1610,3,1.75,54,0,1.0,4,8,430000.0
1460,3,1.75,33,0,1.0,4,7,225000.0
2900,5,4.0,77,0,2.0,4,7,312000.0
1260,3,1.0,64,0,1.0,3,7,380000.0
1210,2,1.0,62,0,1.0,3,7,222200.0
3420,5,3.5,8,0,2.0,3,10,1438890.0
2120,4,2.5,12,0,2.0,3,7,329950.0
2460,3,2.5,22,0,1.0,3,10,995000.0
3790,3,3.5,21,0,2.0,3,11,929950.0
2350,4,2.5,28,0,1.0,3,10,692000.0
620,2,1.0,103,0,1.0,5,6,402000.0
1920,3,1.75,52,0,1.0,4,7,510000.0
1050,3,1.0,55,0,1.0,4,7,249000.0
1360,3,1.5,48,0,1.0,4,7,244900.0
1180,3,1.0,71,0,1.0,3,6,289900.0
1560,4,1.0,76,0,1.0,4,7,552500.0
3300,4,2.5,30,0,2.0,3,8,760000.0
1100,2,2.75,8,0,2.0,3,7,440000.0
1770,3,1.75,60,0,1.0,3,7,286000.0
1200,3,1.0,64,0,1.0,3,6,260000.0
1330,2,2.25,29,0,2.0,3,8,355000.0
1570,3,1.75,56,0,1.0,4,8,318000.0
1610,2,1.0,62,0,1.0,3,7,255000.0
1100,3,1.0,36,0,1.0,3,7,139000.0
1810,4,2.25,39,0,2.0,5,7,485000.0
2930,3,1.75,19,0,2.0,3,8,549950.0
1780,3,1.5,98,0,1.5,4,8,588000.0
3050,3,2.5,64,0,1.5,5,8,975000.0
1540,3,2.0,9,0,2.0,3,8,402000.0
1380,3,1.0,56,0,1.0,3,7,245000.0
1890,3,1.75,38,0,1.5,3,8,445000.0
1570,3,1.75,23,0,1.0,3,7,195000.0
2540,5,2.0,53,0,1.0,3,7,385000.0
1520,3,1.5,59,0,1.0,4,7,450000.0
2780,4,2.5,10,0,2.0,3,9,1090000.0
1730,2,1.0,69,0,2.0,4,6,396675.0
2340,5,2.25,63,0,1.0,3,7,242000.0
1300,3,1.75,71,0,1.0,4,6,380000.0
1420,2,1.0,73,0,2.0,4,7,496000.0
1470,3,2.5,34,0,2.0,5,7,399950.0
2850,4,2.5,17,0,2.0,3,9,895000.0
2360,3,2.0,88,0,2.0,3,8,690000.0
1610,3,1.5,87,0,2.0,3,7,270000.0
2420,3,2.0,65,0,1.0,5,7,349900.0
1470,3,2.5,11,0,2.0,3,8,454280.0
1410,3,2.5,23,0,1.0,3,6,390000.0
1840,3,1.75,32,0,1.0,3,8,275000.0
2450,4,2.5,25,0,2.0,3,8,300000.0
1500,3,1.75,75,0,1.0,5,7,700000.0
2080,3,1.75,64,0,1.0,3,7,520000.0
2770,3,2.5,28,0,2.0,3,9,715000.0
2370,3,2.5,9,0,2.0,3,8,404000.0
3000,3,2.0,16,0,2.0,3,7,490500.0
4430,6,2.75,51,0,2.0,3,10,1485000.0
1550,4,1.75,71,0,1.0,5,7,557800.0
2290,4,2.25,56,0,1.0,4,8,571000.0
2560,4,2.5,8,0,2.0,3,9,410000.0
1240,3,1.5,44,0,1.0,4,7,225000.0
2590,4,2.5,10,0,2.0,3,9,700000.0
1370,3,1.0,110,0,1.5,3,7,500000.0
1360,2,2.0,90,0,1.0,4,7,536500.0
2060,3,2.5,35,0,1.0,4,8,330000.0
1120,3,1.75,39,0,1.0,5,7,249950.0
1630,4,1.75,71,0,1.5,5,7,249000.0
1590,3,1.75,106,0,1.5,5,6,249000.0
2480,4,1.75,64,0,1.0,3,7,780000.0
2700,4,2.5,10,0,2.0,3,9,1200000.0
1930,3,1.75,39,0,1.0,3,7,434500.0
2490,4,2.0,12,0,1.0,3,8,590000.0
1000,2,1.0,105,0,1.0,3,6,417200.0
2130,4,2.25,38,0,2.0,3,9,649990.0
1060,2,1.0,88,0,1.0,4,7,506000.0
1730,3,2.5,16,0,2.0,3,7,348000.0
2810,4,2.5,16,0,2.0,3,9,301000.0
880,2,1.0,74,0,1.0,3,7,427550.0
1040,3,1.0,64,0,1.5,3,7,361000.0
1830,2,2.5,68,0,1.0,5,7,460000.0
1800,4,3.5,30,0,2.0,3,8,958000.0
2460,5,1.75,103,0,1.5,5,7,445000.0
1670,3,2.5,15,0,2.0,3,7,373000.0
2660,4,2.25,38,0,1.0,4,8,525000.0
2850,3,2.5,17,0,2.0,3,9,364988.0
820,2,1.0,73,0,1.0,4,7,324000.0
2350,4,3.0,55,0,1.0,5,8,625000.0
1480,3,1.75,34,0,1.0,3,7,237500.0
2930,6,2.25,49,0,1.0,4,8,429300.0
1250,3,1.0,65,0,1.0,2,7,155000.0
2760,4,2.75,75,0,1.5,4,8,614000.0
2380,3,2.5,1,0,2.0,3,9,650000.0
1730,3,2.0,28,0,1.0,4,7,625000.0
1670,3,2.25,54,0,1.0,4,8,587100.0
2150,4,2.5,23,0,2.0,3,8,380000.0
930,2,1.0,98,0,1.0,3,6,479500.0
620,1,1.0,115,0,1.0,3,6,382888.0
1960,4,4.25,74,0,2.0,3,7,540000.0
2550,4,2.75,42,0,1.0,3,8,691000.0
1990,3,2.0,102,0,1.0,5,7,760500.0
3550,4,2.5,9,0,2.0,3,9,685000.0
860,3,1.0,59,0,1.0,4,6,199129.0
2031,3,3.0,26,0,2.0,3,9,335000.0
1590,3,2.0,40,0,1.0,4,8,305100.0
3010,4,2.25,56,0,1.0,4,9,830000.0
2610,3,2.5,22,0,2.0,3,10,810000.0
1440,3,2.25,27,0,1.0,3,8,500000.0
1920,3,1.75,67,0,1.0,4,7,490000.0
1670,2,1.75,102,0,2.0,3,7,490000.0
1390,4,1.75,54,0,1.0,4,7,272000.0
2140,3,2.25,35,0,2.0,4,7,280000.0
1250,3,1.0,59,0,1.5,3,7,233000.0
1080,3,1.0,62,0,1.0,4,7,275000.0
2760,3,3.25,23,0,2.0,3,9,375000.0
2180,3,2.75,10,0,2.0,3,8,445000.0
1260,3,2.5,12,0,3.0,3,8,437500.0
1610,4,1.0,110,0,1.5,4,7,426250.0
2450,3,1.5,47,0,1.0,4,7,358000.0
4150,4,3.5,11,0,2.0,3,11,1175000.0
960,2,1.0,76,0,1.0,3,5,305000.0
1340,2,1.75,10,0,1.0,3,8,415000.0
3080,4,3.5,11,0,2.0,3,9,733000.0
1130,3,1.0,61,0,1.0,4,7,411500.0
2280,3,1.75,105,0,1.5,4,6,540000.0
1952,3,1.5,55,0,1.0,4,7,270500.0
1280,2,1.5,17,0,2.0,3,8,422250.0
3690,5,3.25,37,0,2.0,5,9,655000.0
4610,5,3.25,8,0,2.0,3,11,1200000.0
2920,3,2.5,24,0,2.5,3,9,550000.0
1230,2,2.25,10,0,2.0,3,8,460000.0
1580,4,1.5,70,0,1.0,3,6,159075.0
1220,2,1.0,106,0,1.5,4,6,470000.0
1020,2,1.0,75,0,1.0,3,6,235000.0
1510,2,1.5,53,0,1.0,4,7,309950.0
1830,4,1.75,48,0,1.0,4,7,433000.0
2750,3,2.5,48,0,1.0,3,8,895000.0
1860,3,1.5,47,0,1.0,4,7,291000.0
2720,3,2.5,27,0,2.0,3,9,835000.0
1360,2,1.0,79,0,1.0,3,7,640000.0
2340,3,2.25,50,0,1.0,3,8,438000.0
2600,4,2.5,9,0,2.0,3,8,540000.0
2090,4,2.5,22,0,1.0,3,7,325000.0
2260,4,1.75,91,0,1.5,5,7,380000.0
1390,2,1.0,67,0,1.0,3,7,510000.0
2300,4,2.5,10,0,2.0,3,8,380000.0
2810,4,2.5,41,0,1.0,4,8,825000.0
4060,4,3.25,18,0,2.0,4,9,880000.0
2790,3,3.0,82,1,2.0,4,10,1800000.0
1290,3,1.0,85,0,1.5,3,7,790000.0
720,2,1.5,72,0,1.0,4,6,287000.0
2130,3,3.0,101,0,1.5,3,7,509000.0
1750,3,2.25,49,0,1.0,3,7,270000.0
960,3,2.0,65,0,1.0,3,6,210000.0
1570,3,1.0,84,0,1.5,5,8,415000.0
3070,3,2.5,29,0,1.0,5,9,550000.0
2920,4,2.5,57,0,1.0,3,10,1250000.0
1870,3,1.0,59,0,1.0,3,7,499950.0
1540,3,1.5,107,0,2.0,3,8,659000.0
1440,2,1.5,25,0,2.0,3,7,265000.0
2810,4,3.75,20,0,2.0,4,8,492000.0
2450,4,2.5,56,0,1.0,3,8,715000.0
1330,2,1.0,90,0,1.5,3,6,175000.0
3130,4,3.5,3,0,2.0,3,9,975000.0
730,1,1.0,69,0,1.0,4,5,306950.0
2480,4,2.0,99,0,1.5,4,7,630000.0
1270,3,1.0,46,0,1.0,5,7,367500.0
2230,3,3.25,38,0,1.0,4,8,699950.0
2880,3,3.0,106,0,2.0,3,9,1000000.0
2434,4,2.5,7,0,2.0,3,8,285000.0
1120,2,1.5,11,0,2.0,3,7,215000.0
4080,4,2.5,14,0,2.0,3,11,1050000.0
3720,4,2.75,52,0,1.0,5,10,1370000.0
1430,3,1.0,85,0,1.5,4,6,235000.0
1560,3,2.0,92,0,1.0,3,7,604000.0
1700,3,1.75,67,0,1.0,3,8,750000.0
2510,4,2.25,47,0,1.0,4,9,800000.0
2600,5,2.0,101,0,1.5,4,6,580000.0
790,1,1.0,103,0,1.0,3,6,350000.0
1710,4,2.0,58,0,2.0,3,7,353750.0
2660,5,2.75,45,0,1.0,5,8,1100000.0
1470,4,2.0,52,0,1.0,4,7,465000.0
2350,3,2.0,85,0,1.5,3,8,568000.0
2440,5,2.0,104,0,2.0,4,8,1005000.0
1150,3,1.5,53,0,1.0,3,7,213500.0
1510,3,2.5,38,0,1.0,2,7,250000.0
870,2,1.0,72,0,1.0,4,7,357000.0
1280,2,2.0,96,0,2.0,4,8,425000.0
2600,3,2.5,26,0,2.0,3,9,571000.0
2030,3,2.25,37,0,1.0,4,7,588000.0
1930,4,1.5,35,0,2.0,3,7,275000.0
3210,3,2.75,17,0,2.0,3,10,565000.0
1970,3,1.75,54,0,1.0,4,7,460000.0
4060,4,2.5,37,0,1.0,3,9,603500.0
3316,3,2.5,28,0,2.0,3,9,490600.0
1460,2,2.0,114,0,1.0,5,6,1010000.0
2100,4,2.0,42,0,1.0,4,7,500000.0
1830,4,2.25,24,0,2.0,3,7,249000.0
1530,3,2.0,44,0,1.0,4,7,235000.0
1490,4,2.0,73,0,1.0,4,6,410000.0
860,2,1.0,62,0,1.0,3,7,370000.0
2130,5,2.5,46,0,1.0,3,7,360000.0
3580,5,2.25,48,0,2.0,5,9,1406890.0
2420,4,2.5,11,0,2.0,3,8,298000.0
1900,4,2.25,37,0,1.0,3,8,485000.0
1330,3,1.75,54,0,1.0,3,7,400000.0
2150,3,2.5,11,0,2.0,3,8,580000.0
1370,2,2.5,5,0,2.0,3,8,355000.0
2430,3,2.5,22,0,2.0,3,9,650000.0
1640,4,1.0,71,0,1.0,4,6,261490.0
1010,3,1.0,46,0,1.0,3,7,347000.0
1500,3,1.0,88,0,1.5,3,7,485000.0
1740,3,2.5,2,0,2.0,3,9,601000.0
2090,3,3.25,26,0,1.0,3,8,380000.0
1850,3,3.0,38,0,2.0,3,9,565000.0
2790,3,2.5,22,0,2.0,3,9,750000.0
1480,3,2.25,40,0,1.0,3,7,291000.0
2280,3,2.5,27,0,2.0,4,9,560000.0
3180,4,2.25,31,0,2.0,3,10,725000.0
2350,3,2.0,21,0,1.0,3,7,539000.0
3910,5,3.25,14,0,2.0,3,9,470000.0
770,2,1.0,68,0,1.0,3,6,264950.0
1780,4,1.5,115,0,2.0,4,6,200000.0
2300,5,2.5,47,0,1.0,5,7,453500.0
2510,2,2.5,71,0,2.0,3,9,811000.0
1410,3,3.25,9,0,3.0,3,8,425000.0
4250,4,2.25,40,0,1.0,4,9,1530000.0
2560,4,2.75,34,0,1.0,3,8,562000.0
1760,3,2.5,22,0,2.0,3,8,281000.0
2100,3,2.25,35,0,2.0,3,8,270000.0
1490,3,1.0,51,0,1.0,4,6,205950.0
870,2,1.0,64,0,1.0,3,6,310000.0
1260,3,1.75,12,0,2.0,3,8,350000.0
2630,4,2.0,61,0,2.0,4,8,843500.0
1950,4,2.0,107,0,1.0,4,6,370000.0
2200,4,2.0,35,0,1.0,3,7,279000.0
1600,3,1.75,55,0,1.0,4,7,408000.0
1230,3,1.0,63,0,1.0,3,7,392000.0
1030,2,1.0,97,0,1.0,5,6,455000.0
1040,2,1.5,49,0,1.0,4,7,310000.0
2240,3,3.0,71,0,2.0,3,7,323500.0
1600,3,1.0,70,0,1.0,3,6,364500.0
2190,4,2.0,37,0,1.0,4,7,280000.0
1899,3,1.75,71,0,2.0,3,7,289900.0
1870,3,1.0,87,0,1.5,4,7,585000.0
1730,3,2.5,24,0,1.0,4,7,269000.0
1860,3,2.25,20,0,2.0,3,7,280000.0
1940,3,1.75,50,0,1.0,3,7,287000.0
670,2,1.0,88,0,1.0,3,6,183000.0
1820,3,1.0,53,0,1.0,3,7,309000.0
3810,4,2.5,11,0,2.0,3,10,920000.0
2060,5,2.25,107,0,2.5,3,8,815241.0
1520,3,1.75,39,0,1.0,3,7,405000.0
3450,5,3.5,14,0,2.0,3,9,525000.0
830,2,1.0,71,0,1.0,3,6,150000.0
1880,4,1.75,68,0,1.0,5,7,240000.0
2200,4,2.25,94,0,1.5,5,7,698000.0
1800,3,2.0,33,0,1.0,4,8,440000.0
1200,3,1.0,79,0,1.5,3,6,204000.0
2220,3,2.0,67,0,1.0,4,7,875000.0
1380,3,1.5,54,0,1.0,5,7,650000.0
1660,3,1.0,68,0,1.0,4,7,392500.0
2320,4,1.0,93,0,1.5,3,6,400000.0
2800,3,2.25,44,0,1.0,4,8,653000.0
1210,4,1.0,114,0,1.5,3,6,452000.0
2331,4,2.5,7,0,2.0,3,8,345000.0
1820,4,1.75,62,0,1.0,4,7,350000.0
2860,4,2.5,10,0,2.0,3,8,650000.0
2750,5,3.0,88,0,1.5,5,7,525000.0
2750,5,3.0,89,0,1.5,5,7,840000.0
2280,3,2.5,88,0,2.0,4,9,1325000.0
1610,4,2.0,26,0,1.0,3,7,259950.0
3760,5,3.5,46,0,2.0,3,10,998000.0
2940,3,3.0,26,0,2.0,4,9,1070000.0
4460,4,3.0,59,0,2.0,3,10,1910000.0
1110,3,1.5,8,0,2.0,3,8,190500.0
2560,3,2.25,37,0,1.0,4,9,465000.0
1060,3,1.0,109,0,1.0,4,6,370000.0
2810,6,4.5,56,0,1.0,3,8,290000.0
1380,3,1.75,64,0,1.0,2,7,350000.0
1380,3,1.75,65,0,1.0,2,7,740000.0
2560,3,1.75,55,0,1.0,3,7,460000.0
1010,3,1.0,42,0,1.0,4,7,290000.0
1790,3,1.5,27,0,2.0,3,7,475000.0
1600,3,2.5,11,0,2.0,3,7,214000.0
910,2,1.0,64,0,1.0,3,6,455000.0
2497,3,2.5,7,0,2.0,3,8,275000.0
1800,3,1.5,48,0,1.0,4,7,305000.0
2570,5,2.5,34,0,1.0,4,7,449000.0
1320,3,2.5,96,0,1.0,3,6,366000.0
1670,3,2.5,12,0,2.0,3,7,348000.0
2800,4,2.5,11,0,2.0,3,8,515000.0
3360,4,2.5,26,0,2.0,3,9,950000.0
2590,3,2.5,23,0,2.0,4,8,815000.0
1530,3,3.0,22,0,2.0,3,8,199950.0
1330,3,2.0,45,0,1.0,4,7,386000.0
2160,3,2.25,24,0,2.0,3,8,273000.0
1830,4,2.5,21,0,2.0,3,8,284000.0
1470,3,1.0,64,0,1.0,3,7,399950.0
1150,3,1.75,88,0,1.0,3,5,285000.0
1790,3,2.5,11,0,2.0,3,7,315000.0
1700,3,1.0,54,0,1.0,3,7,250000.0
1630,4,2.0,48,0,1.5,3,7,290000.0
3420,4,2.5,26,0,2.0,3,9,725000.0
1650,3,2.0,31,0,1.5,3,7,410000.0
2810,4,2.5,26,0,1.5,4,9,855000.0
2710,4,2.5,20,0,2.0,3,8,399900.0
3320,4,2.5,37,0,2.0,5,9,852600.0
720,2,1.0,74,0,1.0,3,6,235000.0
930,2,1.0,102,0,1.0,4,6,230950.0
1490,3,2.25,18,0,2.0,3,7,230000.0
1690,3,2.5,0,0,2.0,3,8,404763.0
1720,3,2.5,22,0,2.0,3,7,245000.0
1140,3,1.5,51,0,1.0,4,7,188000.0
2280,4,2.5,27,0,2.0,4,8,626100.0
1100,3,1.0,86,0,1.0,4,7,428750.0
1800,4,2.25,34,0,1.0,4,8,522000.0
2500,4,2.5,27,0,2.0,4,8,684000.0
2950,3,2.25,32,0,1.0,3,8,1065500.0
1940,1,1.0,52,0,1.0,3,8,611206.0
1280,2,1.0,72,0,1.0,4,7,350000.0
3800,4,2.5,22,0,2.0,3,9,894000.0
930,2,1.0,61,0,1.0,4,7,420000.0
1930,5,2.0,52,0,1.0,4,7,400000.0
2980,3,3.0,33,0,1.0,3,10,675000.0
2800,4,2.5,10,0,2.0,3,8,426000.0
3190,4,2.25,30,0,2.0,3,10,750000.0
1710,3,1.75,56,0,1.0,4,7,368000.0
1980,3,1.0,65,0,1.0,4,6,342000.0
1910,3,1.75,55,0,1.0,3,7,700000.0
3160,6,3.75,25,0,2.0,3,8,848750.0
1590,3,2.0,76,0,1.0,3,7,720000.0
1890,4,2.25,47,0,1.0,3,8,525000.0
2500,3,2.75,15,0,1.0,3,7,397900.0
1740,3,2.0,25,0,1.0,3,7,405000.0
1080,3,2.0,29,0,1.0,5,7,392800.0
1730,3,1.5,57,0,1.0,3,7,394999.0
2480,3,2.5,10,0,2.0,3,7,340000.0
1450,3,2.25,9,0,2.0,3,7,482500.0
2750,4,2.5,23,0,2.0,3,10,812500.0
2820,3,2.5,60,0,1.0,4,8,450000.0
1830,3,1.75,60,0,1.0,3,7,398000.0
1550,2,3.25,9,1,3.0,3,8,1075000.0
1640,2,2.0,55,0,1.0,3,7,540000.0
1720,4,2.0,91,0,1.0,3,6,275000.0
2880,5,2.0,93,0,2.0,3,8,780000.0
1220,3,1.5,83,0,1.5,3,7,225000.0
1560,3,3.0,5,0,2.0,3,9,503045.0
1090,2,2.0,24,0,2.0,3,7,249000.0
1140,4,1.0,98,0,1.0,3,7,569950.0
1040,2,2.25,12,0,2.0,3,8,450000.0
2580,4,2.0,64,0,1.0,5,9,1099500.0
2310,4,2.5,87,0,1.5,3,7,700000.0
1590,3,2.5,23,0,2.0,3,7,454000.0
1270,3,1.75,46,0,1.0,3,7,555000.0
1240,3,1.5,45,0,1.0,5,6,214000.0
2210,3,2.5,26,0,2.0,3,8,590000.0
2340,3,1.75,36,0,1.5,3,8,459900.0
1420,3,1.5,28,0,1.0,3,7,205000.0
1430,3,1.75,35,0,1.0,4,7,390000.0
2470,3,2.75,54,0,2.0,3,8,970500.0
2390,3,2.5,15,0,2.0,3,8,790000.0
1120,3,1.0,45,0,1.0,4,7,320000.0
2700,3,2.25,107,0,2.0,4,8,552500.0
3490,3,3.0,90,0,2.5,3,9,1050000.0
1640,3,1.0,48,0,1.0,3,7,230000.0
1620,3,1.75,64,0,1.0,3,7,680000.0
1670,3,1.75,102,0,2.0,5,8,985000.0
1870,4,2.5,24,0,2.0,3,8,375000.0
1300,2,1.5,115,0,1.5,4,6,431000.0
2190,3,2.5,23,0,2.0,3,8,463000.0
1320,3,1.75,48,0,1.0,3,7,350000.0
1250,3,1.0,51,0,1.0,3,7,485000.0
2040,4,1.75,47,0,1.0,4,7,355000.0
2140,3,1.75,105,0,1.0,3,7,603500.0
2510,5,1.75,94,0,1.5,5,8,860000.0
2200,5,2.5,19,0,2.0,3,7,259875.0
2170,4,2.5,55,0,1.0,3,7,685000.0
2980,4,2.5,11,0,2.0,3,8,382500.0
1180,3,1.0,113,0,1.5,3,7,490000.0
1540,3,2.0,62,0,1.0,4,6,229000.0
1540,3,2.0,62,0,1.0,4,6,430000.0
3110,5,2.5,40,0,1.0,3,8,580000.0
1370,3,1.75,74,0,1.0,3,8,510000.0
2440,5,2.25,39,0,1.5,4,8,489990.0
1760,3,2.25,31,0,2.0,3,7,440000.0
2810,3,2.5,9,0,1.0,3,9,479950.0
2500,4,2.5,17,0,1.0,3,10,806000.0
3220,4,2.5,18,0,2.0,3,10,875000.0
2880,3,2.5,22,0,2.0,3,10,710800.0
2700,3,2.5,11,0,2.0,3,8,565000.0
2680,5,3.0,20,0,2.0,3,7,359999.0
1780,3,1.75,93,0,1.0,4,7,625000.0
2240,3,2.5,15,0,2.0,3,8,349950.0
1610,4,2.0,47,0,1.0,5,7,415000.0
1440,2,2.0,10,0,2.0,3,9,435000.0
1550,3,1.75,66,0,2.0,3,7,225000.0
1720,3,1.75,60,0,1.0,3,9,770000.0
1740,3,1.75,56,0,1.0,3,7,340000.0
3280,5,2.75,34,0,1.0,4,9,965000.0
2216,3,2.75,47,0,1.0,3,9,667000.0
1100,1,1.0,67,0,1.0,2,6,250000.0
1180,3,1.0,66,0,1.0,4,7,397990.0
2020,3,1.75,62,0,1.0,5,7,535000.0
1150,3,1.5,63,0,1.0,4,6,265950.0
2090,3,1.75,28,0,1.0,3,6,258000.0
1300,3,2.5,9,0,3.0,3,8,505500.0
2240,5,2.5,36,0,1.0,3,7,455000.0
3540,5,3.25,9,0,1.0,3,10,1348000.0
2840,4,2.25,57,0,1.0,3,8,600000.0
2080,4,2.5,19,0,2.0,3,8,329800.0
1550,2,1.0,68,0,1.0,3,6,222000.0
1900,4,2.5,53,0,1.0,3,7,450000.0
2760,3,3.5,10,0,2.0,3,9,952000.0
1410,4,2.0,87,0,1.5,3,8,625000.0
1240,2,1.0,55,0,1.0,4,7,226800.0
4420,5,4.25,14,0,2.0,3,11,1205000.0
3390,4,2.75,53,0,1.0,4,7,350000.0
1400,3,1.75,53,0,1.0,3,7,395000.0
2110,5,3.0,12,0,2.0,3,7,285000.0
1310,3,1.0,67,0,1.0,3,7,553000.0
1270,3,1.0,58,0,1.0,4,7,254000.0
2060,2,1.5,90,0,1.0,3,6,348140.0
2530,4,2.75,37,0,1.0,5,8,354950.0
1900,3,2.75,72,0,1.0,5,7,706000.0
2910,4,2.5,8,0,2.0,3,7,499000.0
1900,3,1.5,43,0,1.5,4,7,427500.0
2880,5,3.5,24,0,2.0,3,8,439000.0
2820,4,2.5,16,0,2.0,3,9,545000.0
1620,3,1.0,94,0,1.5,3,7,842000.0
3320,4,2.5,17,0,2.0,3,9,685000.0
3770,4,3.5,11,0,2.0,3,9,665000.0
1200,2,1.0,97,0,1.0,5,6,255000.0
2130,5,2.25,55,0,1.0,3,8,565000.0
1950,5,1.75,53,0,1.0,3,7,274000.0
1920,3,2.0,45,0,1.0,4,7,260000.0
2510,4,2.0,53,0,1.0,4,7,581000.0
1990,3,1.5,88,1,1.5,4,7,625000.0
1230,3,1.0,45,0,1.0,5,7,220000.0
3190,3,2.25,32,0,2.0,3,9,765000.0
5720,6,4.25,10,0,2.0,3,10,1325000.0
2280,8,2.5,104,0,1.5,3,7,700000.0
1550,4,1.0,55,0,1.0,4,6,351000.0
1690,3,2.5,0,0,2.0,3,8,413565.0
1651,3,3.25,6,0,2.0,3,8,363000.0
2260,4,1.75,53,0,1.0,4,8,679000.0
1510,2,1.75,9,0,1.0,3,8,473000.0
1490,3,2.0,49,0,1.0,4,7,585888.0
2220,4,2.5,13,0,2.0,3,7,405000.0
2800,3,1.75,50,1,1.0,3,8,650000.0
2210,4,2.5,40,0,1.0,4,7,415000.0
2150,3,2.0,63,0,1.0,3,8,575000.0
1400,3,2.25,29,0,1.0,3,7,220000.0
2450,4,3.0,47,0,1.0,5,8,610000.0
980,3,1.0,73,0,1.0,3,7,499950.0
2800,4,2.5,25,0,2.0,3,9,883000.0
1240,2,1.0,89,0,1.5,3,7,436000.0
1610,3,2.5,7,0,2.0,3,8,320000.0
1510,3,1.75,25,0,1.0,3,7,425000.0
1670,4,2.0,47,0,1.0,3,7,204700.0
2320,6,3.0,27,0,1.0,4,7,384000.0
1900,3,2.75,31,0,2.0,4,7,314000.0
2390,3,2.5,12,0,2.0,3,9,535000.0
2110,4,1.75,35,0,1.0,4,8,568000.0
1470,4,1.5,42,0,1.0,4,7,426000.0
2670,4,2.75,106,0,2.0,5,8,675000.0
2540,4,2.5,14,0,2.0,3,8,380000.0
3450,3,2.5,87,0,3.0,4,8,685000.0
1700,3,2.0,23,0,1.0,3,7,429000.0
1810,4,1.5,47,0,1.0,3,7,799000.0
1550,5,1.75,36,0,1.0,3,7,318500.0
4110,3,3.25,13,0,2.0,3,9,925000.0
2080,3,1.5,52,0,1.0,3,7,420000.0
1100,2,1.0,108,0,1.0,3,7,570000.0
3950,4,2.75,54,0,2.0,5,8,1052500.0
1250,3,1.0,60,0,1.0,4,7,333000.0
2620,2,1.75,84,1,2.0,3,8,1360000.0
2290,3,2.5,61,0,3.0,4,9,660000.0
3500,6,4.5,34,0,2.0,3,7,350000.0
3500,6,4.5,35,0,2.0,3,7,682500.0
1690,5,2.75,71,0,1.0,5,7,399990.0
4500,5,3.25,46,0,2.0,4,8,860000.0
1120,2,1.0,66,0,1.0,3,6,216180.0
1740,4,2.25,25,0,2.0,5,8,300000.0
1010,3,1.0,54,0,1.0,3,7,145000.0
1010,3,1.0,55,0,1.0,3,7,255000.0
1200,3,1.75,30,0,1.0,3,6,250000.0
1020,3,1.0,36,0,1.0,3,7,245000.0
1850,3,1.75,35,0,2.5,4,8,445000.0
1830,3,1.5,57,0,1.0,4,7,562000.0
2070,4,1.0,51,0,1.0,3,7,501000.0
1160,3,1.75,97,0,1.0,4,6,190000.0
3280,4,2.75,18,0,2.0,3,10,862500.0
2340,5,2.5,92,0,2.0,4,10,1085000.0
3690,5,3.0,54,0,1.0,3,9,575000.0
720,1,1.0,79,0,1.0,4,6,250000.0
2660,7,1.5,53,0,1.5,4,7,310000.0
4300,5,3.25,57,0,2.0,3,10,1400000.0
1590,3,1.5,45,0,1.0,3,7,284850.0
2590,4,2.5,12,0,2.0,3,9,570000.0
1720,3,1.75,60,0,1.0,3,7,304000.0
1790,4,2.5,31,0,1.0,4,8,560000.0
1590,3,1.0,60,0,1.0,3,7,325000.0
1580,4,2.0,103,0,1.5,3,7,557510.0
2580,4,2.25,48,0,1.0,4,9,305000.0
1740,5,1.0,56,0,1.0,4,5,320000.0
3470,5,2.25,36,0,1.5,4,8,455000.0
1180,3,1.0,51,0,1.0,4,7,383001.0
1700,3,1.75,83,0,1.5,5,6,545000.0
1190,2,1.0,90,0,1.0,3,7,487500.0
2450,5,2.5,12,0,2.0,3,8,345000.0
2630,6,2.75,40,0,1.0,4,8,583000.0
2130,3,2.25,37,0,2.0,3,8,534950.0
1060,4,1.0,110,0,1.0,3,6,403504.0
1480,3,1.75,69,0,1.5,3,7,500000.0
1610,3,1.75,25,0,1.0,3,7,319502.0
2440,4,2.75,54,0,2.0,3,8,525000.0
3100,4,3.0,18,0,2.0,3,8,563000.0
2890,4,2.75,103,0,1.5,3,8,898500.0
3240,3,2.5,23,0,2.0,4,10,651000.0
2900,4,2.75,103,0,2.0,3,7,450000.0
2650,4,2.25,40,0,1.0,4,8,665000.0
2560,4,2.5,85,0,2.0,5,8,825000.0
1150,3,1.0,76,0,1.5,4,6,200000.0
1760,3,2.0,16,0,1.0,3,7,295000.0
3220,4,2.5,10,0,2.0,3,10,748000.0
3200,3,2.5,47,0,1.0,2,9,580000.0
1250,3,1.0,73,0,1.0,3,6,275000.0
1000,3,1.0,52,0,1.0,4,6,196000.0
740,2,1.0,76,0,1.0,2,6,235750.0
2170,3,2.25,50,0,1.0,3,8,315000.0
2370,4,2.5,15,0,2.0,3,8,338000.0
2300,4,2.5,9,0,2.0,3,8,353000.0
1400,3,1.75,16,0,1.0,3,7,235000.0
3080,3,2.5,25,0,2.0,3,9,569999.0
2350,4,2.25,46,0,2.0,3,8,505000.0
2660,4,3.0,109,0,1.5,3,8,1234000.0
1250,2,1.75,64,0,1.0,4,7,299000.0
1100,3,2.0,23,0,1.0,3,7,240000.0
3330,3,1.75,55,1,1.0,4,8,1955000.0
3640,4,3.25,101,0,2.0,5,9,1265000.0
1350,2,1.75,29,0,2.0,3,7,405000.0
1310,4,2.0,61,0,1.0,4,7,304000.0
1800,4,2.25,11,0,2.0,3,7,272000.0
1260,2,1.0,89,0,1.0,3,6,412000.0
2990,4,2.5,13,0,2.0,3,9,698000.0
1140,2,1.0,72,0,1.0,3,7,400000.0
2100,3,2.5,20,0,2.0,3,8,305000.0
2400,4,2.0,52,0,1.0,4,7,585000.0
1400,2,1.5,32,0,1.0,3,7,190000.0
2990,4,2.5,26,0,2.0,3,10,760000.0
1930,3,1.75,37,0,1.0,3,8,570000.0
980,3,1.0,68,0,1.0,3,6,144000.0
690,2,1.0,72,0,1.0,4,5,139000.0
1430,4,1.5,69,0,1.5,4,7,525000.0
1110,1,1.0,79,0,1.0,3,6,293000.0
1250,2,2.5,10,0,2.0,3,7,267100.0
3470,4,3.25,10,0,2.0,3,10,1500000.0
1500,3,2.25,22,0,2.0,4,7,240000.0
2530,3,2.5,100,0,2.5,3,9,975000.0
2150,5,1.75,44,0,1.0,4,7,279950.0
1260,3,1.75,36,0,1.0,4,7,405000.0
2740,3,2.5,41,0,2.0,3,9,400000.0
960,3,1.0,60,0,1.0,4,5,225000.0
1520,3,1.0,47,0,1.0,4,7,250000.0
1570,3,2.25,24,0,1.0,4,7,272950.0
3240,5,1.0,7,0,2.0,3,9,625000.0
1280,3,1.75,104,0,1.5,4,7,670000.0
2130,3,2.5,25,0,3.0,5,9,1065000.0
1970,3,1.75,51,0,1.0,5,8,540000.0
2990,3,2.5,11,0,2.0,3,9,525000.0
1160,2,1.0,68,0,1.0,3,7,425000.0
1890,3,1.75,49,0,1.0,3,7,465500.0
2170,3,2.5,8,0,2.0,3,7,443500.0
1570,4,2.25,42,0,1.0,4,7,350000.0
3260,3,2.5,30,0,2.0,4,9,850000.0
1250,3,2.25,7,0,3.0,3,8,205000.0
1940,4,2.5,37,0,1.0,4,8,315000.0
2150,3,2.5,22,0,2.0,3,8,470000.0
3310,4,2.25,41,0,1.0,4,9,1100000.0
3400,3,1.75,35,0,1.0,3,7,340000.0
2660,4,2.5,54,0,1.0,4,8,310000.0
950,3,1.0,64,0,1.0,3,7,305000.0
1480,3,1.5,55,0,1.0,4,7,307150.0
2840,4,2.5,37,0,1.0,4,9,729032.0
3240,5,2.5,57,0,1.0,3,8,750000.0
1961,4,2.5,9,0,2.0,3,7,289000.0
1100,3,1.0,65,0,1.0,3,7,480000.0
1500,3,1.75,41,0,1.0,3,8,529000.0
1480,3,1.75,70,0,2.0,4,7,585000.0
2510,4,2.75,38,0,1.0,5,8,704000.0
1490,4,2.0,89,0,1.5,5,7,607000.0
2190,3,2.25,37,0,2.0,3,8,580000.0
2530,5,2.5,38,0,2.0,4,8,875000.0
2440,4,2.5,38,0,1.0,4,8,610000.0
1040,3,0.75,73,0,1.0,3,6,230000.0
2450,4,2.25,38,0,2.0,3,8,510000.0
2210,4,2.5,38,0,1.0,3,7,733000.0
1050,3,2.0,61,0,1.0,4,7,169100.0
1050,3,2.0,62,0,1.0,4,7,250000.0
2730,4,2.25,37,0,2.0,3,8,500000.0
1620,2,1.0,66,0,1.0,3,8,700000.0
2410,4,2.75,13,0,2.0,3,8,379000.0
3420,4,2.5,12,0,2.0,3,9,650000.0
920,2,1.0,66,0,1.0,3,7,412133.0
2330,4,2.25,53,0,1.0,3,8,480000.0
1940,3,1.75,57,0,1.0,3,7,650000.0
1900,2,2.5,10,0,2.0,3,8,505000.0
3510,4,2.5,58,0,1.0,4,9,931088.0
1860,4,1.75,50,0,1.0,4,8,570000.0
1380,3,1.0,95,0,1.0,4,6,475000.0
2210,6,1.75,55,0,1.0,3,7,240000.0
2640,4,2.5,36,0,1.0,4,8,462000.0
4530,3,2.5,103,0,2.0,5,8,1115000.0
1500,3,1.0,44,0,1.0,2,6,243000.0
2010,4,2.25,58,0,1.0,4,8,660000.0
2080,2,1.75,75,1,1.0,4,8,1190000.0
5584,4,4.25,16,0,2.0,3,11,1680000.0
2080,3,2.5,10,0,2.0,3,7,368000.0
3970,5,4.25,10,0,2.0,3,9,811500.0
770,2,1.0,66,0,1.0,5,6,275000.0
2500,4,2.5,13,0,2.0,3,9,650000.0
2410,3,2.0,20,0,1.5,3,7,485000.0
1340,3,2.5,38,0,1.0,4,7,425000.0
2640,3,2.5,36,0,1.0,3,8,530000.0
2740,4,1.75,60,0,1.0,3,8,657000.0
1580,4,2.75,12,0,1.0,3,7,315000.0
2180,4,1.5,60,0,1.0,4,6,273000.0
1960,3,2.75,39,0,1.0,5,8,550000.0
1560,2,2.25,8,0,2.0,3,8,347000.0
2440,5,2.75,42,0,1.0,4,7,525000.0
990,3,1.5,7,0,2.0,3,8,490000.0
2210,3,2.25,36,0,2.0,3,8,500000.0
3080,3,2.75,7,0,2.0,3,9,585000.0
2900,4,2.75,33,0,1.0,3,9,926500.0
1020,1,1.0,87,0,1.0,3,7,465000.0
1900,4,2.0,40,0,1.0,3,7,200000.0
5770,6,4.75,17,0,2.0,3,12,1680000.0
990,2,1.0,65,0,1.0,2,6,220500.0
990,2,1.0,66,0,1.0,2,6,329000.0
2080,3,4.0,17,0,3.0,3,8,715000.0
2080,3,4.0,18,0,3.0,3,8,780000.0
1480,2,1.0,65,0,1.0,3,7,410000.0
1480,2,1.0,66,0,1.0,3,7,778100.0
1090,3,1.0,63,0,1.0,4,7,406000.0
2800,4,2.5,51,0,1.0,3,8,665000.0
1000,2,1.0,67,0,1.0,4,7,305000.0
1640,3,2.5,23,0,2.0,3,7,265000.0
1620,4,1.0,91,0,1.5,3,7,485000.0
2460,3,2.5,37,0,1.0,4,9,600000.0
1860,2,1.5,75,0,1.0,3,7,510000.0
1080,2,1.0,42,0,1.0,4,8,195000.0
1980,3,1.75,49,0,1.0,3,7,432500.0
1510,3,1.75,47,0,1.0,4,7,490000.0
1690,3,2.5,22,0,2.0,4,7,270000.0
1010,2,1.5,30,0,2.0,3,7,370000.0
2090,3,2.5,23,0,2.0,3,8,327500.0
1060,2,1.0,107,0,1.0,3,7,826000.0
1750,3,1.75,80,0,2.0,3,7,510000.0
890,2,1.0,74,0,1.0,3,7,587750.0
3020,5,2.5,50,0,1.0,3,8,449228.0
2030,3,2.5,15,0,1.0,3,9,565000.0
3170,4,2.5,15,0,2.0,3,9,660000.0
2470,5,2.75,37,0,1.0,5,8,400000.0
2060,4,2.0,65,0,1.0,3,7,612500.0
2120,4,1.75,98,0,1.0,5,7,560000.0
2180,3,2.25,75,0,1.5,5,8,727000.0
2300,4,3.0,39,0,2.0,4,7,224000.0
4200,4,2.5,24,0,2.0,3,11,1080000.0
1480,3,2.25,38,0,1.0,3,7,439000.0
2240,3,1.5,34,0,1.5,2,7,335000.0
2740,4,1.5,77,0,1.0,4,8,779000.0
1830,5,1.75,66,0,1.5,3,6,452000.0
2000,4,3.0,68,0,1.5,4,7,775000.0
1380,3,1.75,47,0,1.0,3,7,235000.0
1620,3,1.75,61,0,2.0,4,7,370000.0
3180,4,3.0,38,0,2.0,4,9,790000.0
1140,2,1.5,67,0,1.0,4,6,903000.0
970,3,1.0,47,0,1.0,4,6,209950.0
1780,3,2.5,26,0,2.0,3,7,309000.0
2240,3,1.75,66,0,1.0,3,7,440000.0
2810,4,2.25,55,0,2.0,3,8,571500.0
920,2,1.0,108,0,1.0,4,7,514000.0
1830,3,1.75,67,0,1.0,3,7,323000.0
1560,2,1.75,12,0,1.0,3,8,290000.0
5540,4,4.25,8,0,2.0,3,11,2575000.0
2310,3,2.0,35,0,1.0,3,10,1362500.0
1470,4,1.5,68,0,1.5,3,7,551000.0
3430,4,2.5,35,0,1.5,5,10,960000.0
2900,5,2.5,25,0,2.0,3,9,720000.0
1850,3,1.75,35,0,1.0,3,8,218000.0
2190,4,2.5,17,0,2.0,3,8,334950.0
2510,4,2.25,35,0,2.0,4,9,605000.0
3200,4,3.25,8,0,2.0,3,9,825000.0
1670,4,1.75,40,0,1.0,4,8,268500.0
1010,3,1.75,45,0,1.0,5,7,230000.0
5050,4,4.0,14,0,2.0,3,10,1335000.0
1430,2,1.5,60,0,1.0,3,7,245500.0
1880,3,2.25,32,0,1.0,3,7,440000.0
2180,4,2.75,21,0,2.0,4,8,571500.0
1830,3,2.25,18,0,2.0,3,7,182500.0
970,2,1.0,63,0,1.0,3,6,217000.0
1170,2,1.5,74,0,1.0,5,6,335000.0
1010,2,1.0,90,0,1.0,5,7,501000.0
2140,3,2.5,35,0,1.0,3,8,339950.0
2230,3,1.75,47,0,1.0,3,8,340000.0
1140,2,1.0,49,0,1.5,3,6,582500.0
860,2,1.0,66,0,1.0,3,6,298800.0
2540,6,1.75,38,0,1.0,3,8,317500.0
2420,4,2.5,89,0,1.5,5,7,598000.0
1640,2,2.25,35,0,2.0,3,8,375000.0
2550,4,2.25,19,0,2.0,4,9,465000.0
2507,3,2.5,9,0,2.0,3,8,551870.0
1920,3,2.5,21,0,2.0,3,8,295000.0
2210,4,1.75,37,0,1.0,3,8,263500.0
3530,4,4.0,56,0,2.0,5,8,1095000.0
1100,2,1.0,94,0,1.5,5,6,300000.0
3390,4,1.0,90,0,1.5,3,8,780000.0
1590,3,1.5,59,0,1.0,3,7,325000.0
820,2,1.0,65,0,1.0,3,7,370000.0
2370,4,2.5,40,0,1.0,5,8,715000.0
1600,4,2.0,77,0,1.0,5,7,356000.0
1740,4,1.75,39,0,1.5,3,8,329950.0
1470,3,2.25,30,0,2.0,3,8,490000.0
1410,3,3.25,9,0,3.0,3,8,429000.0
1620,4,2.5,32,0,2.0,4,7,510000.0
2360,3,2.5,11,0,2.0,3,7,550000.0
1830,3,1.0,59,0,1.0,4,7,467500.0
2130,5,2.0,88,0,1.5,5,7,615000.0
990,2,1.0,61,0,1.0,4,6,325000.0
1010,2,1.0,107,0,2.0,3,6,219950.0
1720,3,1.0,69,0,1.0,4,7,950000.0
1630,3,1.0,102,0,1.5,4,8,925000.0
1310,4,1.5,61,0,1.0,3,7,251200.0
1610,3,1.5,46,0,1.0,4,6,215000.0
1850,3,2.0,44,0,1.0,4,7,245000.0
1270,3,1.75,93,0,1.5,3,6,259000.0
1420,4,1.5,89,0,1.5,3,7,349950.0
5220,5,4.5,13,0,2.0,3,11,1565000.0
1410,2,1.0,76,0,1.0,3,7,600000.0
1170,2,1.5,13,0,3.0,3,8,405000.0
1860,3,2.5,21,0,2.0,3,8,625000.0
1620,4,1.0,71,0,1.5,3,7,430000.0
1280,3,3.0,11,0,3.0,3,8,533000.0
2750,4,2.5,15,0,2.0,3,10,1050000.0
1420,3,1.75,83,0,1.0,3,5,230000.0
2000,4,1.75,39,0,1.0,5,7,275000.0
1100,2,1.0,88,0,1.0,4,7,403000.0
1720,3,3.0,48,0,1.0,5,7,550388.0
1240,3,1.5,56,0,1.0,3,7,415500.0
2170,3,1.75,90,0,1.0,4,7,913000.0
1800,2,1.0,73,0,1.0,3,6,334998.0
1160,3,1.0,55,0,1.0,4,7,201500.0
3030,3,2.5,18,0,2.0,3,10,820000.0
890,3,1.0,63,0,1.0,3,7,371000.0
2150,4,2.5,38,0,1.0,5,7,229950.0
2150,4,2.5,39,0,1.0,5,7,344900.0
2060,3,2.5,90,0,2.0,3,8,840000.0
1380,3,1.5,47,0,1.0,4,7,285000.0
1800,4,2.25,36,0,1.0,3,7,475000.0
1460,2,1.0,91,0,1.0,3,6,420000.0
2210,3,2.0,105,0,1.5,3,7,685000.0
3590,4,3.0,9,0,2.0,3,10,879000.0
1140,3,1.0,73,0,1.0,3,6,197200.0
1240,3,1.0,105,0,1.5,5,7,529950.0
4340,4,2.5,22,0,2.5,3,11,1090000.0
1570,3,1.5,99,0,2.0,3,8,792000.0
1680,3,2.5,20,0,2.0,4,7,262000.0
1560,3,1.75,87,0,1.0,5,6,353900.0
1200,1,1.5,31,0,1.5,3,7,380000.0
1690,3,2.5,13,0,2.0,3,7,305000.0
2310,4,2.0,21,0,1.0,3,7,440000.0
2650,4,3.5,13,0,2.0,3,9,1008000.0
3610,5,3.0,11,0,2.0,3,8,549900.0
2620,4,3.0,23,0,2.0,3,8,678500.0
1760,3,2.25,28,0,1.0,3,7,270000.0
940,3,1.0,66,0,1.5,4,7,430000.0
4830,5,4.25,100,0,2.5,4,11,1925000.0
3350,4,2.75,0,0,2.0,3,9,790500.0
1570,3,2.25,23,0,2.0,3,8,447450.0
2240,3,2.0,61,0,1.0,3,7,375000.0
1950,4,2.0,52,0,1.0,4,7,565000.0
1010,2,1.0,97,0,1.0,4,6,400000.0
1630,3,1.5,39,0,1.0,4,8,246000.0
1420,3,1.75,47,0,1.0,3,7,329922.0
3950,5,3.25,46,0,1.0,3,10,1249000.0
1210,3,1.0,105,0,1.0,4,6,375000.0
1890,3,1.75,70,0,1.0,3,7,385000.0
1690,4,2.5,102,0,1.5,4,7,591500.0
2560,4,2.0,54,0,1.0,4,7,255000.0
1350,3,1.5,56,0,1.0,3,7,275000.0
3120,4,2.75,4,0,2.0,3,9,800000.0
1140,2,1.0,63,0,1.0,3,7,327000.0
2230,4,1.5,60,0,1.0,4,7,355000.0
1050,2,1.0,67,0,1.0,4,6,310000.0
4180,5,3.25,35,0,2.0,4,8,869000.0
1200,3,2.0,72,0,1.0,5,7,272000.0
3320,5,2.25,14,0,2.0,3,9,665000.0
1590,3,2.5,25,0,2.0,3,7,225000.0
2750,3,2.5,25,0,2.0,3,9,375000.0
1530,3,1.5,39,0,1.0,3,8,375500.0
1570,3,1.75,67,0,1.0,3,7,550000.0
1470,3,1.0,68,0,1.0,3,7,248000.0
1470,3,1.0,69,0,1.0,3,7,546940.0
3150,4,3.0,13,0,2.0,3,9,680000.0
2380,4,2.5,17,0,2.0,3,8,350000.0
2000,2,2.5,21,0,3.0,3,8,593000.0
1140,2,1.0,57,0,1.0,3,7,390000.0
1340,3,1.0,90,0,1.0,4,7,297000.0
1450,2,1.0,50,0,1.0,4,7,355000.0
2020,3,2.5,27,0,2.0,3,7,309900.0
1810,3,2.25,22,0,2.0,3,7,257000.0
3600,4,3.0,55,0,2.0,4,9,1698000.0
1260,3,2.0,28,0,2.0,3,7,300000.0
1560,3,2.0,0,0,3.0,3,8,500000.0
4020,8,4.0,46,0,1.0,3,8,900000.0
3150,4,3.0,13,0,2.0,3,9,695000.0
1680,4,2.5,13,0,2.0,3,7,213400.0
1320,2,1.0,75,0,1.0,3,7,425000.0
2700,3,3.0,28,0,2.0,4,9,420000.0
1080,1,1.0,67,0,1.5,3,7,411000.0
3130,4,2.25,29,0,2.0,3,9,762500.0
4850,5,4.5,13,0,2.0,3,10,569950.0
1220,4,1.0,99,0,1.5,5,6,258000.0
1780,3,2.25,11,0,2.0,3,8,499000.0
1250,3,1.0,54,0,1.0,4,7,310000.0
1780,2,2.5,9,0,3.0,3,8,398500.0
1930,4,2.5,33,0,1.0,3,7,250600.0
2470,4,2.5,29,0,1.0,3,7,352000.0
1180,2,1.0,105,0,1.0,3,7,600000.0
2270,3,1.0,69,0,1.0,4,7,645000.0
1770,4,2.5,10,0,2.0,3,7,291500.0
2250,4,1.75,74,0,1.0,4,8,350000.0
1540,3,2.5,40,0,1.0,3,7,279000.0
820,2,1.0,75,0,1.0,3,6,320000.0
1580,2,2.0,11,0,1.0,3,8,495000.0
2430,4,2.5,25,0,1.0,3,7,490000.0
2160,5,1.5,88,0,1.5,4,8,770000.0
1770,3,1.75,55,0,1.0,3,8,215000.0
3580,3,3.5,10,0,1.5,3,9,665000.0
1890,3,2.25,27,0,1.0,3,7,423500.0
1910,3,3.0,114,0,1.5,3,9,850000.0
910,2,1.0,71,0,1.0,3,6,155000.0
1460,3,2.25,52,0,1.0,3,7,505000.0
3310,3,3.5,10,0,2.0,3,9,780000.0
1630,3,1.5,44,0,1.0,3,7,165000.0
2130,2,2.5,42,0,1.0,5,8,707000.0
1220,3,2.5,15,0,3.0,3,8,497000.0
1670,4,1.75,59,0,1.0,3,7,349170.0
1300,4,1.5,52,0,1.5,3,7,287000.0
3220,4,2.5,45,0,1.0,3,10,2375000.0
2430,4,2.5,51,0,1.0,5,8,645000.0
2240,5,2.25,24,0,2.0,3,7,238000.0
2240,5,2.25,25,0,2.0,3,7,328000.0
790,2,1.5,11,0,2.0,3,8,365000.0
1380,3,1.0,67,0,1.0,4,7,380000.0
1680,4,1.5,53,0,2.0,3,7,525000.0
2000,4,2.25,88,0,2.0,5,7,402000.0
1680,2,1.0,46,0,1.0,3,7,308000.0
1960,3,2.5,8,0,2.0,3,7,405000.0
2590,3,1.75,63,0,1.0,3,8,808000.0
3790,4,3.5,5,0,2.5,3,9,875000.0
2370,3,2.5,33,0,3.0,4,8,860000.0
1930,4,2.25,54,0,1.0,3,8,367500.0
2580,6,3.5,27,0,1.0,3,8,604000.0
890,2,0.75,81,0,1.0,3,6,230000.0
2160,4,2.75,36,0,1.0,3,7,435000.0
1970,4,2.5,7,0,2.0,3,7,347500.0
1570,4,1.75,34,0,1.0,3,7,525000.0
1480,2,1.5,74,0,1.0,4,7,280000.0
1480,2,1.5,75,0,1.0,4,7,490000.0
1430,4,1.75,73,0,1.0,5,6,265000.0
2720,4,2.25,35,0,1.0,4,8,645000.0
2420,3,2.25,51,0,1.0,4,8,390000.0
1400,3,2.5,27,0,1.0,3,7,267500.0
5844,4,3.5,7,0,2.0,3,11,1275000.0
1840,4,1.75,56,0,1.0,3,7,404000.0
2530,3,2.25,26,0,2.0,3,8,380000.0
2810,4,2.75,36,0,1.0,4,9,812500.0
1020,3,1.0,55,0,1.0,5,7,265000.0
2550,5,2.75,47,0,1.0,5,8,480000.0
710,1,1.0,75,0,1.0,3,6,264000.0
5530,5,3.0,46,0,1.5,3,10,1350000.0
2150,4,1.75,48,0,1.0,4,7,550000.0
880,2,1.5,86,0,1.5,3,7,615000.0
1630,3,1.75,47,0,1.0,3,8,464000.0
1380,3,1.0,38,0,2.0,3,8,365000.0
2800,4,2.25,37,0,1.0,3,8,490000.0
2070,4,2.25,37,0,2.0,4,8,280927.0
830,2,1.0,60,0,1.0,4,6,282613.0
2770,3,2.25,32,0,2.0,3,10,675000.0
2060,4,2.5,29,0,1.0,3,8,575550.0
1490,3,2.0,24,0,1.0,4,7,259900.0
2120,4,2.25,18,0,2.0,3,8,450000.0
2810,4,2.5,1,0,2.0,3,9,487500.0
2400,4,2.25,42,0,2.0,4,7,275000.0
2460,3,2.5,12,0,2.0,3,8,305000.0
2030,3,1.75,37,0,1.0,4,8,395000.0
880,3,1.0,75,0,1.0,4,6,215000.0
1320,3,2.0,94,0,1.5,4,7,410000.0
2160,4,2.5,38,0,1.0,4,7,440000.0
4190,4,3.5,20,0,2.0,3,11,1160000.0
2280,4,2.0,58,0,1.0,4,7,500000.0
2590,5,2.75,105,0,2.0,3,8,961000.0
2770,4,2.25,35,0,2.0,4,9,825000.0
2145,3,1.75,104,0,1.5,5,8,734000.0
4480,4,4.25,11,0,2.0,3,7,490000.0
1780,4,2.5,23,0,2.0,3,7,175000.0
720,1,1.0,100,0,1.0,3,6,190000.0
2050,4,2.25,36,0,2.0,4,7,305000.0
2040,3,1.0,75,0,1.0,5,8,1300000.0
920,2,1.0,95,0,1.0,3,6,417000.0
680,2,1.0,108,0,1.0,2,5,275000.0
1940,3,2.5,23,0,2.0,3,8,661000.0
2230,4,2.75,16,0,1.0,3,8,435000.0
2910,5,2.25,42,0,1.0,3,8,788000.0
5270,5,3.25,37,0,2.0,3,10,1795000.0
2820,5,3.25,108,0,1.5,3,7,408000.0
1790,2,1.0,102,0,1.5,4,8,570000.0
2920,5,3.25,62,0,2.0,3,9,1540000.0
840,2,1.0,59,0,1.0,3,7,400000.0
1820,3,1.75,27,0,1.0,4,8,247000.0
1550,3,1.75,66,0,1.0,3,7,453000.0
1270,2,1.0,91,0,1.0,4,6,235000.0
2460,4,1.75,96,0,1.5,5,7,675000.0
2110,3,2.0,95,0,1.0,5,6,516200.0
920,1,1.0,18,0,1.5,3,6,650000.0
1500,3,1.5,69,0,1.0,4,7,257100.0
1440,2,2.0,9,0,1.0,3,8,457000.0
1610,3,1.75,85,0,1.5,4,7,540000.0
1970,3,1.75,48,0,1.0,4,8,268000.0
1150,3,1.0,54,0,1.0,3,7,300000.0
2110,2,2.5,39,0,1.0,4,8,380000.0
3580,3,2.5,24,0,1.5,3,9,725000.0
1000,3,1.0,46,0,1.0,3,7,249000.0
1680,5,1.0,85,0,1.0,3,7,274000.0
3950,4,3.25,12,0,2.0,3,10,1780000.0
2390,3,1.75,59,0,1.0,3,8,396500.0
1820,2,1.5,58,0,1.0,4,7,460000.0
1100,3,1.0,57,0,1.0,4,7,277000.0
2280,6,4.0,16,0,1.0,3,7,449500.0
2530,4,3.0,89,0,1.5,3,7,785950.0
1940,3,2.5,39,0,1.0,3,8,545000.0
1360,3,2.0,31,0,1.0,4,7,244000.0
1660,3,2.5,31,0,2.0,3,7,165000.0
800,2,1.0,108,0,1.0,3,7,435000.0
2670,3,2.5,27,0,1.0,3,10,642000.0
1720,3,2.5,16,0,2.0,3,7,340000.0
3550,4,2.5,23,0,2.0,4,9,730000.0
1370,3,1.75,33,0,1.0,5,7,563250.0
2820,5,2.5,35,0,2.0,3,8,675000.0
1620,3,1.5,60,0,1.0,3,8,620000.0
1290,2,2.0,58,0,1.0,3,7,275000.0
1830,3,1.0,72,0,1.0,3,7,270000.0
2040,4,2.5,12,0,2.0,3,8,325000.0
1850,4,2.5,9,0,2.0,3,7,476100.0
1300,2,1.0,55,0,1.0,4,8,700000.0
1620,4,2.0,36,0,1.5,4,7,220000.0
1560,3,1.75,39,0,1.0,3,7,236000.0
2600,3,2.5,63,0,1.0,4,9,790000.0
2010,3,1.0,47,0,1.0,3,7,350000.0
780,2,1.0,74,0,1.0,3,6,130000.0
1982,4,2.5,10,0,2.0,3,8,283200.0
1500,3,1.0,69,0,1.0,3,6,273000.0
2460,5,2.25,38,0,1.0,4,8,599000.0
2680,4,2.5,55,0,1.0,3,8,460000.0
5860,4,4.25,18,0,2.0,4,10,1157200.0
1720,4,1.75,43,0,1.0,3,7,385000.0
1420,3,1.0,70,0,1.5,3,6,264250.0
1760,3,2.5,8,0,3.0,3,8,608000.0
2790,3,2.5,30,0,2.0,4,9,450000.0
2360,3,2.0,105,0,2.0,3,9,1755000.0
1890,5,2.0,70,0,2.0,4,7,339950.0
3810,6,3.75,38,0,2.0,4,8,760000.0
1160,2,1.0,75,0,1.0,3,7,350000.0
2320,3,1.75,55,0,1.0,4,8,541500.0
3280,6,2.75,52,0,1.0,4,7,730000.0
980,3,1.0,66,0,1.0,2,6,215000.0
1640,3,2.0,37,0,1.0,4,7,420000.0
2060,4,2.25,31,0,1.0,3,8,655000.0
1500,3,2.5,34,0,2.0,4,7,240000.0
2360,4,2.0,75,0,1.0,5,7,730000.0
1940,4,1.5,52,0,1.0,3,7,390000.0
1280,3,1.0,60,0,1.0,4,7,473000.0
3630,4,3.5,45,0,2.0,3,10,698000.0
1820,3,2.5,9,0,2.0,3,9,511000.0
960,2,1.5,21,0,2.0,3,7,358000.0
1630,3,1.75,60,0,1.0,4,7,499990.0
1940,4,2.25,55,0,1.0,3,7,322000.0
980,3,1.0,45,0,1.0,3,7,201000.0
3140,4,2.5,26,0,1.0,3,9,765000.0
2880,4,2.75,86,0,1.5,5,9,920000.0
1650,4,2.0,38,0,1.0,4,7,360000.0
1980,3,1.75,28,0,2.0,3,8,297300.0
860,3,1.0,72,0,1.0,4,6,399000.0
1430,3,1.0,64,0,1.5,4,7,400000.0
1260,3,1.75,50,0,1.0,4,6,230000.0
960,3,1.0,47,0,1.0,4,7,290000.0
2060,3,2.5,12,0,2.0,3,8,323800.0
1430,4,1.5,84,0,1.5,4,9,574500.0
1670,3,2.25,12,0,2.0,3,8,505000.0
880,2,1.0,71,0,1.0,4,7,372500.0
1300,3,1.5,50,0,1.0,3,7,425000.0
2380,3,2.5,15,0,1.5,3,9,446250.0
520,2,0.75,90,0,1.0,4,4,330000.0
2680,3,2.5,32,0,2.0,3,9,608095.0
2140,3,2.5,57,0,1.0,3,8,550000.0
1820,4,2.5,10,0,2.0,3,7,265000.0
1820,4,2.25,84,0,1.5,4,7,399888.0
1050,2,1.0,87,0,1.0,5,7,430000.0
2100,3,2.5,2,0,2.0,3,8,554990.0
2210,3,2.5,11,0,2.0,3,8,359950.0
860,2,1.0,113,0,1.0,4,6,405000.0
870,2,1.0,34,0,1.0,3,7,280000.0
2570,4,2.25,49,0,2.0,4,8,479950.0
2980,5,1.75,38,0,1.0,4,9,575000.0
2360,4,2.25,32,0,2.0,3,8,392000.0
2310,4,2.25,38,0,2.0,4,9,760500.0
2300,3,2.5,11,0,2.0,3,8,435000.0
2810,4,2.75,21,0,2.0,3,10,1565000.0
2040,4,1.5,53,0,1.0,3,7,261000.0
3290,3,2.25,76,0,2.0,3,9,1482500.0
2960,7,4.0,88,0,2.0,3,9,853800.0
2670,3,2.5,25,0,2.0,3,9,657500.0
2530,4,2.5,24,0,2.0,3,8,331950.0
1720,3,1.75,28,0,1.0,3,8,514000.0
3090,3,3.5,19,0,2.0,4,9,496000.0
3930,4,2.5,28,0,2.0,3,11,1093000.0
1120,3,1.0,38,0,1.0,5,7,195700.0
3960,4,2.25,89,0,2.0,3,9,1395710.0
4060,4,3.25,23,0,2.0,3,10,1175000.0
2350,3,2.5,48,0,1.0,4,9,643403.0
2380,4,2.5,17,0,2.0,4,7,357000.0
1480,3,1.75,62,0,1.0,3,7,865000.0
2930,3,2.5,26,0,2.0,4,10,905000.0
1290,3,1.5,60,0,1.0,3,6,265000.0
2730,2,2.5,16,0,2.0,3,9,535000.0
1290,3,1.0,85,0,1.0,4,6,450000.0
2170,4,2.5,24,0,2.0,3,8,460500.0
1850,4,1.75,54,0,1.0,3,7,315000.0
2110,4,2.5,37,0,1.0,3,8,607500.0
960,2,1.0,99,0,1.0,4,7,432000.0
3910,3,4.0,82,0,2.0,5,10,1695000.0
2590,4,2.5,13,0,2.0,3,8,479000.0
3080,5,2.75,13,0,2.0,3,9,475000.0
1630,3,1.0,62,0,1.0,3,7,415000.0
910,2,1.0,100,0,1.0,4,6,450000.0
2780,3,2.5,45,0,1.5,4,8,1140000.0
3880,5,3.0,10,0,2.0,3,7,430000.0
1360,3,1.75,43,0,1.0,5,7,296000.0
2560,4,2.25,38,0,1.0,3,7,303000.0
2600,4,2.5,10,0,2.0,3,8,641000.0
1220,3,2.25,31,0,1.0,3,7,280000.0
1560,3,2.0,48,0,1.0,3,7,260750.0
2080,4,2.5,13,0,2.0,3,8,601000.0
1490,3,1.5,96,0,1.0,4,6,255000.0
2020,4,2.75,38,0,1.0,4,8,555000.0
1530,3,1.5,59,0,1.0,4,8,865000.0
3450,4,2.5,50,0,1.5,4,9,1388000.0
1400,3,2.25,27,0,1.0,2,7,315000.0
1730,2,1.0,52,0,1.0,3,7,200000.0
1370,3,1.0,66,0,1.0,3,7,357000.0
1050,2,1.5,7,0,2.0,3,8,390000.0
2840,5,1.75,60,0,1.0,4,7,462000.0
1010,2,1.0,59,0,1.0,3,7,174500.0
1210,2,1.0,94,0,1.5,3,6,305000.0
1720,5,1.75,59,0,1.0,4,8,449000.0
2710,3,2.0,63,0,2.0,3,6,260000.0
3110,4,2.5,10,0,2.0,3,9,751000.0
1250,2,1.0,67,0,1.0,4,7,370037.0
1900,3,1.75,26,0,2.0,4,7,229950.0
1740,3,1.75,37,0,1.0,3,8,349000.0
2070,4,2.5,12,0,2.0,3,8,348000.0
3030,3,3.25,110,0,2.0,3,9,1220000.0
3610,4,3.0,22,0,2.0,3,10,510000.0
1520,3,1.5,34,0,1.0,4,7,265000.0
2780,3,2.75,40,0,3.0,3,10,1250000.0
5545,4,4.0,12,0,2.0,3,11,937500.0
2590,3,1.75,43,0,1.0,4,8,485000.0
1150,4,1.0,64,0,1.5,3,7,489000.0
920,2,1.0,63,0,1.0,5,7,400000.0
2110,3,2.5,9,0,2.0,3,9,638000.0
1170,3,1.75,46,0,1.0,4,7,440000.0
1900,6,2.0,50,0,1.0,2,7,305000.0
1900,6,2.0,51,0,1.0,2,7,649950.0
3290,4,2.5,10,0,2.0,3,9,680000.0
2660,4,2.5,18,0,2.0,3,9,629000.0
2160,3,2.5,26,0,2.0,3,8,555000.0
2700,4,2.75,38,0,2.0,5,8,669000.0
1980,3,2.5,20,0,2.0,3,8,272000.0
2600,4,2.25,49,0,1.0,3,7,270000.0
1280,3,1.0,51,0,1.0,3,6,215000.0
1710,3,1.5,68,0,1.0,4,7,690000.0
1270,4,1.75,65,0,1.0,3,7,256000.0
1890,3,2.25,34,0,1.0,3,7,255000.0
3440,7,4.0,44,0,2.0,3,7,550000.0
1190,3,1.0,58,0,1.0,4,7,410000.0
1030,2,1.0,102,0,1.0,3,7,410000.0
1240,3,1.75,28,0,1.0,3,7,259000.0
1730,3,1.0,60,0,1.0,3,7,292000.0
4610,4,3.5,11,0,2.0,3,11,1648000.0
1590,5,1.0,85,0,1.5,3,7,518000.0
1760,3,2.5,23,0,2.0,3,8,485000.0
1330,3,2.0,26,0,1.0,3,7,259500.0
2340,4,2.5,12,0,2.0,3,8,354000.0
3740,3,2.25,49,0,2.0,5,8,999950.0
1150,3,1.75,55,0,1.0,5,7,464500.0
1750,3,2.5,9,0,2.0,3,7,300000.0
3890,3,2.75,47,0,2.0,3,8,1080000.0
1770,4,2.5,25,0,2.0,3,7,309950.0
1160,3,1.0,105,0,1.5,3,7,315000.0
1440,3,1.0,106,0,1.5,3,7,499950.0
2600,4,2.0,61,0,1.0,3,8,780000.0
2640,3,3.25,38,0,1.0,4,8,885000.0
1010,2,1.0,108,0,1.5,4,7,500000.0
1840,3,2.0,25,0,1.0,3,8,329000.0
1720,4,1.75,51,0,1.0,4,7,246000.0
1280,3,1.5,54,0,1.0,4,7,405000.0
1700,4,1.75,33,0,1.0,5,7,349000.0
1980,4,2.5,23,0,2.0,3,8,374950.0
1160,3,2.0,45,0,1.0,3,7,306000.0
1980,4,1.75,53,0,1.0,4,7,416000.0
1960,3,2.5,25,0,2.0,4,8,560000.0
1270,3,1.5,66,0,1.0,2,7,260000.0
2060,3,2.25,36,0,1.0,4,8,306500.0
1980,3,1.75,46,0,1.0,4,7,299950.0
1450,3,2.5,25,0,1.0,3,8,265500.0
1200,3,1.5,28,0,1.0,3,7,219000.0
1830,3,1.75,38,0,1.0,3,8,365000.0
2090,3,2.0,55,0,1.5,3,7,499000.0
1510,3,1.75,47,0,1.0,3,7,366000.0
1310,3,2.25,1,0,3.0,3,8,514950.0
3790,4,2.75,15,0,2.0,3,10,875000.0
2240,3,2.25,58,0,1.0,5,8,831000.0
2740,4,3.25,11,0,2.0,3,9,689900.0
1660,3,2.5,20,0,2.0,3,7,315000.0
1480,3,1.0,51,0,1.0,3,7,336500.0
2640,3,2.75,88,0,1.5,5,8,1100000.0
1900,6,2.0,55,0,1.0,4,7,375000.0
2860,3,2.0,29,0,1.0,3,9,289275.0
3440,4,3.5,12,0,2.0,4,8,455000.0
1640,3,1.75,39,0,1.0,3,8,505000.0
1450,3,1.0,95,0,1.5,4,7,450000.0
2300,3,2.5,13,0,2.0,3,8,567500.0
1460,3,1.5,59,0,1.0,4,7,265000.0
1570,3,2.0,13,0,1.0,3,8,340000.0
1540,3,2.0,76,0,1.5,5,6,375000.0
3300,6,3.0,44,0,2.0,3,8,920000.0
2130,4,2.25,42,0,2.0,4,9,850000.0
1010,3,1.0,45,0,1.0,5,7,202000.0
2420,4,3.0,30,0,1.0,3,9,725000.0
3870,3,3.25,24,0,2.0,3,10,900000.0
1960,2,1.5,64,0,1.0,3,8,680200.0
1170,3,1.0,97,0,1.0,4,6,216500.0
1890,3,1.5,48,0,1.0,5,7,325000.0
2250,3,2.5,10,0,2.0,3,9,675000.0
750,2,0.75,79,0,1.0,3,4,435000.0
1610,3,1.75,38,0,1.0,4,7,263500.0
2590,4,2.25,37,0,2.0,3,8,550000.0
2520,3,2.5,20,0,2.0,4,9,875000.0
1340,4,1.0,49,0,1.0,5,7,246600.0
1460,3,2.25,8,0,3.0,3,8,337000.0
1380,3,1.75,26,0,1.0,3,7,240000.0
1510,3,1.75,30,0,1.0,4,8,490000.0
2510,5,2.5,39,0,1.0,4,7,510000.0
910,3,1.0,44,0,1.0,3,7,305000.0
1970,3,2.5,12,0,2.0,3,7,350000.0
1540,3,1.75,56,0,1.0,3,7,284200.0
1980,4,2.5,20,0,2.0,5,7,357000.0
3150,4,2.75,28,0,1.0,3,10,854000.0
4700,4,2.5,16,0,2.0,3,10,1175000.0
2300,3,2.25,51,0,1.0,4,8,1000000.0
1880,4,2.25,105,0,2.0,3,8,616500.0
2640,4,2.75,103,0,2.0,5,7,750000.0
3900,6,4.5,35,0,2.0,3,8,650000.0
2670,4,2.25,52,0,1.0,4,8,275000.0
1840,4,1.75,96,0,1.0,4,7,540000.0
1120,3,1.0,53,0,1.0,4,6,225000.0
2970,4,2.5,24,0,2.0,3,10,845000.0
1410,3,2.25,92,0,1.0,5,6,490000.0
3060,4,2.5,9,0,2.0,3,9,753000.0
2490,3,1.75,43,0,1.0,3,7,475000.0
840,1,0.75,65,0,1.5,3,6,124000.0
840,1,0.75,66,0,1.5,3,6,224000.0
1130,2,1.0,98,0,1.0,4,7,485000.0
1850,4,1.75,70,0,1.0,4,6,230000.0
2330,4,2.75,34,0,1.0,3,7,372000.0
1880,4,2.5,25,0,2.0,4,7,306000.0
2980,4,3.5,6,0,2.0,3,9,905000.0
1440,4,1.0,65,0,1.0,3,7,440000.0
1630,3,1.75,38,0,1.0,4,7,280000.0
1778,3,2.5,15,0,2.0,3,7,435000.0
1930,3,2.5,24,0,2.0,3,8,425000.0
1130,2,0.75,58,0,1.0,3,7,204950.0
1650,2,1.75,55,0,1.0,4,7,670000.0
820,2,1.0,93,0,1.0,3,7,475000.0
2900,5,2.5,51,0,1.0,3,7,352000.0
2330,4,1.75,54,0,1.0,4,7,575000.0
4440,4,3.5,49,0,2.0,5,10,1730000.0
1660,3,2.0,64,0,2.0,3,8,491000.0
3020,4,2.5,10,0,2.0,3,9,750000.0
1850,4,2.5,36,0,1.0,3,8,830000.0
5960,6,3.75,10,0,2.0,3,10,1140000.0
960,3,1.0,44,0,1.0,4,6,137124.0
1150,4,1.0,107,0,1.5,3,6,225000.0
2130,4,2.5,51,0,1.0,4,7,732600.0
2460,4,2.25,31,0,2.0,4,8,818000.0
2360,3,2.25,36,0,1.0,4,9,431000.0
1320,2,2.25,18,0,3.0,3,7,304000.0
1910,5,2.0,106,0,1.0,3,7,650000.0
1610,2,2.0,38,0,2.0,4,8,450000.0
1610,4,1.0,56,0,1.0,3,7,269000.0
1160,3,1.0,61,0,1.0,3,7,875000.0
2870,4,2.25,38,0,1.0,4,8,890000.0
2280,4,2.5,28,0,2.0,3,8,565000.0
1370,2,2.0,9,0,2.0,4,8,448175.0
2970,5,3.0,14,0,2.0,3,9,680000.0
1460,3,1.75,45,1,2.0,4,8,629000.0
1570,3,3.5,15,0,2.5,3,8,494000.0
2880,4,3.0,89,0,2.0,4,9,1100000.0
1900,5,2.5,46,0,1.0,3,7,450000.0
2020,3,1.75,45,0,1.0,4,8,330000.0
3110,4,2.5,30,0,2.0,4,10,960000.0
2390,4,2.5,24,0,2.0,3,9,360000.0
2150,3,2.5,10,0,2.0,3,8,378000.0
1340,3,1.75,73,0,1.0,4,7,499950.0
1990,3,2.5,28,0,2.0,4,7,450000.0
1600,2,2.0,64,0,1.0,4,7,523500.0
2680,3,2.5,28,0,2.0,3,9,600000.0
2080,3,2.5,12,0,2.0,3,8,290000.0
1340,3,3.25,29,0,2.0,3,7,176000.0
2590,3,2.0,110,0,1.5,5,7,885000.0
1240,2,1.75,108,0,1.5,3,7,483000.0
1310,3,1.0,37,0,1.0,4,7,240000.0
2530,4,2.25,57,0,1.0,4,8,720000.0
1780,4,2.5,13,0,2.0,3,7,311000.0
1600,3,2.0,65,0,1.0,3,7,332500.0
1570,3,1.75,58,0,1.0,3,7,164950.0
1570,3,1.75,59,0,1.0,3,7,371000.0
1650,3,1.75,39,0,1.0,3,7,264500.0
2920,4,2.25,77,0,2.0,4,9,1738000.0
870,2,1.0,94,0,1.0,4,6,503000.0
2830,4,2.5,14,0,2.0,3,9,738000.0
980,2,1.0,89,0,1.0,4,7,393000.0
990,2,1.0,23,0,1.0,4,7,280000.0
2360,4,2.5,51,0,1.0,3,8,260000.0
1000,2,1.0,100,0,1.0,3,7,505000.0
1660,3,1.5,39,0,1.0,4,7,241000.0
1520,3,1.75,40,0,1.0,3,7,530000.0
1180,1,1.0,104,0,1.5,4,8,713000.0
1770,3,1.75,70,0,2.0,3,7,487000.0
980,2,1.0,45,0,1.0,3,6,128000.0
1840,3,1.0,54,0,1.0,3,7,210500.0
1810,3,2.5,47,0,1.0,5,7,420000.0
1780,3,2.5,84,0,2.0,4,8,679000.0
2840,4,2.75,0,0,3.0,3,9,784950.0
2650,4,2.5,16,0,2.0,3,9,352000.0
1270,3,1.5,10,0,2.0,3,7,386000.0
1260,3,1.75,21,0,1.0,3,7,335000.0
1750,3,2.0,32,0,1.0,3,7,472500.0
2680,5,2.25,38,0,1.0,3,8,599950.0
3830,4,3.25,0,0,2.0,3,9,963990.0
1610,3,2.0,89,0,2.0,5,8,735000.0
3840,3,4.25,17,0,2.0,3,10,858450.0
2670,5,2.75,101,0,2.0,4,7,665000.0
2000,3,2.5,21,0,2.0,4,7,290000.0
860,2,1.0,90,0,1.0,3,7,250000.0
1420,3,1.75,28,0,1.0,3,7,192500.0
2060,4,2.0,57,0,1.0,4,8,350000.0
2790,4,2.5,12,0,2.0,3,8,518000.0
1410,4,1.0,103,0,1.5,5,7,563000.0
2420,4,3.0,11,0,2.0,3,7,375000.0
1460,3,2.5,13,0,3.0,3,8,400000.0
2460,5,1.75,57,0,1.0,3,7,240000.0
1000,2,1.0,112,0,1.0,3,6,317500.0
4420,5,4.0,33,0,2.0,5,10,1315000.0
1240,3,1.0,93,0,1.0,3,6,234000.0
1740,3,2.5,39,0,2.0,4,9,645000.0
1280,2,1.0,107,0,1.0,3,7,649000.0
2520,4,2.5,11,0,2.0,3,8,605000.0
1500,3,3.5,15,0,3.0,3,7,337900.0
2490,3,2.75,109,0,2.0,3,8,535000.0
1530,4,1.0,57,0,1.0,3,7,325000.0
1740,4,2.25,47,0,1.0,3,8,429950.0
3550,3,2.5,26,0,2.0,3,9,775000.0
1280,2,1.0,49,0,1.0,3,7,650000.0
2320,4,2.25,48,0,2.0,5,8,1200000.0
1140,2,1.0,79,0,1.0,3,5,275000.0
3930,4,3.5,17,0,2.0,3,9,575000.0
2370,3,2.5,55,0,1.0,5,7,540000.0
2340,3,1.75,97,0,1.0,5,7,640000.0
1240,3,1.5,47,0,1.0,4,7,275000.0
2740,4,2.5,17,0,2.0,3,9,672800.0
1940,4,2.25,58,0,1.0,4,7,495000.0
2950,3,2.5,19,0,1.5,3,10,820000.0
1980,4,2.75,62,0,1.0,5,7,475000.0
2850,4,2.0,44,0,1.0,4,10,1275000.0
1160,3,1.0,48,0,1.0,3,7,380000.0
2130,3,2.0,27,0,1.0,4,8,397500.0
2420,5,2.5,36,0,1.0,3,7,352000.0
2820,6,2.5,48,0,1.0,5,8,893880.0
3710,5,3.25,28,0,2.0,3,8,635000.0
1770,3,2.25,37,0,2.0,3,7,420000.0
1260,3,2.0,28,0,1.0,4,7,503000.0
2330,2,1.75,61,0,1.0,4,7,689000.0
2490,4,2.75,92,0,1.5,4,7,749500.0
4090,6,3.75,30,0,2.0,3,9,1150000.0
2800,4,2.5,13,0,2.0,3,8,563500.0
2440,4,3.0,33,0,2.0,3,8,480000.0
2540,4,3.0,38,0,1.0,3,9,374950.0
1600,3,2.5,20,0,2.0,3,7,308950.0
2680,4,2.75,56,0,1.0,4,7,445000.0
1220,3,1.5,47,0,1.0,4,7,237200.0
1550,3,1.75,61,0,1.5,5,7,453500.0
2080,3,2.0,61,0,1.0,5,7,616500.0
5000,5,5.0,14,0,2.0,3,10,1250000.0
630,1,1.0,61,0,1.0,4,5,396000.0
1070,3,1.0,65,0,1.0,3,6,210000.0
1900,2,1.75,95,0,1.0,3,7,539000.0
2960,3,2.5,35,0,2.0,3,8,605000.0
1490,3,2.0,66,0,2.0,5,6,437500.0
1500,3,1.5,62,0,1.0,3,7,215000.0
2410,4,2.5,14,0,2.0,3,7,440000.0
2000,3,1.0,75,0,1.0,3,7,525000.0
1140,3,1.5,29,0,1.0,3,7,319900.0
1120,3,1.0,38,0,1.0,3,7,335000.0
2900,3,2.25,28,0,2.0,3,9,485000.0
3220,4,2.25,38,0,2.0,4,8,359999.0
2500,5,2.75,55,0,1.0,4,8,799000.0
1610,3,2.25,37,0,1.0,3,7,280000.0
2250,4,2.75,87,0,1.5,3,8,1050000.0
1240,1,2.0,104,0,2.0,3,6,290000.0
1660,2,2.25,19,0,2.0,3,7,235000.0
2080,3,1.75,89,0,1.0,4,7,495000.0
1880,3,2.25,35,0,2.0,3,8,290000.0
1050,4,1.5,45,0,1.0,4,7,230000.0
1480,3,1.75,47,0,1.0,4,7,234000.0
2420,4,2.5,13,0,2.0,3,7,597400.0
2190,4,2.5,48,0,1.0,4,7,370000.0
2660,4,2.5,21,0,2.0,3,9,755000.0
2430,3,2.5,16,0,2.0,3,7,342000.0
770,2,1.0,96,0,1.0,3,7,497000.0
3060,3,1.0,56,0,1.0,5,8,835000.0
2920,4,2.75,15,0,2.0,3,9,730000.0
1370,3,1.0,75,0,1.0,3,7,655000.0
1870,3,2.5,21,0,2.0,3,8,205000.0
1800,4,2.0,97,0,1.5,3,7,632750.0
2100,5,3.0,1,0,1.0,3,7,330000.0
2530,5,2.25,53,0,2.0,4,7,527500.0
3290,4,2.5,12,0,2.0,3,9,716500.0
1890,4,2.5,8,0,2.0,3,7,388500.0
1680,3,1.75,47,0,1.0,4,7,530000.0
2170,3,2.5,13,0,2.0,3,8,419000.0
1200,3,1.75,37,0,1.0,4,7,385000.0
2990,4,2.5,11,0,2.0,3,8,655000.0
3770,4,2.75,90,0,2.0,5,9,1695000.0
1020,2,1.0,110,0,1.0,5,7,279000.0
1700,3,1.5,53,0,1.0,4,7,262000.0
1550,4,1.0,95,0,1.5,3,7,533000.0
1680,3,1.75,65,0,1.0,3,8,640000.0
1680,3,2.25,27,0,2.0,3,7,285000.0
1910,4,2.5,93,0,1.0,3,8,458400.0
3160,5,3.25,55,0,1.0,5,7,620000.0
2020,3,1.5,58,0,1.0,4,6,465000.0
3210,4,3.75,29,0,2.0,4,8,690000.0
2350,3,2.25,37,0,1.0,3,7,462500.0
1910,4,2.5,20,0,2.0,3,8,369950.0
840,2,1.0,61,0,1.0,4,5,124500.0
2620,4,2.25,49,0,1.0,3,9,950000.0
1220,4,1.5,49,0,1.0,3,7,418000.0
1060,3,1.0,87,0,1.0,4,6,160000.0
2200,4,2.5,51,0,1.0,3,8,457000.0
2120,2,1.75,67,0,1.0,5,6,530000.0
1250,3,1.0,58,0,1.0,4,7,385000.0
1440,3,1.75,57,0,1.0,4,7,491000.0
1890,4,2.25,47,0,1.0,4,8,521000.0
1140,3,1.0,48,0,1.0,5,7,255000.0
2840,5,3.0,11,0,1.0,3,7,292050.0
1880,6,3.0,48,0,1.0,4,7,326000.0
750,2,1.0,73,0,1.0,4,6,300000.0
1630,3,1.75,36,0,1.0,3,7,291600.0
1720,5,1.5,48,0,1.0,3,7,435000.0
1600,3,2.5,9,0,3.0,3,8,465000.0
1230,3,2.25,101,0,1.5,5,7,200000.0
1610,3,1.5,55,0,1.0,4,7,238000.0
1320,4,2.5,58,0,1.0,4,7,455000.0
2180,6,3.0,34,0,2.0,3,7,230000.0
2190,4,2.25,86,0,2.0,5,8,808000.0
1490,3,1.0,98,0,1.5,3,7,578500.0
1463,3,2.0,11,0,3.0,3,7,390000.0
1800,3,2.5,26,0,2.0,3,8,517500.0
2880,4,2.75,102,0,1.5,3,9,755000.0
1250,3,1.75,89,0,1.0,4,7,579500.0
1670,3,2.75,0,0,3.0,3,9,649950.0
2000,4,1.75,49,0,1.0,3,7,228000.0
2280,4,1.75,88,0,1.5,5,7,665000.0
2110,4,2.5,16,0,2.0,3,9,689000.0
2520,4,2.5,37,0,1.0,3,8,560000.0
1590,3,1.0,70,0,1.0,3,7,529000.0
2100,5,2.5,45,0,1.0,5,8,375000.0
2090,4,2.75,65,0,1.0,4,6,325000.0
3390,4,2.5,25,0,2.0,3,10,583000.0
790,2,1.0,83,0,1.0,3,6,330000.0
1970,3,2.5,20,0,2.0,3,7,262000.0
2870,4,2.5,11,0,2.0,3,8,555000.0
1110,2,1.0,64,0,1.0,3,7,585000.0
1940,3,2.75,7,0,2.0,3,8,425590.0
720,2,1.0,67,0,1.0,4,6,235000.0
710,2,1.0,105,0,1.0,3,6,362362.0
1370,3,2.0,18,0,1.0,3,7,252000.0
2690,4,2.5,22,0,2.0,3,9,439000.0
3360,4,2.25,26,0,2.0,4,9,465000.0
1500,4,2.0,31,0,1.5,3,7,249900.0
2600,2,2.5,88,0,1.0,5,8,665000.0
1160,3,1.75,42,0,1.0,3,7,370000.0
1430,2,1.0,85,0,1.5,3,7,620000.0
1870,3,1.0,77,0,1.0,4,8,375000.0
2560,4,2.0,57,0,1.0,5,8,552625.0
1160,3,1.0,48,0,1.0,4,7,315500.0
1680,2,1.75,31,0,1.0,4,8,620000.0
2010,4,2.5,55,0,1.0,4,8,510000.0
2540,4,2.5,27,0,2.0,3,9,652500.0
3240,4,2.5,16,0,2.0,3,8,574000.0
2670,3,2.5,5,0,2.0,3,9,430000.0
1080,3,2.0,67,0,1.0,5,7,390000.0
1430,3,1.0,69,0,1.0,3,7,466500.0
1290,2,2.25,30,0,2.0,3,7,315000.0
1240,4,1.5,43,0,1.0,3,7,220000.0
1840,3,1.75,37,0,1.0,4,7,325000.0
1120,3,1.0,62,0,1.0,3,7,365000.0
2100,3,3.5,34,0,2.0,3,9,356000.0
2030,4,1.75,64,0,1.0,3,8,380000.0
2030,4,2.25,31,0,2.0,4,8,579000.0
890,2,1.0,72,0,1.0,3,7,682000.0
1750,3,1.75,46,0,1.0,4,7,499000.0
1300,3,1.0,47,0,1.0,3,7,333760.0
2650,4,2.5,20,0,2.0,3,11,745000.0
1750,3,1.75,46,0,1.0,5,7,380000.0
1440,3,3.0,9,0,3.5,3,8,435000.0
1700,3,2.75,96,0,1.0,3,7,520000.0
3920,4,2.5,27,0,2.0,4,10,965000.0
1470,3,2.25,55,0,1.0,4,7,270000.0
2520,5,2.75,99,0,1.5,4,8,1100000.0
2140,3,1.75,50,0,1.0,4,8,577500.0
1550,3,1.75,103,0,1.0,3,7,650000.0
3180,4,2.5,28,0,2.0,4,11,1227500.0
6510,5,4.25,34,0,2.0,4,11,1900000.0
1440,2,2.0,31,0,1.5,3,7,475000.0
1150,3,1.0,45,0,1.0,4,7,200000.0
2320,4,2.5,17,0,2.0,3,8,397000.0
1230,3,2.0,26,0,1.0,3,7,383610.0
2060,4,2.5,15,0,2.0,3,7,275000.0
2783,3,2.0,104,0,2.0,3,8,840000.0
2140,4,2.5,29,0,2.0,3,8,365000.0
1420,3,2.75,10,0,2.0,3,8,362000.0
2090,3,1.75,58,0,1.0,3,7,350000.0
1320,2,1.75,34,0,1.5,3,7,200000.0
2300,4,2.5,36,0,1.0,4,8,299000.0
3050,4,1.5,48,0,1.0,3,8,555000.0
2960,3,2.25,62,0,1.0,4,10,1326000.0
2520,5,2.75,54,0,1.0,4,8,896000.0
1740,2,1.75,64,0,1.0,3,8,550000.0
1300,2,1.0,29,0,1.0,3,7,324500.0
1170,3,1.0,55,0,1.0,4,7,312500.0
1946,4,3.25,25,0,2.0,4,7,485000.0
1250,2,1.0,91,0,1.0,4,7,511000.0
1230,2,1.5,32,0,2.0,3,7,139500.0
2180,4,2.5,25,0,2.0,4,8,464000.0
1740,3,1.75,37,0,1.0,3,7,255000.0
3830,4,2.5,11,0,2.0,3,8,679975.0
2250,3,2.0,50,0,1.0,4,8,624800.0
2590,3,2.75,31,0,2.0,3,9,920000.0
2090,3,2.5,86,0,1.5,4,9,1365000.0
2400,3,1.5,50,0,1.0,4,8,510000.0
2260,4,2.25,30,0,2.0,4,7,289659.0
2910,4,2.5,16,0,2.0,3,8,585000.0
3640,5,3.0,10,0,2.0,3,8,555000.0
3770,4,2.75,51,0,2.0,4,8,940000.0
1600,3,2.0,35,0,1.0,4,7,460000.0
2110,3,2.5,36,0,2.0,4,7,319000.0
1720,3,2.5,9,0,2.0,3,7,280000.0
1100,3,1.0,97,0,1.0,4,5,250000.0
2620,4,2.5,25,0,2.0,3,9,749950.0
3090,5,2.5,57,0,1.0,3,8,458000.0
1890,3,2.5,15,0,2.0,3,8,465000.0
1850,3,1.75,38,0,1.0,3,8,580000.0
3100,4,2.5,20,0,2.0,3,10,700000.0
2506,4,2.5,7,0,2.0,3,8,350000.0
1700,4,1.0,37,0,1.0,3,7,456000.0
1550,3,2.0,32,0,1.5,3,7,290000.0
2200,4,2.75,34,0,1.0,3,7,475000.0
1890,3,2.5,9,0,2.0,3,7,285000.0
1140,3,1.0,53,0,1.0,3,7,309000.0
3740,4,2.0,14,0,2.0,3,9,860000.0
1940,3,2.25,36,0,1.0,3,8,219000.0
2130,3,2.5,24,0,2.0,3,8,546500.0
1470,2,1.0,96,0,1.0,4,7,338000.0
1070,2,1.0,73,0,1.0,3,7,505000.0
1680,4,1.75,35,0,1.0,4,7,340000.0
2730,3,2.25,24,0,2.0,3,9,678000.0
1890,3,1.75,45,0,1.0,4,8,800000.0
1080,1,1.0,51,0,1.0,3,6,112000.0
1440,3,1.75,90,0,1.5,4,6,252000.0
2540,4,2.75,35,0,1.0,4,7,335000.0
2300,3,2.0,59,0,1.0,3,8,610000.0
1690,3,2.0,35,0,1.0,3,7,245000.0
1800,3,1.75,43,0,1.0,3,8,493500.0
1770,4,2.25,29,0,2.0,3,8,596500.0
1190,3,2.0,107,0,1.5,5,6,245000.0
1320,3,1.75,37,0,1.0,4,7,333500.0
1290,3,1.0,38,0,1.0,5,7,373000.0
3000,4,2.5,6,0,2.0,3,8,759900.0
1358,3,2.25,7,0,3.0,3,7,317000.0
1220,3,1.5,101,0,1.5,5,7,670000.0
2720,2,2.5,24,1,2.0,3,7,985000.0
1060,3,1.5,32,0,1.0,4,6,310000.0
3020,4,2.5,17,0,2.0,3,9,750000.0
1640,3,2.0,27,0,2.0,3,7,408000.0
3870,5,3.75,16,0,2.0,3,10,900000.0
2860,4,2.25,58,0,1.0,3,8,460000.0
1740,4,2.5,63,0,1.0,4,7,339000.0
1140,3,2.0,106,0,1.0,3,7,660000.0
3290,4,3.0,25,0,2.0,3,9,449950.0
1210,3,1.0,84,0,1.0,3,7,235000.0
3320,5,2.25,51,0,1.0,4,9,769000.0
1350,2,2.0,11,0,1.0,3,8,428000.0
1990,3,2.25,30,0,2.0,3,8,445000.0
2060,4,2.5,41,0,1.0,3,7,462000.0
1460,3,1.0,99,0,1.5,4,7,775000.0
2250,4,1.75,47,0,1.0,4,8,605000.0
950,2,1.0,68,0,1.0,4,7,193500.0
3140,4,2.5,23,0,2.0,3,9,389950.0
3560,4,3.5,8,0,2.0,3,10,790000.0
1410,2,1.0,97,0,1.0,4,7,442000.0
2770,4,2.25,40,0,2.0,3,8,890000.0
1864,3,1.0,57,0,1.0,4,7,235000.0
1930,4,1.75,55,0,1.0,3,8,495000.0
3870,4,2.5,8,0,2.0,3,10,600000.0
2020,3,2.0,77,0,1.5,3,10,1400000.0
1300,3,2.0,47,0,1.0,4,7,251000.0
3410,4,2.25,37,0,2.0,4,8,471000.0
2370,4,2.5,20,0,2.0,3,8,597000.0
2770,5,3.5,29,0,2.0,3,9,804000.0
1250,3,1.75,42,0,1.0,3,7,357000.0
1690,3,2.5,0,0,2.0,3,8,419990.0
3040,4,2.5,27,0,2.0,4,10,725000.0
2710,3,2.5,12,0,2.0,3,7,275000.0
1190,3,2.25,30,0,1.0,3,7,445000.0
2300,3,2.5,19,0,2.0,3,9,510000.0
1360,4,1.0,59,0,1.0,3,7,330000.0
1500,3,1.0,72,0,1.0,5,6,270000.0
1610,4,2.0,74,0,1.0,4,7,495000.0
1420,4,1.75,65,0,2.0,3,7,225000.0
1750,3,1.5,63,0,1.0,4,7,716528.0
1510,3,2.5,23,0,2.0,4,7,260000.0
2330,4,2.5,16,0,2.0,3,8,471000.0
2690,5,3.5,96,0,2.0,3,8,690000.0
1700,5,1.5,78,0,1.5,3,7,548000.0
1020,3,1.0,86,0,1.0,4,7,505000.0
1160,3,1.0,48,0,1.0,3,7,325000.0
2450,4,2.25,34,0,2.0,4,8,682000.0
2010,3,2.25,29,0,2.0,3,8,605000.0
1370,2,1.75,40,0,1.0,4,8,276200.0
1370,3,1.0,108,0,1.5,3,7,530000.0
1990,3,3.0,26,0,1.0,3,7,245000.0
2790,4,2.5,27,0,2.0,3,9,654950.0
780,2,1.0,75,0,1.0,3,6,221900.0
2240,4,2.0,89,0,1.0,4,8,466000.0
2210,3,2.0,12,0,1.0,3,8,383150.0
1390,4,1.0,90,0,1.0,3,7,657100.0
1800,3,2.0,27,0,2.0,3,8,539000.0
3320,6,3.0,37,0,1.0,4,8,400000.0
1960,4,2.5,83,0,1.0,5,6,215000.0
850,2,1.0,87,0,1.0,4,7,489000.0
2980,4,2.5,20,0,2.0,3,10,649000.0
1980,4,1.75,62,0,1.0,4,8,700000.0
790,2,1.0,61,0,1.0,4,6,268500.0
1800,3,2.5,18,0,2.0,3,7,515000.0
2260,4,2.0,37,0,1.0,3,9,685000.0
800,2,1.5,8,0,2.0,3,7,305000.0
2490,4,2.0,89,0,1.5,3,8,950000.0
1610,4,2.5,9,0,2.0,3,7,292500.0
1850,4,1.75,58,0,1.0,5,7,270000.0
1850,4,1.75,58,0,1.0,5,7,450000.0
1920,4,1.0,94,0,1.5,3,7,535000.0
1740,3,2.5,15,0,2.0,3,8,550000.0
1430,3,2.25,18,0,2.0,3,8,457500.0
1420,3,1.5,52,0,1.0,3,6,136500.0
1420,3,1.5,52,0,1.0,3,6,224097.0
1560,3,2.5,20,0,2.0,3,7,254000.0
2030,4,2.25,51,0,1.0,3,7,335000.0
3280,5,2.5,3,0,2.0,3,9,594950.0
1360,3,1.75,31,0,1.0,3,8,350000.0
1180,3,1.0,44,0,1.0,3,7,169950.0
1940,3,2.5,35,0,1.0,3,8,432500.0
1300,2,1.75,66,0,2.0,3,7,440000.0
1650,3,2.25,29,0,2.0,3,7,233703.0
1140,3,1.5,26,0,2.0,3,7,310000.0
2540,3,2.5,17,0,2.0,3,10,735000.0
3440,4,2.75,0,0,2.0,3,10,730000.0
1800,3,1.75,53,0,1.0,3,7,257000.0
1260,2,2.25,10,0,3.0,3,8,485000.0
2370,4,2.25,55,0,1.0,3,8,899000.0
1520,3,1.0,62,0,1.5,3,7,279000.0
1750,4,2.0,40,0,1.0,4,7,225000.0
2680,3,1.5,101,0,2.0,5,8,1355000.0
1590,3,2.5,14,0,2.0,3,7,355000.0
1560,4,1.75,47,0,1.0,4,7,382500.0
2000,3,2.5,22,0,2.0,4,8,324360.0
2380,3,1.75,49,0,1.5,3,8,315000.0
2230,2,1.0,63,0,2.0,3,7,426000.0
2820,5,2.5,12,0,2.0,3,8,395000.0
1570,3,1.0,92,0,1.5,5,5,212644.0
1845,3,3.0,67,0,2.0,5,8,510000.0
830,2,1.0,75,0,1.0,3,6,85000.0
830,2,1.0,75,0,1.0,3,6,235000.0
2030,4,2.5,14,0,2.0,3,8,295000.0
1430,3,2.5,104,0,1.5,4,7,720001.0
1510,3,1.0,74,0,1.0,4,6,313950.0
1510,3,1.0,74,0,1.0,4,6,415000.0
1610,3,1.75,33,0,1.0,3,8,305000.0
1600,3,1.5,108,0,1.5,3,8,625000.0
1420,3,1.0,54,0,1.0,4,7,490000.0
1660,3,2.0,27,0,2.0,4,8,269950.0
4230,5,4.0,65,1,2.0,3,8,2700000.0
3310,4,3.0,114,0,2.5,5,9,829000.0
2470,4,2.5,27,0,1.0,4,7,635000.0
1040,3,1.0,56,0,1.0,3,7,217500.0
1850,4,1.75,49,0,1.0,3,7,270000.0
4610,3,3.0,67,0,2.0,3,8,1245000.0
2480,4,2.5,8,0,2.0,3,8,480000.0
2130,3,1.75,60,0,1.0,3,8,575000.0
2350,4,2.75,13,0,2.0,3,7,426950.0
920,3,1.0,54,0,1.0,3,6,125000.0
920,3,1.0,55,0,1.0,3,6,208000.0
1780,4,2.0,38,0,1.0,4,7,325000.0
2690,7,4.0,54,0,1.0,4,8,597157.0
3010,4,2.5,9,0,2.5,3,8,728725.0
3180,5,2.0,46,0,1.0,3,8,708000.0
4120,4,3.0,9,0,2.0,3,11,1300000.0
1280,3,1.0,38,0,1.0,4,7,405000.0
1690,4,2.75,69,0,1.5,3,7,550000.0
2320,4,2.5,9,0,2.0,3,7,451000.0
3090,5,3.75,0,0,2.0,3,8,540500.0
5050,5,3.5,13,0,2.0,3,11,1025000.0
1640,4,1.0,51,0,1.0,3,7,218000.0
2170,4,2.25,40,0,1.0,3,8,562000.0
3140,4,2.5,37,0,2.0,4,8,401500.0
1090,2,1.0,60,0,1.0,3,7,196700.0
1930,3,1.75,39,0,1.0,4,8,583000.0
2100,5,2.5,40,0,1.0,4,7,309900.0
3110,4,3.0,19,0,2.0,3,9,485000.0
930,3,1.0,89,0,1.0,4,6,465000.0
2050,4,2.25,30,0,2.0,4,8,595000.0
1160,3,1.0,56,0,1.0,4,6,254000.0
1820,3,2.75,20,0,2.0,3,7,488500.0
2110,4,2.5,37,0,2.0,3,8,260000.0
870,2,1.0,71,0,1.0,4,6,166000.0
1080,2,1.5,91,0,1.0,3,6,440000.0
1260,3,2.0,72,0,2.0,5,6,375000.0
900,2,1.0,71,0,1.0,4,6,529500.0
750,2,1.0,80,0,1.0,4,6,338000.0
1800,3,2.25,29,0,1.0,3,8,335620.0
2220,4,2.25,37,0,1.0,3,9,464000.0
1390,2,1.0,89,0,1.0,4,6,354000.0
2160,4,3.5,16,0,2.0,3,8,601000.0
1840,3,2.25,36,0,1.0,3,8,285000.0
1690,2,2.0,108,0,2.0,3,7,462500.0
2650,4,2.5,25,0,2.0,4,8,350000.0
1120,4,1.0,42,0,1.0,3,7,329000.0
2500,4,2.5,31,0,1.0,3,7,312500.0
2220,4,2.5,13,0,2.0,3,7,370000.0
1260,3,1.75,36,0,1.0,3,7,399900.0
1480,3,1.0,89,0,1.5,4,6,398000.0
930,2,1.5,106,0,1.0,4,7,550500.0
2780,3,2.75,102,0,1.5,4,8,709000.0
2770,5,2.75,49,0,1.0,3,7,402000.0
1530,3,1.5,62,0,1.0,3,7,450000.0
2140,3,2.25,53,0,1.0,3,8,524000.0
4600,4,2.75,25,0,1.0,3,10,800000.0
1760,4,1.0,48,0,1.0,3,7,185000.0
1760,4,1.0,49,0,1.0,3,7,365000.0
3110,4,2.5,25,0,2.0,3,9,925000.0
2260,3,1.75,47,0,1.0,4,8,714000.0
1460,3,2.0,42,0,1.0,5,7,495000.0
2050,3,2.25,25,0,1.0,3,7,535000.0
2340,4,2.5,61,0,1.0,3,8,880000.0
1230,3,1.5,65,0,1.0,4,6,150000.0
1880,3,2.25,43,0,1.0,4,8,554500.0
1280,3,1.75,99,0,1.5,5,7,520000.0
3660,4,2.75,0,0,2.0,3,9,839990.0
1650,3,2.5,11,0,2.0,3,7,500000.0
1960,2,1.0,79,0,1.5,4,6,305000.0
1580,3,2.5,11,0,2.0,3,7,247800.0
2490,4,2.5,14,0,2.0,3,8,344200.0
2000,4,2.5,11,0,2.0,3,8,459950.0
1550,4,1.75,47,0,1.0,4,7,229900.0
2820,4,2.25,41,0,1.0,3,8,750000.0
2600,4,2.5,31,0,1.0,3,9,509000.0
2200,4,1.0,59,0,1.0,4,8,680000.0
2500,5,2.5,37,0,1.0,4,7,661500.0
1270,2,1.0,14,0,3.0,3,7,370000.0
2900,4,2.75,36,0,1.0,4,8,785000.0
840,2,1.0,62,0,1.0,3,7,355000.0
1940,4,2.0,63,0,1.0,4,7,446000.0
3490,5,3.5,19,0,2.0,3,8,830000.0
1940,3,2.5,24,0,2.0,3,8,324000.0
2490,4,2.25,33,0,2.0,3,8,500000.0
1390,3,1.0,63,0,1.0,4,7,745000.0
3940,4,2.5,93,0,2.0,4,8,1197000.0
1760,2,2.5,26,0,1.0,3,8,385000.0
2560,3,2.25,56,0,1.0,3,8,565000.0
2300,4,2.5,35,0,1.0,4,8,465000.0
1770,3,3.25,13,0,3.0,3,8,401000.0
2310,3,1.75,36,0,1.0,4,8,385000.0
2310,3,2.5,25,0,2.0,4,8,395000.0
2000,5,1.5,69,0,1.5,3,6,245000.0
1540,3,2.0,21,0,1.0,3,7,500000.0
2590,5,1.75,35,0,1.0,4,7,334000.0
980,3,1.0,62,0,1.0,4,7,550000.0
1730,3,1.0,53,0,1.0,4,7,216000.0
3070,3,2.5,86,0,3.0,4,8,340500.0
2100,4,2.25,39,0,2.0,4,8,375000.0
2080,3,2.75,49,0,1.0,3,8,600000.0
1890,4,1.75,54,0,1.0,4,7,375000.0
2000,4,1.75,88,0,1.5,5,7,536500.0
3030,3,3.0,30,0,2.0,4,8,599900.0
1110,2,1.5,111,0,1.0,5,7,750000.0
1650,3,1.0,60,0,1.0,3,7,355000.0
1410,3,2.0,67,0,1.0,4,7,590000.0
2140,2,1.0,69,0,1.0,4,7,680000.0
1860,3,2.5,20,0,2.0,3,8,429000.0
1170,2,1.0,106,0,1.0,4,7,581000.0
980,3,1.5,47,0,1.0,4,7,463800.0
7400,5,5.5,13,0,2.0,3,13,2983000.0
1650,5,1.75,112,0,1.5,3,8,443000.0
1480,3,2.5,28,0,1.0,3,7,276200.0
4060,5,3.5,14,0,2.0,3,9,630000.0
1370,3,1.75,87,0,2.0,5,7,570000.0
2480,4,2.25,85,0,2.0,3,10,979700.0
2030,4,2.5,93,0,1.5,4,8,730000.0
2200,5,2.25,51,0,1.0,4,7,268450.0
1770,3,1.75,53,0,1.0,3,7,490000.0
2550,3,2.5,57,0,1.0,5,8,808000.0
1250,3,1.0,46,0,1.0,4,7,350000.0
2390,4,1.75,57,0,1.0,3,8,695000.0
5730,4,2.5,23,0,2.0,3,11,1228000.0
1120,1,1.0,64,0,1.5,3,7,309950.0
1270,3,1.0,72,0,1.0,4,6,134000.0
2390,4,2.5,26,0,2.0,3,10,645500.0
1760,3,2.0,88,0,1.5,3,7,750000.0
2560,3,2.5,47,0,2.0,3,9,1399000.0
1820,4,1.75,59,0,1.0,4,7,344900.0
1840,2,3.25,13,0,3.0,3,8,601450.0
1810,4,2.0,106,0,2.0,3,8,575000.0
2470,3,1.75,52,0,1.0,4,7,405000.0
2520,4,2.75,15,0,2.0,3,9,518000.0
1600,2,1.0,67,0,1.0,3,7,265000.0
1280,3,1.0,45,0,1.0,5,6,180000.0
1590,3,2.5,30,0,2.0,3,7,285000.0
2000,3,2.75,61,0,1.0,3,7,433000.0
1780,3,1.75,38,0,1.0,3,8,399000.0
1700,3,2.5,48,0,2.0,5,7,565000.0
1970,3,1.5,49,0,1.0,3,7,406500.0
1940,4,1.75,59,0,1.0,4,7,420000.0
3290,4,3.5,109,0,1.5,3,8,965000.0
3500,4,3.5,18,0,2.0,3,10,1375000.0
3260,5,2.25,32,0,2.0,4,8,353950.0
4230,5,3.25,18,0,2.0,3,10,847700.0
1590,5,1.0,72,0,1.5,3,6,185000.0
1010,2,1.5,91,0,1.0,4,7,269000.0
1820,3,1.75,38,0,1.0,3,7,422800.0
870,2,1.0,67,0,1.0,3,7,379950.0
1620,3,2.0,45,0,1.0,3,7,525000.0
3980,4,3.5,8,0,2.0,3,9,810000.0
1630,4,1.0,52,0,1.0,3,6,209950.0
1230,3,2.0,11,0,2.0,3,8,439950.0
3510,4,2.0,49,0,1.0,3,8,554820.0
2160,4,2.5,13,0,2.0,3,7,359000.0
1020,3,1.0,73,0,1.0,3,6,242500.0
1590,3,1.75,60,0,1.0,4,7,330000.0
3440,3,2.25,35,0,2.0,4,10,740000.0
3020,5,1.0,113,0,2.0,3,7,630000.0
2280,3,1.75,73,0,1.0,4,8,750000.0
2790,4,2.5,15,0,2.0,3,9,695000.0
580,2,0.5,74,0,1.0,3,5,109000.0
2030,3,1.5,54,0,1.0,5,7,389000.0
850,2,1.0,90,0,1.0,5,6,447000.0
2480,3,2.0,59,0,1.0,2,7,1200000.0
1010,3,1.75,37,0,1.0,4,7,315000.0
2420,3,2.5,27,0,2.0,3,10,640000.0
2180,3,2.25,30,0,2.0,3,9,570000.0
1830,3,2.75,17,0,2.0,3,8,495000.0
2040,5,2.75,45,0,1.0,4,7,449500.0
2640,4,2.75,72,0,2.0,3,9,1084500.0
1060,2,1.0,63,0,1.0,3,7,294950.0
1640,3,1.0,54,0,1.0,3,7,170500.0
1190,4,1.0,88,0,1.5,3,6,312000.0
2180,3,2.5,22,0,1.0,3,8,350000.0
2120,4,2.5,25,0,2.0,4,9,690000.0
2210,4,2.5,15,0,2.0,3,7,375000.0
2510,4,2.5,27,0,2.0,3,9,575000.0
2500,4,2.25,36,0,1.0,4,8,646000.0
1560,3,2.5,41,0,2.0,4,7,239950.0
2510,5,2.5,85,0,1.5,4,7,400000.0
3060,4,1.75,57,0,1.0,3,8,455000.0
1310,3,2.0,24,0,1.0,3,7,240000.0
2500,3,2.0,92,0,1.5,5,7,695000.0
670,2,1.0,72,0,1.0,5,6,304950.0
1840,3,1.75,100,0,1.0,4,8,650000.0
1480,3,1.75,19,0,2.0,3,7,402500.0
2420,3,2.5,16,0,2.0,3,7,482000.0
1820,3,2.0,91,0,1.0,5,7,655000.0
1940,5,2.75,63,0,2.0,5,7,577000.0
1630,3,2.5,28,0,2.0,3,7,350000.0
2520,4,2.25,44,0,1.0,3,8,415000.0
2120,4,2.5,31,0,2.0,2,7,396400.0
2490,3,2.5,15,0,2.0,3,9,654300.0
3410,4,2.5,10,0,2.0,3,10,774950.0
2380,4,2.0,89,0,2.0,3,8,855000.0
2490,3,2.5,96,0,2.0,5,8,1145000.0
1240,2,2.5,7,0,2.0,3,7,330000.0
1900,4,2.25,55,0,1.0,4,7,290000.0
2390,3,3.0,6,0,1.5,3,8,519500.0
1810,3,1.75,37,0,1.0,3,7,450000.0
1620,3,1.0,86,0,1.5,3,7,265000.0
2640,4,2.5,25,0,2.0,3,8,359000.0
2870,4,3.75,3,0,2.0,3,10,2000000.0
3250,4,2.5,30,0,1.0,3,8,1050000.0
800,2,1.0,68,0,1.0,5,6,402500.0
1360,3,1.75,57,0,1.0,4,7,450000.0
1950,5,2.25,35,0,1.0,3,7,262500.0
1970,4,2.25,36,0,2.0,3,8,285000.0
2020,3,2.5,10,0,2.0,3,7,290000.0
2280,2,2.5,9,0,1.0,3,8,752500.0
3540,4,2.75,16,0,2.0,3,10,820000.0
1560,3,2.5,15,0,2.0,3,8,292000.0
750,2,1.0,77,0,1.0,3,6,213000.0
2240,4,3.0,72,0,2.0,3,7,400000.0
590,1,0.75,70,0,1.0,3,6,202000.0
1580,3,2.0,34,0,1.0,3,7,617450.0
1040,3,1.0,59,0,1.0,4,7,250000.0
1880,5,1.75,51,0,1.0,3,7,405000.0
1070,2,1.0,64,0,1.0,3,7,325000.0
1860,3,3.0,60,0,1.0,5,7,301350.0
1550,2,1.75,75,0,1.0,3,7,425000.0
1860,3,1.0,60,0,1.0,3,8,460000.0
3090,3,2.5,23,0,2.0,3,10,938000.0
1720,3,1.75,29,0,1.0,3,8,348000.0
1260,2,1.0,88,0,1.5,5,7,435000.0
1120,3,1.5,51,0,1.0,4,7,227950.0
1250,2,1.0,67,0,1.0,3,6,425000.0
1810,3,2.0,89,0,1.5,3,7,550000.0
1890,3,2.5,22,0,2.0,4,8,347500.0
2020,4,1.75,55,0,1.0,3,7,397000.0
1790,4,1.75,45,0,1.0,4,7,410000.0
3190,3,3.5,16,0,2.0,3,10,780000.0
3030,4,3.25,89,0,1.5,5,9,1350000.0
1630,3,2.25,10,0,2.0,3,7,476000.0
1180,3,1.75,47,0,1.0,4,7,390000.0
1560,3,2.0,46,0,1.0,4,7,226500.0
1340,3,2.0,30,0,2.0,3,7,495000.0
2590,5,3.25,47,0,1.0,4,9,1500000.0
1020,3,1.0,65,0,1.0,3,6,385000.0
2370,3,2.5,12,0,2.0,3,9,535950.0
3170,4,2.5,25,0,2.5,3,10,910000.0
1120,2,1.0,89,0,1.0,3,7,465000.0
1440,3,1.75,31,0,1.0,3,8,495000.0
2170,4,2.0,95,0,1.5,5,6,250000.0
3490,4,2.25,86,0,2.0,4,10,1225000.0
1970,4,2.25,42,0,2.0,3,7,400000.0
2780,4,2.5,27,0,2.0,3,10,715000.0
2250,3,2.0,23,0,1.0,3,8,342000.0
1340,4,1.75,48,0,1.0,5,7,420000.0
1400,3,1.0,46,0,1.0,4,7,148226.0
1510,3,1.0,46,0,1.0,4,7,313000.0
1320,3,1.0,55,0,1.0,3,7,150000.0
820,2,1.0,60,0,1.0,3,7,150000.0
1080,2,1.0,56,0,1.0,3,6,230000.0
840,2,1.0,66,0,1.0,4,7,389100.0
2070,4,2.25,40,0,1.0,5,8,645000.0
1520,3,1.0,57,0,1.0,3,7,310000.0
1210,2,1.75,0,0,2.0,3,8,351358.0
3810,5,2.75,1,0,2.0,3,10,1700000.0
5370,4,3.5,13,0,2.0,3,10,1565000.0
1540,3,2.0,114,0,2.0,3,8,850000.0
2310,4,2.5,23,0,2.0,3,9,470000.0
1870,3,2.25,6,0,3.0,3,8,770000.0
1840,3,1.75,37,0,1.0,4,8,366000.0
2060,3,2.5,27,0,2.0,3,8,545000.0
1010,3,1.0,46,0,1.0,4,7,205000.0
1020,2,1.0,66,0,1.0,4,7,405000.0
2220,4,2.5,42,0,1.0,3,7,467000.0
1050,2,1.0,105,0,1.0,4,7,392500.0
3030,4,2.75,41,0,1.5,3,9,901000.0
1800,3,1.75,42,0,1.0,3,7,500000.0
1860,3,2.5,14,0,2.0,3,7,384950.0
4070,4,3.5,9,0,2.0,3,11,1700000.0
860,2,1.0,66,0,1.0,3,7,245000.0
3080,4,2.25,47,0,2.0,4,9,1165000.0
1280,3,1.5,32,0,2.0,3,6,184500.0
1540,2,2.0,29,0,1.5,3,8,269000.0
1530,3,2.5,16,0,2.0,3,8,570000.0
2350,4,1.75,53,0,1.0,4,8,850000.0
920,3,1.0,46,0,1.0,4,6,209000.0
1840,4,1.75,81,0,1.0,4,5,327000.0
1650,3,1.5,53,0,1.0,4,7,369500.0
1760,3,1.75,39,0,1.0,4,7,440000.0
3290,4,2.25,46,0,1.5,4,10,947500.0
1270,2,1.0,96,0,1.5,4,7,510000.0
1600,3,2.0,74,0,1.0,3,7,385000.0
2670,5,3.0,24,0,1.0,3,8,370000.0
1960,4,1.5,92,0,1.5,3,7,660000.0
3300,3,4.25,39,0,2.0,4,9,729000.0
2000,3,1.75,35,0,2.0,3,8,440000.0
2360,4,2.5,14,0,1.0,3,8,445000.0
1430,2,1.0,76,0,1.0,4,7,460000.0
2330,3,3.0,43,0,1.0,3,9,516000.0
2060,4,2.5,12,0,2.0,3,7,343888.0
2240,4,1.75,49,0,1.5,4,7,500000.0
2330,5,1.75,57,0,1.0,3,8,465000.0
2180,5,2.25,28,0,2.0,3,7,302000.0
1280,2,1.0,101,0,1.0,4,6,195000.0
2140,3,2.5,23,0,2.0,3,8,640000.0
2890,6,2.5,37,0,1.0,3,8,502000.0
1480,3,2.5,17,0,2.0,3,8,360000.0
1680,4,2.5,12,0,2.0,3,7,290500.0
2163,4,3.0,8,0,2.0,3,7,248000.0
2280,4,2.5,13,0,2.0,4,7,433000.0
820,2,1.0,35,0,1.0,3,7,480000.0
1330,3,1.0,58,0,1.0,3,7,410000.0
2310,4,2.75,8,0,2.0,3,7,309950.0
1290,3,2.0,24,0,1.0,5,7,253000.0
1630,3,1.75,43,0,1.0,4,7,280000.0
1410,3,1.0,57,0,1.0,3,7,440000.0
1240,5,1.75,60,0,1.0,3,7,333000.0
3100,3,2.5,12,0,2.0,3,9,759950.0
2020,3,2.25,35,0,2.0,3,7,345000.0
2500,4,2.5,7,0,2.0,3,8,350000.0
790,2,1.0,63,0,1.0,3,7,198000.0
2040,3,1.75,62,0,1.0,4,7,730000.0
1430,3,1.5,48,0,1.0,4,7,266200.0
2250,4,2.5,48,0,2.0,5,8,1060000.0
1070,2,1.0,66,0,1.0,2,6,95000.0
1300,3,1.75,33,0,1.0,3,8,430000.0
2560,4,2.25,41,0,2.0,4,7,650000.0
2190,3,2.5,11,0,2.0,3,8,379900.0
940,2,1.5,11,0,2.0,3,7,325000.0
1740,4,2.25,56,0,1.0,4,7,455000.0
2220,4,3.75,97,0,1.5,4,6,392000.0
1310,3,1.75,38,0,1.0,3,7,373000.0
2710,5,3.0,61,0,1.0,3,8,951250.0
1300,3,2.0,59,0,1.0,3,7,502000.0
1940,3,2.0,15,0,1.0,3,7,362500.0
1080,2,1.0,90,0,1.0,3,7,525000.0
2110,4,2.5,38,0,1.0,4,7,580000.0
1590,3,2.25,29,0,1.0,3,7,278000.0
910,2,1.0,91,0,1.0,4,7,422500.0
1590,4,2.0,114,0,1.0,3,7,783200.0
3290,4,2.5,11,0,2.0,3,9,715000.0
2010,3,2.5,0,0,2.0,3,8,472217.0
2060,3,2.5,15,0,2.0,3,7,244615.0
1560,3,1.75,70,0,1.0,3,6,385000.0
1120,3,1.0,71,0,1.0,3,7,549995.0
3550,4,3.75,10,0,2.0,3,11,959900.0
3300,6,4.5,34,0,2.0,3,8,510000.0
2000,3,1.75,49,0,1.0,4,7,367000.0
2680,5,3.0,24,0,2.0,3,8,375000.0
1290,2,2.25,7,0,3.0,3,8,500000.0
1290,2,2.25,8,0,3.0,3,8,489000.0
1150,3,2.0,15,0,2.0,3,7,340000.0
1880,3,1.75,58,0,1.0,5,7,562000.0
2400,3,2.5,12,0,2.0,3,9,489950.0
1920,3,2.25,46,0,1.0,4,8,652000.0
4350,4,3.25,15,0,2.0,3,8,472000.0
1910,4,2.5,51,0,1.0,4,6,333000.0
2000,3,1.5,61,0,1.0,3,8,560000.0
3290,4,3.5,24,0,2.0,3,10,799000.0
3480,5,2.25,35,0,2.0,3,8,860000.0
2410,4,2.5,26,0,2.0,3,9,449500.0
2820,4,3.0,23,0,2.0,3,10,692500.0
2710,4,1.75,38,0,1.0,4,9,925000.0
2080,3,2.25,11,0,1.5,3,7,267500.0
2200,4,2.5,4,0,2.0,3,8,396800.0
1180,4,1.5,46,0,1.0,5,7,220000.0
2120,3,1.75,55,0,1.0,3,9,892500.0
1460,3,2.0,39,0,1.0,4,7,455500.0
2110,3,1.75,53,0,1.0,4,8,743000.0
1790,4,1.5,63,0,1.0,4,6,338000.0
1340,3,1.75,36,0,1.0,3,7,332000.0
2460,3,1.0,97,0,1.5,4,7,563225.0
3760,4,3.5,25,0,2.0,3,11,1150000.0
1240,2,1.0,94,0,1.0,3,7,645000.0
2750,3,2.5,33,0,2.0,4,9,739000.0
2530,3,2.5,21,0,2.0,3,9,435000.0
3200,3,2.25,100,0,2.0,5,9,995000.0
2020,4,2.75,29,0,1.0,3,7,520000.0
3030,4,2.5,28,0,2.0,3,7,400000.0
2350,3,1.75,36,0,1.0,3,7,440000.0
1690,3,1.5,68,0,1.0,3,7,440000.0
1280,3,1.0,94,0,1.0,4,7,738000.0
1170,3,1.5,52,0,1.0,3,7,250000.0
2700,4,2.25,22,0,2.0,3,8,338150.0
1800,3,2.25,35,0,1.0,3,7,425000.0
3670,4,2.5,15,0,2.0,3,10,883000.0
2350,3,2.0,31,0,1.5,3,7,510000.0
3100,4,1.75,52,0,1.0,4,9,950000.0
1120,3,1.0,59,0,1.0,5,7,435000.0
1900,5,1.5,53,0,1.0,3,7,415000.0
1350,2,2.5,10,0,2.0,3,9,439000.0
1410,5,1.0,59,0,1.0,5,7,295832.0
1560,3,1.75,47,0,1.0,4,7,285000.0
1090,3,1.5,53,0,1.0,3,7,350000.0
1465,2,2.75,8,0,2.0,3,7,489000.0
1790,3,2.25,40,0,1.0,3,7,304500.0
1300,3,1.5,47,0,1.0,4,7,288000.0
1920,3,1.75,35,0,1.0,3,8,417000.0
1420,3,3.0,10,0,2.0,3,8,615000.0
3760,5,3.5,10,0,2.0,3,9,730000.0
930,2,1.0,36,0,1.0,4,8,178500.0
1580,4,2.0,49,0,1.0,5,7,300000.0
2170,4,2.5,59,0,1.0,3,7,415000.0
2040,3,1.75,55,0,1.0,4,8,452500.0
3430,4,2.75,9,0,1.0,3,11,1010000.0
2160,4,2.5,25,0,2.0,4,9,653000.0
2060,4,2.25,73,0,1.0,5,8,715000.0
1410,3,1.75,87,0,1.5,4,7,541000.0
1850,4,1.5,54,0,1.5,4,7,245000.0
1370,2,1.0,93,0,1.5,4,7,547000.0
3330,5,2.75,39,0,1.0,3,10,750000.0
1970,5,2.5,56,0,1.0,3,8,575000.0
1310,3,1.75,30,0,1.0,4,6,216000.0
1640,3,1.75,98,0,1.0,4,6,443000.0
1600,4,2.25,28,0,2.0,4,7,257700.0
1230,3,1.0,37,0,1.0,3,7,278000.0
2240,3,2.5,11,0,2.0,3,7,300000.0
2190,3,2.5,20,0,2.0,3,8,269100.0
990,3,1.0,85,0,1.5,4,7,402500.0
1010,2,1.5,33,0,2.0,3,7,306888.0
2920,4,2.5,36,0,2.0,4,10,795000.0
2310,4,2.5,11,0,2.0,4,9,525000.0
3470,3,2.5,26,0,2.0,3,10,1050000.0
1220,2,1.0,76,0,1.0,3,6,452000.0
1550,3,2.25,15,0,2.0,3,7,350000.0
2070,4,2.5,8,0,2.0,3,8,410000.0
2060,3,1.75,109,0,1.5,3,7,595000.0
1690,3,2.5,11,0,2.0,3,7,499000.0
2550,4,2.5,13,0,2.0,3,8,340000.0
3370,5,3.25,13,0,2.0,3,10,1065000.0
2230,4,3.0,23,0,2.0,3,8,460000.0
2382,4,2.5,3,0,2.0,3,8,345000.0
1620,3,2.25,25,0,2.0,3,7,280500.0
1140,3,1.0,89,0,1.5,3,7,704000.0
2140,3,2.5,24,0,2.0,4,8,545000.0
1900,3,1.5,52,0,1.0,5,7,335000.0
3370,4,3.0,26,0,1.0,3,10,1325000.0
2300,3,2.75,49,0,1.0,3,7,420000.0
2040,4,2.0,78,0,1.0,5,7,705000.0
1840,4,1.75,24,0,1.0,3,7,274900.0
2860,4,2.5,10,0,2.0,3,8,499950.0
1400,3,1.5,62,0,1.0,4,7,415250.0
990,3,1.0,57,0,1.0,4,7,222000.0
3120,3,2.0,34,0,1.0,4,7,375000.0
1640,3,2.5,20,0,2.0,3,7,300000.0
2820,3,1.75,94,0,1.0,5,7,456700.0
1970,3,2.75,100,0,1.5,3,8,925500.0
2840,5,2.5,39,0,1.0,4,8,375000.0
2370,3,2.5,21,0,2.0,3,9,420000.0
2610,3,2.5,10,0,2.0,3,8,575000.0
1340,3,2.0,100,0,1.0,3,6,335000.0
1300,4,2.0,57,0,1.0,3,7,428000.0
3340,4,2.5,37,0,1.0,4,8,655000.0
2630,3,3.0,8,0,2.0,3,9,738000.0
1960,5,1.75,49,0,1.0,3,7,415000.0
1090,3,1.0,69,0,1.0,4,6,392000.0
1550,2,1.0,73,0,1.0,4,7,555000.0
1770,3,2.5,10,0,2.0,3,7,260000.0
1390,3,1.0,75,0,1.5,3,6,392500.0
2979,3,2.5,21,0,2.0,3,11,912000.0
830,2,1.0,71,0,1.0,3,6,135000.0
1560,3,2.75,36,0,1.0,3,7,500000.0
1360,3,1.5,39,0,1.0,4,7,238000.0
1650,4,2.0,42,0,1.0,5,7,251000.0
1510,2,1.75,36,0,2.0,4,8,406500.0
3010,4,2.25,27,0,2.0,4,9,433495.0
1510,3,2.25,29,0,1.0,4,7,265000.0
1950,3,1.75,58,0,1.0,3,8,360000.0
1800,4,1.0,59,0,1.0,5,7,425000.0
2810,2,2.75,47,0,1.0,3,7,450000.0
1760,3,1.75,61,0,1.0,5,7,449900.0
2040,4,2.5,10,0,2.0,3,8,345000.0
1690,4,2.0,47,0,1.0,3,7,612500.0
1530,3,1.75,37,0,1.0,4,8,317000.0
1810,3,1.5,86,0,1.5,4,8,585000.0
1180,3,1.75,33,0,1.0,3,7,455000.0
4090,4,4.0,23,0,2.0,3,11,1035000.0
2250,4,2.25,46,0,2.0,4,8,497000.0
1070,3,1.75,23,0,1.0,3,7,226750.0
1820,4,2.0,64,0,1.0,3,7,385000.0
1080,3,0.75,66,0,1.0,3,5,205000.0
2760,4,2.5,25,0,2.0,4,9,745000.0
2550,4,2.5,9,0,2.0,3,8,371000.0
2080,4,2.5,23,0,2.0,3,8,545000.0
1280,3,1.0,84,0,1.5,4,7,443000.0
950,2,1.0,64,0,1.0,3,7,287000.0
1050,3,1.0,31,0,1.0,3,7,194000.0
1800,3,1.0,57,0,1.0,5,7,265000.0
3840,4,2.75,52,0,1.0,4,9,1135000.0
3674,4,3.25,28,0,2.0,3,9,699950.0
1710,4,1.0,64,0,1.5,3,7,433000.0
910,2,1.75,11,0,1.0,3,6,200000.0
1340,3,1.5,47,0,1.0,3,7,289571.0
2340,4,2.75,47,0,1.0,3,8,440000.0
1510,3,1.5,54,0,1.0,3,7,400000.0
2630,4,2.5,52,0,2.0,5,8,589000.0
3100,5,2.25,29,0,2.0,3,9,850000.0
940,3,1.0,112,0,1.5,3,7,520000.0
1370,2,2.25,15,0,2.0,3,7,555000.0
2480,3,2.5,11,0,2.0,3,7,470000.0
1068,2,1.5,24,0,2.0,3,7,207000.0
2390,4,2.75,38,0,1.0,3,8,379750.0
2170,4,1.75,65,0,1.0,3,7,709000.0
1520,3,2.5,21,0,1.0,3,7,240000.0
2210,4,1.5,62,0,1.0,4,8,445500.0
3200,5,2.5,55,0,1.0,5,8,1308000.0
1160,3,1.5,56,0,1.0,4,7,210000.0
2670,4,2.5,15,0,2.0,3,8,603000.0
2520,3,2.5,28,0,2.0,3,10,720000.0
760,2,1.0,67,0,1.5,3,5,92000.0
1310,3,1.75,114,0,2.0,4,7,600000.0
2750,4,2.5,67,0,1.0,4,8,725000.0
1790,5,2.25,53,0,1.0,3,7,409950.0
1790,3,2.5,25,0,2.0,3,8,515000.0
2400,4,2.5,47,0,1.0,5,8,495000.0
2420,4,2.25,41,0,2.0,4,9,998000.0
1710,3,1.75,28,0,1.0,4,8,630000.0
2000,3,1.75,42,0,1.0,3,8,410000.0
1580,3,2.25,35,0,1.0,4,8,602000.0
2310,4,2.75,34,0,1.0,5,8,750000.0
3580,4,3.0,23,0,2.5,3,10,711600.0
4320,4,4.0,8,0,2.0,3,11,1050000.0
2560,3,2.5,33,0,2.0,3,9,700500.0
3220,4,2.5,24,0,2.0,3,10,710000.0
1660,3,2.0,29,0,1.0,3,7,250000.0
2420,4,1.75,50,0,1.0,5,7,350000.0
2870,7,3.5,53,0,1.0,3,7,475000.0
830,2,1.0,95,0,1.0,2,6,200000.0
1710,4,2.25,42,0,1.0,4,7,450000.0
2600,5,2.5,9,0,2.0,3,7,316000.0
670,1,1.0,94,0,1.0,3,5,310000.0
1500,3,1.5,45,0,1.0,4,7,392000.0
1460,3,3.25,14,0,3.0,3,8,521000.0
1540,2,2.0,65,0,1.0,3,7,495000.0
1250,3,1.75,47,0,1.0,4,7,209000.0
2230,4,2.0,55,0,1.5,5,9,809950.0
1800,2,1.75,64,0,1.0,3,7,400000.0
2400,4,2.5,35,0,1.0,3,8,415000.0
2370,4,2.0,36,0,2.0,4,8,411000.0
1830,2,2.0,88,0,1.0,4,7,825000.0
1480,3,2.25,7,0,3.0,3,8,436000.0
2620,4,2.5,23,0,2.0,3,9,460000.0
1300,3,1.0,55,0,1.0,4,6,281000.0
3120,4,1.5,58,0,1.0,3,8,976000.0
2400,4,2.5,20,0,2.0,3,8,485000.0
1430,3,2.5,30,0,2.0,3,7,429000.0
2480,3,2.5,25,0,2.0,3,9,729000.0
2280,3,2.5,12,0,2.0,3,8,625000.0
1390,3,1.75,28,0,1.0,4,7,218500.0
1030,3,1.0,55,0,1.0,4,7,175000.0
1120,3,1.0,77,0,1.0,4,7,442500.0
1300,3,2.0,29,0,2.0,3,7,480000.0
2410,3,2.25,49,0,1.0,4,8,715500.0
1470,3,1.75,51,0,1.0,3,8,432500.0
4720,5,4.25,9,0,2.0,3,11,875000.0
2910,5,2.75,74,0,2.0,4,8,605000.0
5000,4,4.0,13,0,3.0,3,12,1688000.0
1690,3,2.25,33,0,1.0,5,7,318000.0
1000,2,1.0,67,0,1.0,4,7,311300.0
2400,5,2.75,23,0,1.0,3,7,325000.0
3330,5,3.5,6,0,2.0,3,9,795000.0
2060,4,2.25,52,0,1.0,4,8,558000.0
3090,4,2.5,19,0,2.0,3,9,370000.0
2350,4,2.5,21,0,2.0,3,8,598850.0
2180,3,2.5,20,0,2.0,3,8,515700.0
1870,3,2.5,11,0,2.0,3,8,458000.0
3530,3,2.25,30,0,2.5,4,10,583500.0
2460,4,2.5,11,0,2.0,3,9,653750.0
1650,3,2.5,3,0,2.0,3,8,299000.0
3480,5,3.0,38,0,1.0,4,8,532000.0
3176,3,2.75,29,0,2.0,4,9,819000.0
2420,4,2.25,47,0,1.0,5,9,945000.0
2260,4,2.5,31,0,1.0,3,9,608700.0
2380,4,2.0,66,0,1.0,4,8,812000.0
3400,5,2.5,55,0,1.0,4,8,464000.0
3770,4,2.5,25,0,2.0,3,10,950000.0
2672,4,2.5,9,0,2.0,3,8,700000.0
1180,3,1.0,75,0,1.0,3,7,435000.0
1810,3,1.5,60,0,1.0,4,7,229500.0
2610,3,3.0,62,1,1.5,4,8,1575000.0
1450,3,2.25,51,0,1.0,4,7,265000.0
1600,2,2.0,64,0,1.0,3,7,995000.0
2650,3,2.5,39,0,1.0,5,8,590000.0
2490,4,2.75,35,0,2.0,3,9,740000.0
850,2,0.75,105,0,1.0,5,6,360000.0
1820,4,2.0,39,0,1.0,3,7,548500.0
1960,3,1.75,94,0,1.0,4,7,599000.0
2350,3,1.75,36,0,1.0,4,8,615000.0
1320,3,1.75,26,0,1.0,3,7,292000.0
3720,4,2.5,26,0,2.0,3,10,899000.0
2210,3,1.5,102,0,1.0,4,7,500000.0
1910,3,2.5,11,0,1.5,3,8,580000.0
2840,4,2.5,16,0,2.0,3,9,580000.0
1320,3,1.0,94,0,1.0,4,7,594000.0
2440,3,2.5,34,0,1.0,3,7,500000.0
2420,4,2.5,26,0,1.0,3,8,550000.0
1180,3,1.75,22,0,1.0,4,8,275000.0
1820,3,2.25,32,0,2.0,4,8,390000.0
3760,3,3.0,104,0,2.5,4,10,1250000.0
1560,3,2.25,17,0,2.0,3,7,250000.0
1790,2,2.5,35,0,2.0,4,8,405000.0
1430,3,1.0,46,0,1.0,3,6,213950.0
1390,3,1.5,51,0,1.0,4,7,232000.0
990,3,1.0,56,0,1.0,4,6,207000.0
1880,3,1.75,26,0,1.0,3,8,310000.0
2520,3,2.5,24,0,3.0,3,9,540000.0
2060,4,1.5,95,0,1.5,3,7,750000.0
2150,4,2.5,9,0,2.0,3,8,392500.0
2500,5,2.5,53,0,1.0,3,8,305000.0
2390,3,2.5,30,0,2.0,3,9,735000.0
2400,4,2.5,24,0,2.0,3,8,575000.0
660,2,1.0,99,0,1.0,3,6,175000.0
1580,4,2.5,30,0,2.0,4,7,291000.0
3250,4,2.5,20,0,2.0,3,10,791500.0
1880,3,2.0,63,0,1.0,3,8,475000.0
1190,2,1.0,63,0,1.0,3,7,238950.0
1280,3,3.5,14,0,2.0,3,8,470000.0
2380,4,1.75,37,0,1.0,3,8,420000.0
2040,3,2.5,19,0,2.0,3,8,440000.0
1440,4,1.75,85,0,1.5,4,8,656000.0
2120,3,2.5,13,0,2.0,3,7,559950.0
990,2,2.0,79,0,1.0,3,6,600000.0
1710,3,1.0,42,0,1.0,4,7,255000.0
1840,4,1.5,58,0,1.5,3,7,210750.0
1150,4,1.0,105,0,1.5,3,7,485000.0
2250,3,2.5,19,0,2.0,3,8,390000.0
2460,3,2.5,45,0,1.0,4,8,405000.0
1540,4,1.0,109,0,1.5,2,7,462500.0
2210,4,2.25,37,0,1.0,3,8,435000.0
1440,3,2.5,11,0,2.0,3,7,440000.0
1790,3,1.75,36,0,1.0,3,9,299950.0
1120,2,1.5,45,0,2.0,3,8,440000.0
1260,3,2.5,39,0,1.0,3,7,312620.0
1180,3,1.5,33,0,1.0,3,7,372500.0
1730,3,2.5,21,0,2.0,3,8,297262.0
2250,4,3.0,52,0,1.0,4,7,735000.0
1550,3,1.5,92,0,2.0,4,7,430000.0
1070,2,1.75,19,0,1.5,3,7,241000.0
1460,3,1.0,45,0,1.0,4,7,201000.0
1060,2,1.0,105,0,1.0,4,7,570000.0
1840,4,1.75,47,0,1.0,3,7,538000.0
2440,3,2.5,4,0,2.0,3,8,729000.0
1700,4,1.75,60,0,1.0,3,7,331500.0
680,2,1.0,73,0,1.0,3,6,110700.0
1700,3,2.0,18,0,1.0,3,7,245000.0
2000,3,1.75,58,0,1.0,4,7,427000.0
2340,4,1.75,61,0,1.0,3,8,650500.0
1120,2,1.0,75,0,1.0,4,7,335900.0
1510,2,2.0,75,0,1.5,3,7,535000.0
2120,5,2.0,109,0,1.0,4,6,360000.0
1500,3,2.25,47,0,1.0,3,7,294900.0
1030,2,1.0,87,0,1.0,4,7,460000.0
5440,4,3.5,24,0,2.0,3,12,1769000.0
1150,2,1.0,109,0,1.0,4,7,463000.0
2420,5,1.5,52,0,1.0,3,8,332000.0
1750,4,2.0,71,0,1.0,4,5,199500.0
1750,4,2.0,71,0,1.0,4,5,247000.0
2170,4,2.5,22,0,2.0,3,8,442500.0
2540,3,2.0,7,0,1.0,3,9,600000.0
1690,3,2.5,9,0,2.0,3,7,449000.0
1600,4,1.0,89,0,1.5,4,7,725000.0
1060,3,1.0,54,0,1.0,3,7,215000.0
1990,2,1.75,66,0,1.0,3,7,582500.0
2210,4,2.25,46,0,2.0,4,8,305000.0
3090,4,2.75,55,0,2.0,3,8,734000.0
1050,3,2.0,28,0,1.0,3,7,300000.0
2550,5,1.75,54,0,1.0,5,7,525888.0
2095,4,2.5,104,0,1.5,5,8,711000.0
1520,3,1.75,36,0,1.0,3,8,360000.0
2750,5,2.5,27,0,2.0,3,8,357000.0
1200,3,1.75,54,0,1.0,4,7,235000.0
1830,3,1.75,86,0,1.0,3,7,550000.0
1160,3,1.0,57,0,1.0,4,7,324000.0
1750,3,2.0,26,0,1.0,3,8,420000.0
2400,4,2.5,11,0,2.0,3,8,450000.0
4140,5,3.5,11,0,2.0,3,9,825000.0
2115,4,2.25,16,0,2.0,3,7,272000.0
2580,3,2.0,24,0,1.5,3,9,481000.0
1220,3,1.0,87,0,1.0,3,7,500000.0
1630,2,1.5,74,0,1.0,4,7,448000.0
1350,2,2.0,11,0,1.0,3,8,480000.0
1690,3,2.5,10,0,2.0,3,7,475000.0
1700,2,2.25,9,0,2.0,3,8,472500.0
1890,4,2.25,35,0,1.0,4,8,291000.0
850,2,1.0,64,0,1.0,4,7,294000.0
2480,4,2.5,47,0,1.0,4,9,1013050.0
1690,3,2.5,12,0,2.0,3,7,442500.0
810,2,1.0,55,0,1.0,4,6,170000.0
3980,4,2.5,47,0,1.0,3,10,1582500.0
2580,3,2.25,90,0,2.0,3,8,665000.0
6085,5,4.5,14,0,3.0,3,11,1610000.0
2140,2,1.75,84,0,1.0,3,7,675000.0
1360,2,1.75,58,0,1.0,3,6,279900.0
1800,4,1.5,85,0,1.5,4,8,875000.0
1920,3,2.5,9,0,2.0,3,8,571000.0
860,3,1.0,87,0,1.5,3,7,320000.0
2340,3,2.5,28,0,1.0,3,9,525000.0
4040,8,2.75,52,0,1.0,4,9,1650000.0
1160,3,1.75,73,0,1.0,3,6,137900.0
1680,3,2.25,25,0,2.0,4,8,440000.0
1280,3,1.0,70,0,1.0,3,7,360000.0
1800,4,1.5,38,0,1.0,4,7,271000.0
4250,6,3.25,47,0,1.0,3,10,465000.0
2400,4,2.5,10,0,2.0,3,8,280000.0
940,2,1.0,73,0,1.0,4,5,283000.0
1110,3,1.0,35,0,1.0,3,7,411500.0
2420,3,2.25,47,0,1.0,4,8,282000.0
1850,3,2.5,9,0,2.5,3,9,535000.0
2020,4,2.5,71,0,2.0,5,9,554729.0
2020,4,2.5,72,0,2.0,5,9,868000.0
1830,3,2.5,23,0,1.0,3,8,427000.0
1920,4,1.75,60,0,1.0,4,7,455000.0
1280,2,1.75,61,0,1.0,3,7,595000.0
3130,4,2.5,11,0,2.0,3,8,400000.0
3920,4,2.5,17,0,2.0,3,10,770000.0
3100,4,2.75,95,0,2.0,3,8,742500.0
3220,4,2.5,41,0,1.0,5,9,1250000.0
1670,3,2.0,46,0,1.0,3,8,375000.0
2700,4,2.5,55,0,2.0,4,9,1557600.0
5461,4,2.0,51,0,1.0,4,9,545000.0
4400,4,3.25,11,0,2.0,3,11,1050000.0
2190,3,1.75,57,0,1.0,4,9,1565000.0
1200,4,1.5,45,0,1.5,4,6,178000.0
1470,3,1.75,25,0,1.0,3,7,262500.0
1650,3,1.75,115,0,1.5,4,8,730000.0
1840,5,1.75,66,0,1.0,3,8,395000.0
1210,3,1.0,55,0,1.0,3,6,355000.0
1870,3,2.5,25,0,2.0,3,8,299990.0
3890,4,3.25,14,0,1.5,3,9,1125000.0
2660,4,2.25,42,0,2.0,4,8,425000.0
1150,2,1.0,64,0,1.0,3,7,349000.0
1740,4,1.75,72,0,1.0,5,7,554950.0
2580,6,3.0,101,0,1.5,3,7,326000.0
1720,4,1.75,39,0,1.0,3,8,580000.0
2740,3,2.5,37,0,2.0,4,10,699000.0
2610,3,2.75,29,0,1.0,3,7,757000.0
1400,3,1.75,49,0,1.0,3,7,335000.0
2570,3,2.0,31,0,1.0,3,9,660000.0
2830,4,2.75,10,0,2.0,3,8,540000.0
2630,5,2.25,48,0,2.0,3,8,320000.0
1580,3,2.5,21,0,2.0,3,7,280000.0
1540,3,2.0,25,0,1.0,3,7,324000.0
2120,3,1.0,47,0,1.0,4,7,300000.0
1830,3,1.75,101,0,2.0,4,7,360000.0
2260,3,2.5,27,0,2.0,3,10,600000.0
2500,4,1.75,44,0,1.0,4,8,950000.0
1830,3,3.25,0,0,3.0,3,8,599950.0
1190,4,1.0,64,0,1.0,3,6,190000.0
2310,4,1.75,45,0,1.0,3,7,350000.0
1230,3,1.0,86,0,1.5,3,7,522000.0
2940,3,2.5,23,0,2.0,3,10,850000.0
1010,3,1.0,60,0,1.0,4,7,308000.0
2550,6,2.25,107,0,2.0,4,7,1020000.0
1480,3,1.0,76,0,1.5,3,7,397500.0
1460,3,1.75,38,0,1.0,3,7,186000.0
3110,5,3.0,37,0,1.0,3,8,436500.0
2140,3,2.0,86,0,1.0,4,8,710000.0
3450,5,3.25,110,0,2.0,5,9,1378600.0
1960,3,2.25,58,0,1.0,3,7,450000.0
1890,4,2.75,34,0,1.0,3,7,375000.0
2080,2,1.0,54,0,1.0,3,7,315000.0
1700,3,1.0,97,0,1.5,3,7,467500.0
1140,3,1.0,56,0,1.0,3,6,330000.0
3136,3,2.5,104,0,1.5,5,8,665000.0
2590,4,3.25,2,0,3.0,3,9,760000.0
1480,3,1.75,0,0,2.0,3,8,469000.0
1500,3,3.0,14,0,2.0,3,8,408000.0
2660,3,2.75,43,0,1.0,4,8,851000.0
1350,2,2.0,7,0,1.0,3,8,410000.0
860,2,1.0,72,0,1.0,3,6,235000.0
1000,2,1.0,98,0,1.0,3,6,207100.0
2480,4,2.5,55,0,1.0,5,7,560000.0
3860,3,2.75,30,0,2.0,4,10,903000.0
2140,3,1.75,110,0,2.0,3,8,998500.0
1820,4,1.75,55,0,1.5,3,7,268500.0
2220,2,1.75,44,0,1.0,4,8,494950.0
2660,4,2.5,15,0,2.0,3,9,1130000.0
1470,3,2.0,72,0,1.0,4,6,250000.0
2350,4,1.75,44,0,1.0,4,7,449000.0
2980,3,2.25,51,0,1.0,3,9,1225000.0
1870,4,2.0,49,0,1.0,3,8,325000.0
2430,5,3.0,57,0,1.0,4,7,506000.0
2790,4,2.5,12,0,2.0,3,9,751000.0
1370,3,2.5,21,0,2.0,3,7,280000.0
4470,4,2.25,26,0,2.0,3,11,1120000.0
2040,3,1.75,34,0,1.0,3,8,580000.0
2340,4,2.25,52,0,1.0,5,8,665000.0
2520,4,2.5,15,0,2.0,3,7,450000.0
1710,4,1.0,72,0,1.5,4,6,389900.0
1200,3,1.0,52,0,1.0,3,7,427000.0
1330,3,1.75,32,0,1.0,3,7,265000.0
1310,3,1.5,16,0,2.0,3,7,398000.0
3020,6,3.5,73,0,2.0,3,7,354000.0
2260,4,2.5,16,0,2.0,3,8,339950.0
790,2,1.0,66,0,1.0,3,6,399000.0
970,2,2.0,31,0,1.0,3,7,325000.0
2250,3,2.0,59,0,1.0,4,9,998800.0
1530,4,2.5,100,0,1.5,3,7,350000.0
1780,4,1.75,47,0,1.0,5,9,1000000.0
2120,3,2.5,10,0,2.0,3,7,561000.0
1500,2,1.0,88,0,1.0,3,7,245000.0
1500,2,1.0,89,0,1.0,3,7,570000.0
2390,4,3.0,83,0,1.5,5,8,845000.0
2390,4,2.5,18,0,2.0,3,7,314500.0
2920,3,1.75,33,0,1.0,4,8,650000.0
850,2,1.0,108,0,1.0,3,5,298000.0
930,2,1.0,111,0,1.0,3,7,500000.0
3340,4,2.5,16,0,2.0,3,9,870000.0
710,2,1.0,73,0,1.0,5,6,299000.0
2240,3,2.25,35,0,1.0,3,7,527000.0
1060,3,1.0,48,0,1.0,5,7,420000.0
2360,3,2.5,24,0,2.0,3,8,290000.0
3520,4,2.75,63,1,1.0,4,9,1662000.0
1730,3,1.75,37,0,1.0,3,8,499990.0
1170,3,1.75,71,0,1.0,3,6,315000.0
3680,4,2.25,33,0,2.0,4,9,425000.0
2900,3,2.5,28,0,2.0,3,9,630000.0
1290,3,1.75,43,0,1.5,3,7,365000.0
2010,4,2.75,113,0,2.0,5,8,774000.0
1490,3,1.5,65,0,1.0,4,7,368888.0
1930,4,2.5,20,0,2.0,3,7,339500.0
2240,4,1.75,58,0,1.0,4,7,344950.0
2320,3,2.0,62,0,1.0,3,8,450000.0
2990,4,2.75,0,0,2.0,3,9,814950.0
2200,4,2.5,11,0,2.0,3,8,299900.0
1500,3,2.0,48,0,1.0,4,7,315000.0
3860,3,1.75,44,0,1.0,3,9,880000.0
1430,3,1.5,37,0,1.0,4,7,195000.0
3750,5,2.75,13,0,2.0,3,9,910000.0
3100,5,2.5,12,0,2.0,3,8,540000.0
1870,3,2.5,9,0,2.0,3,7,306000.0
2040,4,2.25,36,0,1.0,4,8,272000.0
3700,5,3.5,64,0,2.0,3,8,1295000.0
3150,3,1.75,44,0,1.0,3,8,450000.0
1990,3,2.5,21,0,2.0,3,8,450000.0
1740,4,1.0,49,0,1.5,3,7,310000.0
2080,2,2.25,61,0,1.0,4,8,530000.0
2060,4,2.5,36,0,2.0,4,7,435000.0
1590,3,2.0,67,0,1.0,4,7,485000.0
1760,3,1.5,92,0,2.0,3,8,690000.0
1620,4,2.5,7,0,2.0,3,7,305000.0
1210,3,1.75,39,0,1.0,3,7,300000.0
2040,4,3.0,22,0,1.0,3,8,289950.0
2270,3,2.5,24,0,2.0,3,9,575000.0
6640,4,4.5,21,0,2.0,3,12,1820000.0
1060,3,1.5,52,0,1.0,4,7,219000.0
1940,4,3.0,66,0,1.0,4,7,265000.0
3070,5,3.25,8,0,2.0,3,9,1105000.0
930,3,1.0,72,0,1.0,3,6,200000.0
2180,4,2.75,56,0,1.0,4,7,545000.0
2130,3,2.5,24,0,2.0,3,8,378000.0
800,2,1.75,93,0,1.0,4,6,388000.0
2200,4,2.25,55,0,1.0,3,7,425000.0
1130,2,1.5,5,0,2.0,3,8,536000.0
1970,3,2.5,77,1,1.0,3,8,1175000.0
1680,3,2.5,1,0,2.0,3,9,629950.0
1470,4,1.75,59,0,1.0,3,7,465000.0
2390,4,2.25,45,0,1.0,4,8,545000.0
2300,4,2.5,36,0,2.0,4,8,592000.0
2280,4,2.0,57,0,1.0,3,7,446000.0
1330,3,2.5,10,0,3.0,3,8,375000.0
2640,5,2.5,11,0,2.0,3,7,632500.0
2430,4,1.75,40,0,1.0,3,8,459950.0
2470,4,2.5,25,0,2.0,3,9,485000.0
1440,3,1.0,50,0,1.0,3,7,255000.0
1320,3,2.0,39,0,1.0,5,7,251750.0
2810,3,2.5,14,0,2.0,3,8,725000.0
1370,3,3.25,9,0,3.0,3,8,460000.0
2000,3,2.5,33,0,1.0,5,8,625000.0
1980,3,1.75,41,0,1.0,4,8,530000.0
2050,3,2.5,13,0,2.0,3,8,394950.0
2320,4,1.75,55,0,1.0,3,7,324950.0
1960,3,2.25,12,0,2.0,3,7,330000.0
1910,4,1.75,29,0,1.0,3,7,220000.0
2030,3,3.25,34,0,2.0,4,8,685000.0
2210,3,2.25,43,0,1.0,3,8,500000.0
2610,4,2.75,49,0,1.0,3,7,368000.0
2520,3,2.25,24,0,2.0,4,9,825000.0
1840,6,1.75,114,0,1.0,3,7,660000.0
1570,3,1.75,43,0,1.0,4,7,253000.0
2400,4,2.75,62,0,1.0,5,7,392500.0
1930,3,1.75,37,0,2.0,3,9,605000.0
1160,3,1.0,45,0,1.0,4,6,215000.0
2820,4,2.5,29,0,2.0,4,9,650000.0
3060,4,2.0,93,0,2.0,4,8,877500.0
1320,3,1.0,53,0,1.0,3,6,232500.0
1200,2,2.0,11,0,2.0,3,6,234000.0
1560,3,1.75,45,0,1.0,3,7,380000.0
3070,5,2.25,31,0,1.0,3,9,420000.0
1040,3,1.0,36,0,1.0,3,7,399950.0
1990,3,2.5,45,0,1.0,3,7,256750.0
1690,3,2.5,30,0,2.0,3,8,535000.0
1810,3,2.0,35,0,2.0,4,9,515000.0
2520,4,1.75,62,0,1.0,4,7,770000.0
1570,3,2.5,19,0,1.0,3,7,256000.0
1680,3,1.0,74,0,1.0,4,7,489900.0
1250,3,1.5,36,0,1.0,4,7,165000.0
1280,3,1.5,53,0,1.0,4,7,220000.0
4620,4,2.5,23,0,2.0,4,11,575000.0
1580,3,2.5,10,0,2.0,3,7,375000.0
1650,3,1.75,38,0,2.0,5,8,422250.0
1660,3,1.75,33,0,1.0,3,8,420000.0
2410,4,2.5,21,0,2.0,3,8,608000.0
1720,3,2.25,93,0,1.5,4,7,620000.0
3120,3,2.5,32,0,2.0,3,9,850000.0
2680,4,2.5,41,0,1.0,4,8,463000.0
2640,5,1.75,61,1,1.0,4,8,750000.0
3730,3,3.25,26,0,2.0,3,9,1070000.0
1700,3,2.0,28,0,1.0,3,7,290000.0
2280,4,1.75,67,0,1.0,3,7,525000.0
1220,3,2.25,29,0,2.0,3,7,319000.0
3500,6,4.5,35,0,2.0,3,7,592500.0
2010,3,2.5,37,0,2.0,3,7,350000.0
2130,3,1.75,42,0,1.0,4,8,454900.0
1800,4,2.25,23,0,2.0,3,7,272000.0
1070,3,1.0,53,0,1.0,3,7,357500.0
1020,3,1.75,60,0,1.0,5,6,285000.0
1600,4,2.0,21,0,1.0,3,7,280000.0
1380,4,1.5,86,0,1.0,3,7,477000.0
3270,3,2.25,32,0,2.0,4,10,750000.0
2100,4,2.5,107,0,2.0,3,7,595000.0
2110,3,2.25,13,0,3.0,3,8,525000.0
1640,3,1.75,48,0,1.0,4,7,319000.0
1320,3,2.0,28,0,1.0,3,7,225000.0
2420,4,2.5,56,0,1.0,5,7,485000.0
1390,3,1.0,106,0,1.5,3,6,341000.0
2320,3,3.25,1,0,2.0,3,9,674000.0
2170,3,2.5,12,0,2.0,3,8,442250.0
2710,4,2.25,37,0,2.0,4,8,591000.0
1450,3,2.0,16,0,1.0,3,7,276000.0
1370,3,2.5,26,0,1.0,3,8,394000.0
1810,3,2.5,13,0,1.0,3,7,355000.0
1420,3,2.5,51,0,1.0,4,7,260000.0
2090,3,2.75,27,0,1.0,3,8,300000.0
2090,3,2.75,28,0,1.0,3,8,310000.0
1330,3,1.0,38,0,1.0,3,7,209000.0
1330,3,2.0,29,0,1.0,3,7,344950.0
1910,5,2.0,63,0,1.0,4,6,230000.0
2310,3,1.75,37,0,1.0,4,8,336950.0
2500,3,2.75,66,0,1.0,5,7,700000.0
1310,3,2.0,27,0,1.0,3,7,230000.0
2040,4,2.5,20,0,2.0,3,8,443500.0
2040,4,2.5,21,0,2.0,3,8,471000.0
2400,3,2.25,52,0,1.0,3,8,595000.0
1400,3,1.0,85,0,1.5,3,7,470000.0
1700,4,1.75,39,0,1.0,4,8,600000.0
3160,4,3.75,17,0,2.5,3,10,1381000.0
1340,3,1.75,29,0,1.0,3,7,427800.0
1470,4,2.0,49,0,1.0,4,7,445000.0
1790,3,1.75,61,0,1.0,4,7,382000.0
1560,3,1.5,25,0,1.0,5,7,577000.0
2620,3,2.5,25,0,2.0,4,8,427000.0
1580,3,1.0,52,0,1.0,3,7,255000.0
1090,3,1.0,53,0,1.0,3,6,240000.0
3240,5,3.25,75,0,1.5,4,9,1234580.0
2520,4,1.75,60,0,1.0,5,7,435000.0
2230,3,1.75,66,0,1.0,3,9,1450000.0
2430,4,3.0,13,0,2.0,3,8,425000.0
1020,2,1.0,91,0,1.0,5,6,393000.0
1810,4,1.0,55,0,1.0,2,7,264950.0
3460,4,2.5,28,0,2.0,3,10,746500.0
2020,3,1.0,58,0,1.0,3,7,450000.0
1410,3,2.0,31,0,1.0,3,7,229950.0
750,2,1.0,82,0,1.0,2,6,425000.0
5300,4,2.5,91,1,2.0,2,10,2555000.0
4380,4,3.5,22,0,1.5,3,11,1400000.0
2290,3,2.25,30,0,2.0,4,8,753000.0
720,2,1.0,71,0,1.0,2,6,310000.0
1200,2,1.0,65,0,1.0,4,6,395000.0
2620,3,2.5,29,0,1.0,3,10,725000.0
2120,4,3.0,50,0,2.0,3,8,295000.0
1580,3,1.75,47,0,1.0,4,7,225000.0
4160,3,3.25,13,0,3.0,3,12,1699000.0
1830,3,2.25,36,0,1.0,3,7,431000.0
2000,3,2.5,17,0,1.0,3,8,358500.0
980,2,1.0,108,0,1.0,3,6,595000.0
3040,4,2.5,15,0,2.0,3,7,468000.0
1740,4,1.0,52,0,1.0,4,7,260000.0
1450,3,2.0,59,0,1.5,5,7,375000.0
1560,3,2.5,11,0,2.0,3,7,295000.0
2050,4,2.5,28,0,1.0,4,8,403900.0
1760,3,1.75,58,0,1.0,4,7,269950.0
1740,3,3.5,17,0,2.0,3,8,640000.0
910,3,1.0,48,0,1.0,3,7,221000.0
1700,3,1.75,27,0,1.0,3,7,255000.0
2620,4,2.5,6,0,2.0,3,7,300000.0
1500,3,2.25,42,0,1.0,4,7,270000.0
1630,4,1.75,68,0,1.0,3,7,575000.0
1370,3,1.5,47,0,1.0,5,7,246900.0
1390,2,2.5,9,0,2.0,3,8,635000.0
1540,3,2.0,115,0,1.0,3,7,450000.0
1190,3,1.0,46,0,1.0,5,7,215000.0
4500,3,3.5,10,0,2.0,3,10,785000.0
2370,4,3.0,38,0,1.0,3,7,522500.0
1360,2,1.5,36,0,2.0,4,7,150000.0
870,2,1.75,68,0,1.0,4,6,199950.0
4850,4,4.25,25,1,2.0,5,10,3000000.0
3110,3,2.0,15,0,2.0,3,9,379900.0
3700,4,2.5,8,0,2.0,3,11,950000.0
3500,6,2.75,105,0,2.0,5,8,865000.0
1670,3,1.75,53,0,1.0,5,8,785000.0
1640,3,2.25,46,0,1.0,3,8,245700.0
3400,3,2.25,54,0,1.0,3,9,951000.0
2060,3,1.75,64,0,1.0,5,7,499950.0
1330,3,1.75,26,0,1.0,4,7,257000.0
2330,3,2.0,114,0,1.5,4,7,549000.0
3040,3,2.75,35,0,2.0,4,10,1600000.0
3700,5,3.75,31,0,3.0,3,9,1400000.0
1990,3,2.0,87,0,1.5,5,8,619000.0
2020,5,3.0,21,0,1.0,3,7,311000.0
2980,5,2.25,54,0,1.0,3,9,600000.0
3990,4,3.5,6,0,2.0,3,10,1080000.0
790,2,1.0,65,0,1.0,3,6,436000.0
1060,2,1.0,73,0,1.0,3,6,205000.0
2260,3,2.25,52,0,1.0,3,7,514000.0
1900,2,2.5,8,0,2.0,3,8,530000.0
3361,5,2.5,8,0,2.0,3,10,511000.0
3550,4,1.75,52,0,2.0,3,9,2100000.0
2740,5,2.5,10,0,2.0,3,8,370000.0
2040,4,1.75,71,0,1.0,5,7,500000.0
4070,4,2.5,16,0,2.0,3,10,710000.0
720,1,1.0,103,0,1.0,3,7,270000.0
2000,3,1.75,55,0,1.5,4,8,415000.0
4400,5,4.5,11,0,2.0,3,11,1800000.0
1300,3,1.75,47,0,1.0,3,7,236000.0
1420,2,2.5,10,0,2.0,3,7,278000.0
1540,3,2.25,60,0,1.0,5,7,312000.0
1540,3,2.25,61,0,1.0,5,7,539000.0
2360,3,3.0,31,0,2.0,3,7,498000.0
3720,4,3.0,23,0,2.0,3,9,857000.0
1690,3,1.75,37,0,1.0,4,7,780000.0
2300,3,2.0,76,0,1.0,4,8,650000.0
1650,4,1.75,42,0,1.0,3,8,559500.0
990,2,1.0,66,0,1.0,3,7,219950.0
2130,4,2.25,37,0,2.0,4,8,671500.0
3320,4,2.5,15,0,2.0,3,10,813000.0
1960,3,2.25,49,0,1.0,3,7,182000.0
770,2,1.0,101,0,1.0,3,6,203700.0
2010,4,1.75,112,0,1.5,3,7,740000.0
800,2,1.0,73,0,1.0,4,5,230000.0
910,3,1.0,59,0,1.0,3,7,128000.0
1200,3,1.0,62,0,1.0,4,7,345000.0
3570,4,2.5,10,0,2.0,3,7,663000.0
1820,3,2.5,31,0,2.0,3,7,329950.0
2930,3,2.25,15,0,3.0,3,9,1047500.0
1480,3,1.75,88,0,1.0,3,7,402300.0
3305,4,2.5,92,0,1.5,5,7,492000.0
2230,4,2.5,9,0,1.0,3,7,448000.0
1560,3,1.0,60,0,1.0,3,7,273000.0
1030,3,1.0,66,0,1.0,3,6,335000.0
2380,3,3.75,87,0,1.5,3,7,695000.0
1010,3,1.0,67,0,1.0,3,6,279000.0
2060,2,1.75,85,0,1.0,3,7,485000.0
2370,4,2.5,48,0,2.0,3,8,383000.0
2242,4,2.5,19,0,2.0,3,8,490000.0
1078,2,1.5,24,0,2.0,3,7,240000.0
890,2,1.0,72,0,1.0,3,7,285000.0
2700,3,1.5,38,0,2.0,3,7,524950.0
2450,4,2.5,30,0,2.0,3,8,729000.0
1420,3,1.75,54,0,1.0,4,7,460000.0
1280,3,1.5,110,0,1.5,3,8,687500.0
2910,5,2.75,42,0,1.0,5,9,1168000.0
2430,4,2.25,35,0,2.0,4,8,825000.0
1860,2,2.5,11,0,2.0,3,7,314950.0
1800,3,2.0,58,0,1.0,3,7,470000.0
1960,3,1.5,56,0,1.0,4,7,500000.0
1550,3,1.5,89,0,1.5,2,6,313000.0
840,2,1.0,88,0,1.0,4,7,445000.0
2080,4,1.75,47,0,1.0,4,8,300000.0
2210,4,2.5,102,0,1.5,4,8,619500.0
1210,3,1.5,31,0,1.0,4,7,305000.0
1350,3,2.5,8,0,3.0,3,9,874000.0
1860,3,2.0,24,0,2.0,3,8,477500.0
1940,3,2.0,88,0,1.0,3,7,700000.0
3400,4,3.5,10,0,2.0,3,9,515000.0
2240,4,2.5,23,0,2.0,3,8,590000.0
1170,3,1.75,33,0,1.0,3,7,205000.0
3130,3,3.25,27,0,2.0,3,8,310000.0
1510,2,2.25,27,0,2.0,3,7,442500.0
3740,4,3.5,14,0,2.0,3,11,1078500.0
2690,4,2.5,34,0,2.0,3,8,530000.0
1760,4,1.75,64,0,1.0,4,7,343500.0
2180,4,1.75,104,0,1.5,3,6,334900.0
1560,4,1.75,45,0,1.0,5,7,544300.0
1780,3,2.5,13,0,2.0,3,7,370000.0
1260,3,1.75,20,0,1.0,3,7,245000.0
1570,4,1.75,87,0,1.5,5,8,535000.0
740,2,1.0,69,0,1.0,4,5,202000.0
2020,4,2.25,76,0,2.0,3,7,490000.0
1500,4,1.5,85,0,2.0,5,7,651500.0
1670,4,2.5,54,0,1.0,3,7,270000.0
3620,3,3.5,16,0,2.0,3,10,1164000.0
1010,2,1.5,7,0,2.0,3,7,289000.0
1460,3,1.5,38,0,1.0,4,6,240000.0
1790,3,1.75,74,0,1.0,3,8,790000.0
1760,3,2.25,19,0,2.0,3,7,350000.0
1790,3,3.5,8,0,2.0,3,7,246950.0
1050,3,1.0,63,0,1.0,3,7,400000.0
2590,4,2.5,12,0,2.0,3,8,533000.0
1040,3,1.0,52,0,1.0,4,7,198400.0
4060,4,2.5,7,0,2.0,3,9,495000.0
3190,4,2.5,24,0,2.0,3,11,862000.0
3190,4,2.5,24,0,2.0,3,11,870000.0
2180,4,1.75,49,0,1.0,4,9,875000.0
2120,6,3.5,35,0,2.0,5,7,317000.0
2110,4,2.75,23,0,2.0,4,8,325000.0
1210,2,1.5,107,0,1.5,5,6,615000.0
2410,4,2.5,22,0,2.0,3,8,334950.0
1980,3,2.5,25,0,2.0,4,9,775000.0
2370,4,2.5,47,0,1.0,4,8,600000.0
1720,3,1.75,83,0,1.5,3,7,565000.0
750,2,1.0,72,0,1.0,4,6,292500.0
2510,3,2.25,47,0,1.0,3,8,825000.0
2577,3,2.5,15,0,2.0,3,8,495000.0
1540,3,1.5,73,0,2.0,3,8,525000.0
720,1,1.0,105,0,1.0,3,7,438600.0
1810,3,2.25,30,0,1.0,3,8,507000.0
1380,3,1.75,48,0,1.0,3,7,275900.0
2570,4,2.5,14,0,2.0,3,9,1170000.0
1690,4,1.75,57,0,1.0,3,7,275000.0
1420,3,0.75,91,0,1.0,4,7,355000.0
2130,4,2.0,47,0,1.0,4,7,233000.0
3000,3,2.5,96,0,1.5,4,7,666000.0
2150,4,2.5,35,0,1.0,4,7,317500.0
2280,4,2.0,25,0,1.0,4,8,420000.0
1560,4,2.0,73,0,2.0,5,6,290000.0
1880,3,2.0,62,0,1.0,5,6,320000.0
2320,3,2.5,11,0,2.0,3,8,650000.0
1010,3,1.75,47,0,1.0,4,7,325000.0
1120,3,1.0,97,0,1.0,3,6,165000.0
1560,3,1.75,53,0,1.0,3,8,500000.0
1860,4,1.5,50,0,1.0,3,7,443000.0
1150,3,1.5,51,0,1.0,4,7,213400.0
1920,4,1.75,50,0,1.0,3,7,480000.0
2490,4,2.25,37,0,1.0,3,8,275000.0
1460,3,2.5,14,0,2.0,3,7,299880.0
1820,3,3.5,0,0,2.0,3,8,499950.0
4290,5,3.0,42,0,1.0,3,9,1705000.0
2230,4,2.75,54,0,1.0,5,7,550000.0
2070,4,2.5,11,0,2.0,3,8,300000.0
2480,3,1.75,66,0,1.0,3,8,920000.0
4110,4,3.25,13,1,2.0,3,12,2300000.0
2290,4,2.75,86,0,1.5,5,7,620000.0
1220,3,1.0,55,0,1.0,5,6,253500.0
2620,4,2.75,88,0,1.5,4,9,978000.0
3190,4,2.5,35,0,2.0,3,8,387500.0
850,3,1.0,66,0,1.0,3,6,325000.0
1740,3,2.5,7,0,3.0,3,8,568000.0
2140,4,2.5,18,0,2.0,3,8,525000.0
2070,3,2.5,18,0,2.0,3,8,560000.0
1680,3,2.5,6,0,2.0,3,7,394000.0
1000,2,1.0,98,0,1.0,4,7,484950.0
3340,3,2.75,58,0,1.0,3,10,1295000.0
1260,3,2.5,15,0,2.0,3,8,315000.0
2430,4,2.25,21,0,1.0,3,9,590000.0
560,1,1.0,67,0,1.0,3,5,106000.0
3380,3,2.5,20,0,2.0,3,10,751000.0
1100,2,1.0,106,0,1.0,5,7,474000.0
1700,2,2.0,87,0,1.0,5,5,189000.0
1600,3,2.5,12,0,2.0,3,7,440500.0
2605,3,2.5,36,0,2.0,4,9,1017000.0
1850,2,2.0,5,0,1.0,3,8,589000.0
1830,3,2.25,28,0,2.0,3,8,273000.0
3050,3,3.25,52,1,1.0,4,8,950000.0
1240,2,1.5,47,0,2.0,3,8,277700.0
2100,3,2.25,30,0,2.0,3,7,299900.0
1250,3,1.0,55,0,1.0,4,7,235000.0
1230,2,2.0,63,0,2.0,3,7,464000.0
1690,3,1.75,27,0,1.0,4,7,281000.0
1520,3,1.0,63,0,1.5,4,7,320000.0
1890,4,2.0,17,0,2.0,3,7,282000.0
1990,4,1.75,43,0,1.0,4,8,745000.0
1480,3,1.75,34,0,1.0,4,7,245000.0
1480,3,1.75,34,0,1.0,4,7,250000.0
2120,3,2.5,9,0,2.0,3,8,470000.0
1480,3,3.5,7,0,2.0,3,7,216650.0
1250,3,1.0,40,0,1.0,4,7,440000.0
2010,4,2.5,25,0,2.0,4,8,590000.0
3150,5,2.5,39,0,1.0,3,10,935000.0
3010,3,3.5,14,0,2.0,3,10,848000.0
3920,5,4.25,15,0,2.0,3,9,827500.0
2880,6,3.0,95,0,2.0,4,8,1125000.0
2550,2,2.25,3,0,1.0,3,10,630000.0
1120,5,1.0,52,0,1.5,4,7,340000.0
3140,4,2.75,46,0,1.0,3,8,570000.0
4130,4,4.0,21,1,2.0,4,10,2750000.0
2990,4,2.5,39,0,1.0,4,9,514500.0
1120,2,1.0,75,0,1.0,3,7,360000.0
1570,4,1.5,71,0,1.0,3,7,228900.0
2210,3,2.75,6,0,2.0,3,8,660000.0
2390,4,2.5,15,0,2.0,3,9,647000.0
1520,3,1.75,38,0,1.0,3,8,366000.0
1830,5,1.75,52,0,1.0,4,7,354000.0
2640,4,3.5,77,0,2.0,3,8,850000.0
1740,3,2.5,25,0,2.0,4,8,496700.0
1550,3,2.0,49,0,1.0,4,8,300000.0
1040,3,1.0,53,0,1.0,4,7,390000.0
1640,3,2.25,29,0,2.0,4,8,350000.0
1640,3,2.25,29,0,2.0,4,8,561000.0
1260,3,1.75,60,0,1.0,3,7,475000.0
1170,3,1.5,7,0,2.0,3,7,275000.0
1590,3,1.75,34,0,1.0,4,7,290000.0
1750,3,2.5,22,0,1.0,3,7,199000.0
1770,4,2.5,14,0,2.0,3,7,279900.0
3530,4,2.25,75,0,2.0,3,8,1655000.0
2160,3,2.5,37,0,1.0,3,7,405000.0
2360,4,2.25,38,0,1.0,3,9,615000.0
1980,3,1.75,36,0,1.0,3,8,268000.0
1620,4,1.5,59,0,1.5,3,8,451000.0
2700,2,2.75,2,0,1.0,3,9,850000.0
3270,5,2.25,46,0,2.0,5,9,1180000.0
870,2,1.0,73,0,1.0,3,6,245000.0
840,2,1.75,102,0,1.0,3,6,450000.0
1340,3,3.5,13,0,2.0,3,8,370350.0
1540,3,2.5,10,0,3.0,3,8,543000.0
1650,2,2.0,73,0,1.0,5,6,265000.0
2630,3,2.5,14,0,2.0,3,8,497000.0
1880,4,2.25,36,0,1.0,3,7,419000.0
1980,4,2.5,25,0,2.0,3,8,545800.0
1500,3,1.0,38,0,1.0,3,7,403000.0
1230,3,2.0,55,0,1.5,3,6,195000.0
2520,4,2.5,89,0,2.0,5,8,1125000.0
1970,5,1.75,37,0,1.0,5,7,255000.0
1520,2,1.5,63,0,1.0,5,7,500000.0
2600,4,2.75,54,0,1.0,4,8,855000.0
2290,4,2.0,95,0,1.5,3,7,390000.0
1979,3,2.0,59,0,1.0,4,7,339000.0
2170,4,3.5,110,0,2.0,3,9,1325000.0
1820,4,1.5,53,0,1.0,4,8,429900.0
1200,3,1.5,39,0,1.0,4,7,370900.0
1210,3,1.0,63,0,1.0,4,7,457500.0
1970,4,2.5,16,0,2.0,3,7,499000.0
1040,2,1.0,68,0,1.0,5,7,225000.0
1920,3,1.75,64,0,1.0,3,7,615000.0
1020,2,1.5,14,0,3.0,3,7,455000.0
1660,3,1.0,74,0,1.0,4,7,458000.0
1670,3,2.25,40,0,1.0,4,7,580000.0
3810,5,4.5,6,0,2.0,3,10,966000.0
2020,4,1.75,60,0,1.0,3,7,240000.0
420,1,1.0,66,0,1.0,4,4,229050.0
1390,3,2.25,11,0,3.0,3,7,328500.0
2010,3,1.5,51,0,1.0,4,7,319000.0
1820,4,2.0,69,0,1.5,3,7,650000.0
1630,3,2.5,19,0,2.0,3,8,398500.0
800,1,1.0,83,0,1.0,2,6,250000.0
2270,3,2.0,46,0,1.0,4,9,815000.0
2290,3,2.75,20,0,2.0,4,9,1065000.0
2750,3,2.25,33,0,2.0,3,7,510000.0
590,2,1.75,67,0,1.0,2,5,156000.0
2570,4,2.75,16,0,2.0,3,8,254500.0
2050,3,2.5,54,0,1.0,3,9,760000.0
1610,3,2.5,21,0,2.0,3,7,210000.0
2140,3,2.5,23,0,2.0,3,7,349950.0
1730,3,2.0,73,0,2.5,4,7,676000.0
2440,4,3.5,9,0,2.0,3,8,475000.0
3220,4,2.75,83,0,1.5,4,9,880000.0
4330,4,3.25,17,0,2.0,3,11,1209000.0
1780,3,1.5,56,0,1.0,4,7,420000.0
1230,3,1.0,63,0,1.0,4,7,607000.0
2160,4,1.75,33,0,2.0,3,8,475000.0
1400,2,1.75,98,0,1.0,5,7,395000.0
1900,4,1.75,61,0,1.0,4,7,650000.0
2910,5,2.75,49,0,1.0,4,8,625000.0
2960,3,3.0,19,0,2.0,3,10,849000.0
2010,3,1.5,63,0,1.0,3,8,429950.0
3760,3,2.5,12,0,2.0,3,9,825000.0
1020,2,1.0,98,0,1.0,4,7,505000.0
1290,2,1.0,6,0,2.0,3,7,265000.0
890,3,1.0,60,0,1.0,4,6,283000.0
1620,3,2.75,36,0,1.0,5,7,560000.0
3360,4,2.5,27,0,2.0,3,10,765000.0
2930,5,2.75,39,0,1.0,4,9,610000.0
2940,3,2.5,18,0,1.0,3,9,589000.0
1080,3,1.0,114,0,1.5,3,6,192500.0
1010,3,1.0,75,0,1.0,3,7,550000.0
1790,2,1.5,86,0,1.5,4,8,460000.0
2060,4,2.25,52,0,1.0,4,7,264500.0
1150,3,1.0,68,0,1.0,3,6,339000.0
4030,4,3.5,22,0,3.0,3,9,950000.0
2020,3,1.75,58,0,1.0,3,8,677500.0
2740,4,2.5,15,0,2.0,3,9,690000.0
1930,4,2.25,30,0,1.0,3,7,312000.0
2500,5,1.75,48,0,1.0,4,9,840000.0
2080,3,3.5,10,0,2.0,3,8,357500.0
1460,3,1.5,75,0,1.0,4,7,675000.0
3290,3,2.75,26,0,2.0,4,10,515000.0
1540,4,2.5,0,0,2.0,3,8,491234.0
1310,3,2.0,27,0,1.0,3,7,290000.0
2120,4,2.5,39,0,1.0,3,8,490000.0
2920,4,2.0,51,0,1.0,5,8,810000.0
1150,3,1.5,59,0,1.0,3,7,252000.0
2380,3,2.5,14,0,2.0,3,8,299999.0
2220,3,2.75,22,0,2.0,3,7,400000.0
3020,5,2.0,89,0,1.5,5,7,530000.0
2460,3,2.0,59,1,1.0,3,7,357000.0
1820,3,1.75,76,0,1.0,4,7,365000.0
2620,4,2.5,10,0,2.0,3,9,804000.0
1750,3,2.0,100,0,1.0,3,8,808250.0
2020,4,2.5,21,0,2.0,3,7,360000.0
1240,3,1.75,27,0,1.0,3,6,240000.0
1380,2,2.0,26,0,1.0,3,7,335000.0
1920,3,1.75,61,0,1.0,3,7,380000.0
1680,3,1.75,74,0,1.0,4,7,350000.0
1400,3,1.0,50,0,1.0,3,7,194000.0
1240,3,1.0,79,0,1.0,3,6,310000.0
1410,3,1.75,35,0,1.0,3,7,315000.0
1440,3,1.75,29,0,1.0,3,8,258950.0
1230,2,2.25,10,0,2.0,3,8,479000.0
1550,5,1.5,48,0,1.0,4,7,510000.0
1760,3,2.0,47,0,1.0,4,8,400000.0
5000,4,3.5,11,0,2.0,3,11,1450000.0
2140,5,2.0,101,0,1.5,4,7,680000.0
3510,6,3.0,108,0,2.5,4,10,1750000.0
2010,3,1.75,47,0,1.0,4,8,335000.0
3390,5,2.5,36,0,1.0,5,8,460000.0
2160,4,2.25,48,0,1.0,3,8,440000.0
1300,2,2.0,9,0,1.0,3,8,412250.0
1280,3,1.5,29,0,2.0,4,6,185000.0
1840,3,2.0,40,0,1.0,4,7,286500.0
3200,4,2.5,13,0,2.0,3,7,422000.0
2800,3,2.25,30,0,2.0,3,9,408000.0
1390,2,1.0,65,0,1.0,4,7,306500.0
2600,4,2.5,10,0,2.0,3,8,359900.0
1960,3,2.5,12,0,2.0,3,8,560000.0
1250,3,1.0,44,0,1.0,3,6,259875.0
1250,3,1.0,44,0,1.0,3,6,385000.0
550,1,1.0,69,0,1.0,3,4,188000.0
2500,4,3.25,88,0,1.5,3,8,1142000.0
1250,3,1.0,87,0,1.0,4,6,255000.0
3020,4,2.75,38,0,2.0,3,9,1185000.0
1640,4,1.75,93,0,1.0,5,7,635200.0
1870,3,1.75,59,0,2.0,3,7,355000.0
1760,3,2.5,17,0,3.5,3,8,544000.0
1320,3,1.5,17,0,2.0,3,7,402000.0
1430,4,1.5,104,0,1.5,3,7,575000.0
1580,3,1.75,37,0,1.0,4,7,216000.0
4170,4,3.5,10,0,2.0,3,11,1200000.0
3090,4,3.25,91,0,2.0,3,9,850000.0
1020,3,2.0,10,0,2.0,3,7,238000.0
2180,4,1.75,103,0,1.5,3,8,625000.0
3350,5,3.25,17,0,2.0,4,8,1110000.0
2510,3,2.5,19,0,2.0,3,9,820000.0
1880,3,2.5,40,0,1.0,3,8,355000.0
1810,4,1.5,55,0,1.0,3,8,495000.0
4170,5,2.5,24,0,2.0,4,11,1300000.0
2230,3,2.5,60,0,2.0,3,7,398750.0
3650,4,2.5,8,0,2.0,3,9,835000.0
2830,6,2.75,47,0,1.0,4,8,705000.0
2120,4,1.5,115,0,2.0,4,8,625000.0
2090,4,2.5,25,0,2.0,3,8,550000.0
2600,3,1.5,74,0,1.0,4,7,540000.0
830,2,1.0,94,0,1.0,4,7,519000.0
1975,4,2.5,19,0,2.0,3,7,311000.0
1900,4,2.5,47,0,1.0,2,7,305000.0
2640,4,2.75,51,0,1.5,3,8,395000.0
1610,4,1.5,45,0,1.0,3,6,275000.0
1770,3,3.25,11,0,2.0,3,8,450000.0
1070,2,1.0,59,0,1.0,3,7,324000.0
4590,5,3.25,87,0,2.0,5,11,2795000.0
1540,4,1.0,108,0,1.5,4,7,565000.0
1590,4,1.75,54,0,2.0,4,7,373000.0
1170,2,2.0,87,0,1.5,4,8,613000.0
2880,4,2.25,33,0,1.0,4,8,614000.0
2510,4,1.75,51,0,1.0,4,8,595000.0
1280,2,1.0,31,0,1.0,3,7,440000.0
1570,3,1.5,61,0,1.0,3,8,425000.0
740,2,1.0,102,0,1.0,3,6,407000.0
1740,3,1.5,59,0,1.0,4,7,472000.0
1180,3,2.5,4,0,3.0,3,8,472000.0
2960,5,2.75,55,0,1.0,4,9,1250000.0
1880,3,1.75,69,0,1.0,4,7,412000.0
1150,3,1.0,56,0,1.0,3,8,717000.0
1320,3,1.0,55,0,1.0,4,7,425000.0
1640,4,2.0,70,0,1.0,5,6,299999.0
1470,3,2.0,23,0,1.0,4,7,254000.0
900,3,1.0,54,0,1.0,4,6,178500.0
1510,3,1.75,104,0,1.0,5,8,800000.0
1440,3,1.0,92,0,1.0,4,6,420000.0
1380,2,1.0,75,0,1.0,3,7,319900.0
1150,2,1.5,71,0,1.0,3,7,350000.0
3610,6,2.75,55,0,1.0,5,9,968000.0
1250,3,2.0,15,0,3.0,3,7,491000.0
3510,3,2.5,13,0,2.0,3,9,948000.0
2260,3,2.5,89,0,2.0,3,8,900000.0
2840,3,1.75,38,0,1.0,4,7,270000.0
1430,3,1.5,34,0,1.0,3,7,198000.0
1420,2,1.0,61,0,1.0,3,7,250000.0
2120,4,2.5,10,0,2.0,3,8,615000.0
2080,3,2.5,26,0,2.0,3,8,550000.0
1370,2,2.5,27,0,2.0,3,7,190000.0
1900,4,2.25,30,0,1.0,3,8,629000.0
1660,3,1.75,59,0,1.0,5,7,434000.0
1310,3,1.0,50,0,1.0,4,7,415885.0
1840,3,2.5,88,0,1.0,3,7,550000.0
1040,1,0.75,24,0,1.0,3,7,272000.0
2610,3,2.5,26,0,2.0,3,10,665000.0
1990,3,2.0,43,0,1.0,5,7,510000.0
3080,3,2.0,49,0,1.0,4,8,530000.0
1200,3,1.0,44,0,1.0,3,7,355000.0
1250,4,1.0,60,0,1.0,3,7,255000.0
2640,4,2.75,24,0,2.0,3,10,790000.0
1790,5,1.75,62,0,2.0,5,8,695000.0
1140,2,2.0,60,0,1.0,2,7,255000.0
1790,3,2.25,29,0,1.5,3,7,410000.0
1910,4,2.75,74,0,1.0,4,7,650000.0
1530,4,1.75,102,0,1.5,4,7,675000.0
1050,2,2.5,7,0,2.0,3,8,332888.0
1730,3,1.75,39,0,1.0,4,7,300000.0
1100,4,1.5,60,0,1.0,4,7,320000.0
2100,5,2.25,52,0,1.0,4,7,342500.0
2800,4,2.5,23,0,2.0,3,9,752875.0
5000,5,3.5,6,0,2.0,3,10,1730000.0
880,1,0.5,104,0,1.0,3,6,255000.0
1470,3,2.5,23,0,2.0,3,7,244000.0
3950,5,3.25,9,0,2.0,3,10,1420000.0
980,3,1.0,58,0,1.0,3,7,218000.0
2180,4,1.0,64,0,1.5,3,7,359000.0
3040,4,2.75,11,0,2.0,3,11,840000.0
4130,5,3.75,29,0,2.0,3,9,900000.0
1850,4,1.75,42,0,1.5,4,7,205000.0
1600,3,2.5,22,0,2.0,2,7,205000.0
2070,2,1.5,64,0,2.0,3,7,500000.0
3180,4,2.5,14,0,2.0,3,7,510000.0
6900,6,4.25,12,0,2.0,4,9,1135000.0
2640,4,2.25,107,0,2.0,3,7,1545000.0
1920,3,1.5,61,0,1.0,3,6,210000.0
2030,3,1.75,33,0,1.0,3,8,597500.0
1140,2,1.0,82,0,1.5,3,6,400000.0
1660,3,1.0,62,0,1.0,5,7,412000.0
1390,2,1.5,10,0,3.0,3,7,299950.0
2490,4,3.0,93,0,1.5,3,8,1081000.0
2550,4,2.5,24,0,2.0,3,9,422500.0
1270,3,2.0,46,0,1.0,4,6,410000.0
2980,4,3.25,114,0,2.0,3,10,1400000.0
1470,3,2.0,40,0,1.0,4,8,245000.0
3550,4,3.0,24,0,1.5,4,10,720000.0
780,2,1.0,79,0,1.0,2,6,315000.0
1390,2,2.5,28,0,2.0,3,7,191950.0
2440,4,2.5,9,0,2.0,3,8,455000.0
1260,3,1.5,83,0,1.5,3,8,523000.0
1640,3,2.25,96,0,2.0,4,7,250000.0
1670,3,3.0,86,0,1.5,3,7,294000.0
2380,3,2.25,53,0,1.0,3,8,490000.0
1030,4,1.0,43,0,1.0,3,7,310000.0
1560,3,1.5,53,0,1.0,5,7,265000.0
1640,4,1.75,46,0,1.0,4,7,402000.0
2200,2,2.5,7,0,1.0,3,8,705000.0
3190,4,2.5,9,0,2.0,3,10,589450.0
1200,3,1.5,50,0,1.0,3,7,219950.0
2250,3,2.25,39,0,2.0,4,8,750000.0
1960,2,1.75,110,0,1.0,4,7,478000.0
1250,3,1.0,56,0,1.0,3,7,170000.0
2640,4,2.25,28,0,1.0,4,9,489950.0
2460,2,2.25,78,0,1.5,4,9,1370000.0
1700,3,2.5,19,0,2.0,3,7,319950.0
840,2,1.0,76,0,1.0,3,5,208417.0
1900,4,2.0,100,0,1.0,3,6,410000.0
2160,4,2.75,45,0,1.0,3,7,590000.0
1610,3,1.75,54,0,1.0,5,8,648000.0
1720,3,2.5,16,0,2.0,3,8,255000.0
2190,4,2.75,10,0,2.0,3,8,465000.0
3020,4,1.75,57,0,1.0,5,8,622000.0
1980,3,1.75,23,0,1.0,3,7,306000.0
1880,3,2.5,67,0,2.0,4,7,617000.0
1610,3,1.75,67,0,1.0,4,7,438750.0
3260,4,3.0,84,0,2.0,3,9,1280000.0
3970,5,3.25,35,0,2.0,3,9,995000.0
4570,4,2.5,66,0,2.0,5,12,1580000.0
2620,5,2.75,104,0,1.5,3,7,635000.0
1180,3,1.0,44,0,1.0,4,7,215000.0
1365,3,2.5,11,0,3.0,3,7,530000.0
720,2,1.0,72,0,1.0,4,6,295000.0
1350,3,2.25,34,0,1.0,3,7,245000.0
3060,6,2.5,48,0,1.0,4,8,400000.0
1850,3,2.75,21,0,2.0,4,8,303000.0
1320,3,1.75,44,0,1.5,4,7,330000.0
1990,3,1.75,35,0,2.0,3,9,700000.0
610,1,1.0,92,0,1.0,3,5,126000.0
2500,4,1.0,59,0,1.5,3,7,850000.0
1440,3,2.0,49,0,1.0,4,7,405000.0
2750,6,4.5,27,0,2.0,3,8,869900.0
1790,3,1.75,64,0,1.0,3,8,485000.0
1050,2,2.0,11,0,2.0,3,8,400000.0
1780,3,2.5,3,0,2.0,3,7,299950.0
2200,4,2.5,21,0,2.0,3,8,585000.0
1720,4,2.0,77,0,2.0,3,7,495000.0
5840,5,4.5,9,0,2.0,3,12,2200000.0
1520,3,2.25,30,0,2.0,3,7,447000.0
1320,3,1.0,47,0,1.0,4,7,206000.0
1070,3,1.0,84,0,1.0,3,7,500000.0
1990,4,2.5,20,0,2.0,3,8,302500.0
4980,4,4.25,32,0,2.0,3,9,1250000.0
890,2,1.0,68,0,1.0,3,6,391000.0
1440,3,2.0,28,0,2.0,3,7,250000.0
2440,4,2.5,11,0,2.0,3,7,435000.0
1800,4,2.25,53,0,1.0,3,7,160000.0
2260,5,3.0,11,0,1.0,3,7,451000.0
810,2,1.0,70,0,1.0,5,6,206000.0
2240,4,2.75,74,0,2.0,4,7,590000.0
4560,3,2.5,28,0,2.0,4,9,695000.0
1550,3,1.5,60,0,1.0,5,7,350000.0
3180,5,3.5,14,0,2.0,3,10,1236300.0
2950,6,2.25,45,0,1.0,4,7,395000.0
2190,5,3.0,16,0,2.0,3,7,419000.0
1570,2,2.0,8,0,1.0,3,8,592350.0
3420,5,3.25,11,0,2.0,3,9,855000.0
2420,4,2.5,23,0,2.0,3,9,771000.0
1570,3,2.25,47,0,1.0,4,7,325000.0
3680,5,3.25,89,0,2.0,5,9,1850000.0
1910,4,1.75,61,0,1.0,4,7,545000.0
1780,3,1.75,88,0,1.0,4,7,615000.0
2160,2,1.0,62,0,1.0,4,6,625500.0
1460,3,1.5,48,0,1.0,3,7,232000.0
1370,3,1.5,51,0,1.0,4,6,168000.0
1370,3,1.5,52,0,1.0,4,6,238000.0
1500,3,2.5,17,0,2.0,3,8,260000.0
1210,3,1.75,64,0,1.0,3,7,460000.0
2850,3,2.5,62,0,1.0,3,8,900000.0
1090,3,1.0,67,0,1.0,3,6,289950.0
1450,3,1.75,24,0,1.0,4,7,265000.0
1820,4,2.25,37,0,1.0,5,8,465000.0
1320,3,1.5,43,0,1.0,3,7,370000.0
1670,2,1.5,73,0,1.0,4,7,240000.0
1440,4,2.0,71,0,1.0,5,5,232000.0
980,3,1.0,63,0,1.0,3,7,237502.0
4340,4,3.5,6,0,2.0,3,10,1280000.0
2860,4,2.25,49,0,1.0,4,8,957000.0
1140,3,1.5,45,0,1.0,5,6,218000.0
1120,3,1.5,46,0,1.0,3,7,205000.0
1460,3,3.25,8,0,2.0,3,8,350000.0
2050,4,2.5,12,0,2.0,3,7,256000.0
1250,3,1.0,62,0,1.0,3,7,275000.0
2520,4,2.5,25,0,2.0,3,9,372000.0
2580,3,3.25,37,0,1.5,4,9,688888.0
1200,2,1.0,38,0,2.0,2,7,170000.0
2140,5,2.25,52,0,1.0,3,7,530000.0
3440,4,3.25,8,0,2.0,3,11,905000.0
1800,4,2.5,35,0,1.0,5,7,365000.0
1790,4,2.5,34,0,1.0,4,7,312000.0
1250,2,1.75,92,0,1.0,3,7,400000.0
800,2,2.0,78,0,1.0,4,6,278750.0
1410,3,2.0,50,0,1.0,4,8,510000.0
1330,2,2.25,6,0,3.0,3,8,527700.0
2890,4,2.75,84,0,1.5,4,9,740000.0
2550,4,2.5,18,0,2.0,3,9,512000.0
2880,5,2.5,13,0,2.0,3,8,362000.0
660,3,1.0,75,0,1.0,4,5,225000.0
1470,3,2.25,29,0,2.0,3,7,491500.0
1700,4,1.75,56,0,1.0,3,8,429950.0
1040,3,1.0,59,0,1.0,4,7,375000.0
880,2,1.0,98,0,1.0,4,6,199400.0
2490,4,2.5,19,0,2.0,3,9,364900.0
1210,3,1.5,73,0,1.0,3,7,324950.0
2080,5,2.0,106,0,1.0,4,6,467000.0
1380,3,1.0,60,0,1.0,4,7,380000.0
1620,3,2.25,48,0,1.0,3,7,250000.0
1680,4,1.0,93,0,1.5,3,7,700000.0
1330,3,1.0,38,0,1.0,5,6,206990.0
1730,3,1.75,87,0,1.0,5,7,670000.0
790,2,1.0,59,0,1.0,3,6,315000.0
2240,3,2.5,30,0,2.0,3,8,319950.0
1500,3,1.5,56,0,1.0,4,7,419000.0
1800,3,2.0,25,0,1.0,3,8,205000.0
1980,4,2.5,10,0,2.0,3,7,335000.0
1340,3,1.75,61,0,1.0,3,7,397000.0
750,2,1.0,107,0,1.0,3,7,370000.0
1790,4,2.25,45,0,1.0,4,7,330000.0
5490,4,3.5,18,0,1.0,3,12,1785000.0
1940,3,2.0,36,0,1.0,3,7,399000.0
2670,4,1.75,42,0,2.0,3,8,400000.0
1220,3,2.0,20,0,1.0,3,7,249900.0
1310,3,1.5,58,0,1.0,3,7,717000.0
1930,4,2.5,19,0,2.0,3,8,319000.0
2100,4,3.0,43,0,2.0,3,8,635000.0
1180,3,1.0,37,0,1.0,4,7,355000.0
4320,5,3.25,25,0,2.0,3,12,1600000.0
3140,4,1.75,63,0,1.0,3,7,585000.0
2320,3,2.0,54,0,1.0,4,7,320000.0
2110,3,1.75,48,0,2.0,4,7,305495.0
1790,4,2.0,54,0,1.0,4,7,240000.0
1740,5,2.5,55,0,1.0,4,7,199950.0
3820,4,3.25,9,0,2.0,3,10,1620000.0
2050,3,3.5,85,1,2.0,4,9,770000.0
1680,4,2.25,12,0,2.0,3,8,255000.0
1930,4,2.25,40,0,1.0,4,8,289000.0
3760,4,3.0,12,0,2.0,3,8,494500.0
2370,3,2.25,41,0,1.0,4,8,746000.0
2120,4,3.0,36,0,2.0,4,8,385000.0
2370,4,2.5,27,0,2.0,4,8,688100.0
2350,4,2.5,104,0,1.5,4,8,870300.0
1180,3,1.0,58,0,1.5,3,7,310000.0
2270,3,2.5,16,0,2.0,3,8,500000.0
1830,3,2.25,37,0,1.0,4,7,255000.0
3910,3,2.75,66,0,1.0,5,9,1475000.0
890,3,1.0,57,0,1.0,3,6,154500.0
1820,3,2.25,40,0,1.0,3,7,425000.0
2440,4,2.5,26,0,2.0,4,10,700000.0
1110,2,1.0,98,0,1.0,5,6,410500.0
1870,3,2.0,45,0,1.0,4,7,432000.0
1240,3,1.5,101,0,1.5,3,8,530000.0
1560,3,2.0,47,0,1.0,5,7,465000.0
1910,3,2.5,25,0,2.0,3,8,498688.0
2200,3,1.0,63,0,1.0,4,9,573500.0
2530,4,2.75,20,0,2.0,4,8,349900.0
1130,3,1.0,56,0,1.0,3,7,220000.0
820,2,1.0,96,0,1.0,4,6,260000.0
960,2,1.0,96,0,1.0,3,6,290000.0
1980,4,1.5,85,0,1.5,4,8,615000.0
3370,4,3.5,13,0,2.0,3,10,730000.0
7420,4,3.25,13,0,2.0,3,12,1950000.0
1800,3,2.25,19,0,2.0,3,7,332500.0
3990,5,3.5,24,0,2.0,3,9,650000.0
4070,4,2.5,12,0,3.0,4,8,1400000.0
1640,4,1.75,100,0,1.5,4,7,465000.0
3730,4,3.25,24,0,2.0,3,10,690000.0
1220,3,1.75,48,0,1.0,5,7,289900.0
3490,3,3.5,5,0,2.0,3,9,1620000.0
1730,3,2.5,16,0,2.0,3,7,339950.0
3430,4,2.75,43,0,1.5,4,8,367999.0
2320,4,2.5,21,0,2.0,3,7,380000.0
2030,3,1.75,61,0,1.0,4,7,440000.0
4850,5,4.0,37,0,2.0,3,10,975000.0
1340,3,1.5,46,0,1.0,3,7,309500.0
1130,3,1.0,66,0,1.0,5,6,350000.0
1180,2,2.0,10,0,2.0,3,6,215000.0
910,2,1.0,71,0,1.0,3,6,254000.0
1630,3,1.75,107,0,1.5,3,7,567000.0
710,2,1.0,71,0,2.0,4,7,402000.0
1520,4,1.0,66,0,1.0,2,5,365000.0
2820,4,2.5,0,0,2.0,3,9,625000.0
1970,4,1.75,73,0,1.5,3,7,432000.0
2240,5,3.0,46,0,1.0,4,8,335500.0
1860,2,1.75,58,0,1.0,5,8,672500.0
1780,4,1.0,95,0,1.5,5,6,336000.0
1788,4,2.5,24,0,2.0,4,7,294400.0
1880,3,2.5,27,0,2.0,3,8,541900.0
2300,3,1.75,37,0,1.0,4,8,505000.0
1610,3,2.5,20,0,2.0,3,7,255000.0
2270,6,2.5,51,0,1.0,3,7,435000.0
1230,2,1.75,89,0,1.5,5,7,636000.0
3420,4,3.5,10,0,2.0,3,9,655000.0
1670,3,1.5,62,0,1.0,3,7,280500.0
1120,2,1.0,69,0,1.0,3,7,520000.0
2580,4,2.5,9,0,2.0,3,8,354000.0
3847,5,2.75,39,0,1.0,5,9,810000.0
3630,4,2.5,35,0,1.5,3,9,400000.0
3580,4,2.75,36,0,1.0,3,10,879900.0
4050,5,4.0,35,0,2.0,4,10,1288000.0
3240,3,3.5,23,0,2.0,3,10,902500.0
1540,3,1.75,113,0,1.5,3,7,900000.0
2550,4,2.5,11,0,2.0,3,7,419500.0
2340,4,2.0,61,0,1.0,5,8,685000.0
2320,4,2.5,10,0,2.0,3,8,429950.0
1640,4,2.5,4,0,2.0,3,7,464950.0
910,2,1.0,31,0,1.0,4,6,239900.0
2550,4,3.25,25,0,2.0,3,8,406250.0
2660,4,2.5,17,0,2.0,3,8,447000.0
1480,3,2.5,18,0,2.0,3,7,466800.0
2810,4,2.5,52,0,1.0,5,7,674000.0
830,1,1.0,90,0,1.0,3,7,525000.0
3510,3,2.75,25,0,2.0,3,10,674950.0
2480,3,2.5,11,0,2.0,3,7,374900.0
3720,4,3.0,109,0,2.5,5,9,1443920.0
2150,3,2.25,30,0,2.0,3,8,559500.0
2370,3,2.5,11,0,2.0,3,9,522500.0
4310,5,2.5,27,0,2.0,3,10,1130000.0
2990,5,2.75,18,0,2.0,3,8,498500.0
1350,4,1.0,84,0,1.5,3,8,571000.0
2370,2,2.0,22,0,1.5,3,7,543000.0
1410,3,2.0,30,0,1.0,3,7,271920.0
1170,2,1.0,65,0,1.0,2,6,104950.0
1800,4,2.5,15,0,2.0,3,8,485500.0
3650,4,2.75,63,0,2.0,4,9,1210000.0
1490,3,1.75,22,0,1.0,4,7,260250.0
3610,4,2.5,19,0,2.0,3,10,875909.0
2050,4,1.75,55,0,1.0,4,7,455000.0
1092,3,1.0,96,0,1.5,3,6,309000.0
2010,4,2.25,35,0,1.0,3,8,229000.0
1680,3,2.0,62,0,2.0,4,7,250000.0
2510,4,2.0,54,0,1.0,3,9,600000.0
2280,4,2.5,10,0,2.0,3,8,535000.0
2510,3,2.5,13,0,2.0,3,7,571000.0
3190,5,2.75,38,0,1.0,3,9,1030000.0
4690,4,3.25,19,0,2.0,3,10,600000.0
1850,3,2.25,38,0,1.0,4,7,469500.0
4160,4,3.0,14,0,2.0,3,11,1150000.0
2220,4,1.5,89,0,1.5,3,8,785000.0
2870,3,2.5,24,0,2.0,3,10,872750.0
3950,4,2.75,59,0,1.0,3,10,900000.0
1740,2,1.75,12,0,1.5,3,8,350000.0
4780,5,3.0,40,0,1.0,4,10,2575000.0
3160,4,2.5,34,0,1.0,3,10,940000.0
1990,5,1.75,59,0,1.0,3,7,185000.0
3920,4,3.5,18,0,2.0,3,10,850000.0
960,3,1.0,51,0,1.0,4,7,201000.0
1540,2,1.5,35,0,2.0,3,7,499000.0
1970,4,2.5,13,0,2.0,3,7,315000.0
1880,3,2.5,21,0,2.0,3,8,509950.0
2000,3,2.75,51,0,1.0,3,8,286300.0
1990,3,2.5,17,0,2.0,4,8,590000.0
1400,4,1.0,66,0,1.5,4,6,325000.0
3190,4,2.5,17,0,2.0,3,9,625000.0
1000,3,1.5,67,0,1.0,3,7,378000.0
1670,3,1.75,36,0,1.0,3,7,239950.0
2100,4,2.0,90,0,1.0,5,7,550000.0
1010,2,1.0,112,0,1.0,3,6,325000.0
2030,4,2.5,88,0,1.5,4,7,831000.0
1090,3,1.0,64,0,1.0,4,6,249000.0
2440,4,1.75,39,0,1.0,3,7,484000.0
2500,4,3.0,12,0,2.0,3,9,395000.0
3420,4,2.5,12,0,2.0,3,9,839900.0
2850,4,2.5,16,0,2.0,3,8,760000.0
2030,4,1.5,88,0,1.5,4,8,750000.0
4590,5,3.75,88,0,2.0,4,11,3000000.0
2230,3,2.5,10,0,2.0,3,7,440000.0
1810,2,1.75,52,0,1.0,3,8,501000.0
4000,6,4.5,36,0,2.0,3,7,739000.0
1490,3,1.75,56,0,1.0,5,8,685650.0
4225,4,4.5,29,0,2.0,4,11,1005000.0
2120,4,1.75,85,0,1.5,4,8,980000.0
1030,3,1.5,46,0,1.0,4,7,275000.0
2310,4,1.75,38,0,1.0,4,7,319950.0
1830,3,2.25,30,0,2.0,3,8,448500.0
2120,5,2.0,101,0,1.5,3,7,437000.0
2500,4,1.5,48,0,1.0,4,7,330000.0
2470,3,2.5,24,0,2.0,4,8,365000.0
940,2,1.0,98,0,1.0,4,6,329000.0
3260,5,2.75,50,0,1.0,3,8,681500.0
1660,3,2.25,34,0,1.0,4,8,566000.0
4370,4,3.0,30,0,2.0,3,10,897500.0
2620,3,2.5,19,0,2.0,3,9,738000.0
1500,3,1.75,47,0,1.0,3,7,185000.0
910,2,1.0,79,0,1.0,4,7,445000.0
1430,3,1.75,58,0,1.0,2,6,175000.0
900,2,1.0,73,0,1.0,3,6,315000.0
1250,4,1.75,55,0,1.0,5,6,445000.0
3850,5,3.0,50,0,1.0,4,9,1400000.0
3450,4,2.5,27,0,2.0,3,10,832500.0
3950,4,3.5,13,0,2.0,3,10,771150.0
1950,4,1.5,75,0,1.5,3,6,225000.0
1700,3,2.5,11,0,2.0,3,7,389950.0
2370,3,2.5,10,0,2.0,3,7,435000.0
1600,3,1.75,86,0,2.0,3,7,845000.0
4060,4,1.75,90,0,2.0,5,9,1300000.0
1322,3,2.25,9,0,2.0,3,8,350000.0
1140,3,1.75,31,0,1.0,4,7,250000.0
1280,2,1.5,8,0,2.0,3,7,370000.0
3080,4,2.5,6,0,2.5,3,8,750000.0
1210,2,1.75,108,0,1.0,5,7,439950.0
1950,4,1.75,52,0,1.0,3,7,395000.0
1450,4,1.0,67,0,1.5,3,6,375000.0
1590,3,2.25,23,0,2.0,4,7,263000.0
1240,3,1.0,55,0,1.5,4,7,185000.0
1440,3,1.0,41,0,1.0,3,7,500000.0
3470,4,2.5,21,0,2.0,3,10,920000.0
5100,7,3.75,13,0,2.0,3,10,936000.0
2430,3,1.75,62,0,1.0,4,8,1500000.0
2420,3,2.25,66,0,1.0,3,8,1100000.0
1510,3,2.5,25,0,1.0,3,7,247000.0
1200,3,1.0,68,0,1.0,2,7,289500.0
2240,3,2.5,12,0,2.0,3,7,432500.0
1870,3,1.75,95,0,1.0,4,7,680000.0
1110,3,1.0,82,0,1.5,5,7,589000.0
3210,4,2.0,100,0,1.5,5,7,756450.0
2090,3,1.75,40,0,1.0,3,8,536650.0
1320,3,2.25,20,0,2.0,3,7,540000.0
1340,3,1.75,55,0,1.0,4,7,385000.0
1020,3,1.0,73,0,1.0,3,7,485000.0
1220,3,2.0,34,0,1.0,4,7,240000.0
1220,3,2.0,35,0,1.0,4,7,415500.0
1390,3,2.0,99,0,1.5,5,7,550000.0
2970,4,2.0,114,0,2.5,4,9,1260000.0
1440,2,2.0,24,0,2.0,4,7,430000.0
1550,2,1.75,61,0,1.0,3,7,415000.0
1904,4,2.5,16,0,2.0,5,7,365000.0
1400,4,1.5,39,0,2.0,3,7,257000.0
2140,3,2.5,9,0,2.0,3,8,420000.0
1320,3,1.75,71,0,1.0,5,7,338995.0
2620,3,1.75,67,0,1.0,4,7,615000.0
2300,4,0.5,18,0,2.0,3,8,312500.0
2000,4,2.5,18,0,2.0,3,8,513000.0
2960,4,2.75,63,0,2.0,3,9,857500.0
2700,3,2.75,37,0,1.5,4,10,1060000.0
1740,3,1.75,56,0,1.0,4,8,585000.0
1770,2,2.5,11,0,1.0,3,7,350500.0
1290,3,2.0,67,0,1.0,3,7,215000.0
1450,4,2.0,52,0,1.5,4,7,440000.0
1420,3,2.25,30,0,1.0,4,7,270000.0
1330,3,0.75,90,0,1.0,5,7,385000.0
1760,3,1.75,87,0,1.5,4,7,688500.0
2010,3,1.75,102,0,1.0,5,7,700000.0
2560,5,2.0,54,0,1.0,3,8,585000.0
1260,2,1.5,32,0,2.0,4,7,401000.0
2420,4,2.25,43,0,1.0,4,8,655000.0
1010,3,1.0,55,0,1.0,3,6,317000.0
1770,4,2.5,45,0,1.5,4,6,500000.0
890,2,1.0,71,0,1.0,3,6,314963.0
1670,3,1.5,89,0,2.0,5,7,715000.0
1360,3,2.25,22,0,2.0,3,7,280000.0
2120,3,2.5,26,0,2.0,3,9,531000.0
1910,3,2.5,16,0,2.0,3,8,617000.0
1480,4,1.0,74,0,1.5,3,7,440000.0
1090,3,1.0,59,0,1.0,4,7,140000.0
1670,4,1.75,42,0,1.0,5,8,661000.0
1670,4,1.75,42,0,1.0,5,8,697000.0
3650,5,2.75,45,0,2.0,5,9,1195000.0
1970,4,2.0,45,0,1.0,5,8,535000.0
1320,2,2.0,105,0,1.5,4,6,404500.0
1710,3,1.0,60,0,1.0,3,7,396500.0
1740,3,2.25,38,0,1.0,4,8,450000.0
2200,3,3.25,27,0,2.0,3,8,605000.0
2010,3,2.0,15,0,2.0,3,9,699000.0
3910,3,3.0,29,0,2.0,3,11,805000.0
470,1,0.75,68,0,1.0,3,4,156000.0
2330,4,2.5,31,0,1.0,4,8,595000.0
1930,3,1.75,85,0,1.5,3,6,285000.0
3270,4,2.5,8,0,2.0,3,9,725000.0
1650,3,2.5,29,0,2.0,3,8,216300.0
2220,4,2.75,31,0,1.0,4,7,410000.0
2470,2,1.75,98,0,1.0,4,7,597000.0
1300,3,1.0,38,0,1.0,4,7,325000.0
2530,5,2.75,49,0,1.0,5,7,355000.0
2400,3,1.5,53,0,1.0,3,7,338000.0
1500,4,2.25,15,0,2.0,3,7,210000.0
1700,4,1.75,47,0,1.0,3,7,423000.0
2120,4,1.5,38,0,1.0,4,7,249500.0
2240,4,2.5,13,0,2.0,4,8,325000.0
1540,3,1.75,28,0,1.0,4,7,257000.0
1890,3,1.75,37,0,1.0,3,8,550000.0
1260,3,1.0,94,0,2.0,4,7,490000.0
1160,2,1.5,32,0,2.0,3,7,299000.0
1300,2,1.0,54,0,1.0,4,6,295000.0
3220,4,2.5,36,0,2.0,3,8,630000.0
2020,4,1.5,53,0,1.0,5,7,320000.0
2990,4,2.5,56,0,1.0,5,8,1110000.0
1420,4,1.0,61,0,1.0,4,7,398000.0
1020,3,1.0,58,0,1.0,3,7,218000.0
2400,4,2.75,27,0,2.0,3,8,590000.0
3640,5,3.0,32,0,2.0,3,10,1595000.0
1550,2,2.25,7,0,2.0,3,8,348500.0
1870,2,2.0,8,0,1.0,3,8,592500.0
2340,3,2.5,19,0,2.0,3,8,505000.0
3350,5,4.25,0,0,2.0,3,10,1430000.0
1710,3,1.0,93,0,1.0,5,7,502000.0
1180,2,2.0,74,0,1.0,3,7,257500.0
1600,3,1.5,48,0,1.0,3,7,405000.0
1300,3,1.75,56,0,1.0,4,7,427000.0
1040,3,1.5,59,0,1.0,4,7,290000.0
1220,3,1.0,61,0,1.0,3,7,222000.0
2240,3,2.5,12,0,2.0,3,8,315000.0
1420,3,1.5,55,0,1.0,3,7,371000.0
1580,3,1.75,26,0,1.0,3,7,279900.0
2390,3,1.5,77,0,1.0,2,7,250000.0
2260,4,2.25,37,0,2.0,4,8,599000.0
1890,3,1.75,50,0,1.0,4,7,267300.0
1830,2,1.75,65,0,1.0,4,7,585000.0
1000,3,1.75,46,0,1.0,3,6,350000.0
2180,3,1.75,53,0,1.0,3,8,506000.0
2320,6,2.0,52,0,2.0,4,8,400000.0
840,3,1.0,93,0,1.0,3,6,151100.0
840,3,1.0,94,0,1.0,3,6,251000.0
2350,4,2.25,37,0,1.0,4,8,555000.0
2040,3,1.75,17,0,1.0,3,7,467500.0
2370,4,2.5,19,0,2.0,3,8,479000.0
1590,5,2.0,53,0,1.0,5,7,247000.0
1380,3,1.0,38,0,1.0,3,7,299500.0
1940,4,1.5,35,0,1.5,3,7,306888.0
3320,4,2.5,13,0,2.0,3,9,675000.0
1090,2,1.0,68,0,1.5,4,7,577000.0
1650,3,1.5,47,0,1.0,3,7,219950.0
1110,3,1.5,74,0,1.0,3,6,375000.0
2110,4,2.5,72,0,1.0,5,7,650000.0
1850,3,3.0,115,0,1.5,2,6,975000.0
600,1,1.0,95,0,1.0,3,6,229000.0
2760,5,2.5,88,0,1.5,3,8,575000.0
2970,4,1.75,53,0,1.0,5,9,815000.0
2300,3,1.75,35,0,1.0,4,7,525000.0
2030,3,2.5,13,0,2.0,3,8,471000.0
2160,4,1.75,72,0,1.0,4,8,450000.0
1650,3,2.0,88,0,2.0,4,7,590000.0
3140,4,2.5,10,0,2.0,3,8,744000.0
2690,4,2.25,28,0,2.0,4,9,460000.0
1940,5,2.5,55,0,1.0,4,7,299000.0
1220,4,1.0,75,0,1.5,5,6,231000.0
1300,3,1.0,39,0,1.0,4,6,195000.0
1660,3,1.75,36,0,1.0,3,7,305000.0
3390,4,1.5,99,0,2.0,4,8,895000.0
2310,4,1.5,64,0,1.0,3,7,1110000.0
950,2,1.0,73,0,1.0,4,7,339000.0
2400,4,3.75,91,0,1.0,3,7,885000.0
1780,3,1.0,70,0,1.5,5,6,375000.0
1280,4,1.5,56,0,1.0,3,7,367400.0
1930,4,2.0,62,0,1.0,3,7,700000.0
2560,5,2.25,49,0,1.0,4,8,667000.0
920,2,1.0,108,0,1.0,4,6,200000.0
1900,3,2.5,44,0,2.0,3,8,552775.0
2270,3,2.0,114,0,1.0,4,6,452000.0
2080,3,2.5,36,0,1.0,5,8,418000.0
1460,3,1.75,47,0,1.0,3,8,601500.0
1670,3,1.75,38,0,1.0,4,8,600000.0
2810,4,2.5,17,0,2.0,3,9,340000.0
2370,3,2.5,20,0,2.0,3,8,310000.0
1700,2,1.75,42,0,1.0,3,8,290000.0
1630,2,1.0,74,0,1.0,3,7,438000.0
2930,4,2.75,76,0,1.0,5,8,718000.0
860,2,1.0,65,0,1.0,5,6,200000.0
1980,3,2.0,20,0,1.0,3,9,479900.0
2080,3,2.5,28,0,2.0,3,9,400000.0
1060,3,1.0,58,0,1.0,4,7,219950.0
1590,3,2.5,14,0,2.0,3,7,300000.0
1980,3,2.25,55,0,1.0,3,7,437000.0
1720,4,2.0,43,0,1.0,3,7,350000.0
1350,4,1.75,60,0,1.0,4,7,626000.0
2080,3,2.5,37,0,2.0,3,8,490000.0
2090,3,2.5,12,0,2.0,3,8,289000.0
2030,3,2.5,6,0,2.0,3,7,595000.0
2680,3,2.25,25,0,1.0,3,9,676000.0
1820,3,1.75,35,0,1.0,3,7,389000.0
1300,3,2.0,31,0,1.0,4,7,240000.0
2210,4,2.5,21,0,2.0,3,8,382500.0
1400,3,2.0,51,0,1.0,4,7,511555.0
2040,3,1.75,97,0,1.5,4,8,710500.0
2420,3,2.5,29,0,2.0,3,8,429000.0
1920,4,1.75,52,0,1.0,4,7,170000.0
3860,4,3.25,39,0,1.0,4,10,2135000.0
2760,5,2.75,36,0,1.0,3,7,480000.0
3450,4,3.75,21,0,2.0,4,10,1665000.0
1040,3,1.0,67,0,1.0,3,6,225000.0
2220,3,1.75,39,0,1.0,3,8,615000.0
2470,4,2.5,23,0,2.0,3,7,438950.0
1300,3,1.75,53,0,1.0,4,7,242000.0
1960,3,2.5,25,0,1.0,3,8,560000.0
2040,3,1.5,86,0,2.0,5,8,857500.0
3030,4,2.5,15,0,2.0,3,9,685000.0
2260,4,3.0,38,0,2.0,4,7,486000.0
2670,3,2.5,27,0,2.0,3,9,749000.0
1520,3,2.5,28,0,2.0,3,7,260000.0
3610,3,1.75,85,0,1.5,3,10,1015000.0
1130,3,1.75,73,0,1.0,4,7,565000.0
1480,3,2.0,23,0,2.0,3,7,355000.0
3540,5,2.0,44,0,2.0,3,9,775000.0
2100,4,2.25,52,0,1.0,4,7,335000.0
3366,5,4.0,77,0,2.5,3,8,1300000.0
1810,3,1.75,111,0,1.5,4,7,545000.0
1680,3,1.75,88,0,1.5,4,7,540000.0
2450,3,1.75,52,0,1.0,4,8,687500.0
1150,1,2.0,52,0,1.0,4,7,115000.0
1150,1,2.0,52,0,1.0,4,7,227000.0
3240,4,2.5,12,0,2.0,3,9,870000.0
3480,4,2.5,30,0,1.5,4,11,1190000.0
2800,4,2.5,8,0,2.0,3,9,375000.0
3240,3,2.75,54,0,1.0,3,8,902000.0
1480,2,1.5,36,0,1.0,4,6,269500.0
1700,3,1.0,106,0,1.5,4,6,570000.0
1240,2,1.0,75,0,1.0,4,7,359950.0
3720,4,3.5,7,0,2.0,3,10,1450000.0
1910,3,2.5,13,0,2.0,3,8,615000.0
2120,4,2.0,54,0,1.5,4,7,250000.0
3020,4,2.5,12,0,2.0,3,7,530000.0
2250,3,2.0,28,0,1.0,3,7,474950.0
1650,4,2.0,68,0,2.0,5,7,490000.0
880,2,1.5,7,0,2.0,3,7,210000.0
1860,3,1.0,57,0,1.0,3,7,265500.0
3840,5,3.25,6,0,3.0,3,10,1462500.0
2192,4,2.25,8,0,2.0,3,8,310000.0
1590,3,2.5,12,0,2.0,3,7,324500.0
3700,4,4.75,52,0,1.0,4,7,599000.0
3670,4,2.5,9,0,2.0,3,10,525000.0
1630,3,1.0,61,0,1.0,5,7,400000.0
4230,3,3.0,63,0,2.0,3,9,887500.0
1060,2,1.0,82,0,1.5,4,6,344000.0
2700,3,2.5,23,0,2.0,3,9,525000.0
2110,3,2.25,39,0,2.0,3,8,385000.0
3720,4,2.5,15,0,2.0,3,10,820000.0
3440,4,3.5,9,0,2.0,3,11,1305000.0
2420,4,2.25,29,0,1.0,4,8,549000.0
1090,3,1.0,86,0,1.5,3,7,180000.0
2910,4,2.5,16,0,2.0,3,8,589000.0
1050,3,1.0,67,0,1.0,3,7,350000.0
1610,3,2.0,50,0,1.0,4,7,197400.0
1760,3,2.5,28,0,2.0,4,8,267000.0
1540,3,1.5,37,0,1.0,3,7,480000.0
2580,4,2.5,55,0,1.0,4,8,650000.0
1370,2,1.0,110,0,1.5,3,7,600000.0
1440,2,1.75,10,0,1.0,3,8,490000.0
1410,3,1.0,52,0,1.0,3,7,225000.0
1980,3,2.25,55,0,1.0,3,8,640000.0
2440,3,3.5,14,0,2.0,3,7,710000.0
1350,3,2.0,28,0,1.0,3,7,325000.0
3130,3,3.25,29,0,1.0,3,9,595000.0
880,3,1.0,64,0,1.0,3,5,128750.0
1920,3,2.25,53,0,1.0,3,7,465000.0
2700,4,1.75,77,0,1.0,4,8,710000.0
1670,4,2.75,98,0,1.0,5,7,605000.0
3470,4,2.5,51,0,2.0,4,10,994000.0
1820,3,2.25,31,0,2.0,3,8,489950.0
1310,3,1.5,64,0,1.0,3,7,365000.0
1790,3,2.0,17,0,1.0,4,8,359950.0
2460,4,2.5,8,0,2.0,3,8,495000.0
1060,3,1.5,41,0,1.0,3,7,255000.0
1340,3,1.75,53,0,1.0,4,7,330000.0
1480,3,1.75,43,0,1.0,4,8,450000.0
3500,4,2.5,10,0,2.0,3,9,655000.0
2910,4,2.75,46,0,1.0,4,9,485000.0
1940,4,1.75,40,0,1.0,3,8,375000.0
2280,4,2.5,11,0,2.0,3,8,570000.0
1190,3,2.25,17,0,3.0,3,8,350000.0
1260,3,1.0,64,0,1.0,3,7,550000.0
2270,5,2.0,49,0,1.0,3,7,513000.0
1990,4,2.25,49,0,1.0,4,7,450000.0
1500,4,1.75,114,0,1.0,5,7,432500.0
2060,5,2.75,26,0,1.5,5,7,432000.0
1950,3,2.25,32,0,2.0,3,8,480000.0
1790,3,1.75,34,0,1.0,3,7,402200.0
1520,3,1.0,64,0,1.0,4,6,650000.0
3240,4,2.5,31,0,2.0,4,9,1199500.0
2440,3,2.0,37,0,1.0,4,8,312000.0
2220,4,2.0,99,0,1.5,4,7,610000.0
2640,5,1.75,100,0,1.5,4,7,823000.0
1450,4,1.75,89,0,1.0,4,7,471000.0
1550,3,2.25,27,0,2.0,3,8,481015.0
6200,5,4.5,26,0,3.0,4,11,1959000.0
2810,4,3.25,34,0,1.0,3,8,624000.0
2080,4,2.5,45,0,1.0,3,7,480000.0
1370,3,1.5,59,0,1.0,3,7,815000.0
2920,4,2.25,48,0,1.0,4,11,1650000.0
1000,3,1.0,74,0,1.0,3,6,180000.0
1210,2,1.75,31,0,1.0,3,7,156601.0
2790,4,2.5,10,0,2.0,3,8,374950.0
1660,2,1.5,106,0,1.0,5,6,368000.0
1650,3,2.0,64,0,2.0,3,7,550000.0
1300,3,1.75,34,0,1.0,3,7,198000.0
1090,3,1.75,46,0,1.0,3,7,345000.0
2660,5,2.5,56,0,1.0,5,9,1712750.0
940,3,1.0,106,0,1.0,4,5,185900.0
2750,3,2.75,36,0,1.0,5,9,950000.0
3850,4,4.5,16,0,2.0,3,10,995000.0
860,2,1.0,74,0,1.0,3,7,345000.0
2070,4,2.75,52,0,1.0,3,7,741000.0
2290,2,2.25,7,0,1.0,3,8,737000.0
2340,4,2.5,50,0,1.0,3,8,668750.0
2680,3,1.75,40,0,1.0,5,8,575000.0
1710,4,2.0,38,0,1.0,5,8,280000.0
1800,3,1.5,59,0,1.0,3,7,583000.0
1510,3,2.25,49,0,1.0,1,7,196000.0
1700,3,2.5,20,0,2.0,3,8,349950.0
1350,4,1.0,102,0,1.5,3,7,429000.0
2140,5,2.5,48,0,1.0,4,7,270000.0
2700,6,4.0,45,0,1.0,3,7,385000.0
920,1,1.0,108,0,1.0,4,7,535000.0
1500,3,1.75,57,0,1.0,3,7,352500.0
1510,3,1.75,93,0,1.0,4,7,624000.0
1980,5,1.5,52,0,1.5,3,7,215000.0
4500,4,3.0,34,0,2.0,3,9,870000.0
3220,4,2.5,8,0,2.0,3,8,440000.0
1140,2,1.5,14,0,2.0,3,7,518000.0
1490,3,2.25,22,0,2.0,3,7,259500.0
4360,4,3.25,21,0,1.0,3,10,795127.0
960,3,1.0,59,0,1.0,4,7,290000.0
2253,4,3.0,58,0,2.0,3,7,385000.0
770,2,1.0,66,0,1.0,3,6,259950.0
1310,2,2.5,16,0,2.0,3,8,330000.0
980,3,1.0,66,0,1.0,3,6,280000.0
1820,4,2.5,27,0,2.0,3,8,595000.0
3980,4,3.75,13,0,2.0,3,10,925900.0
3010,3,2.25,36,0,2.0,3,8,499000.0
1830,4,2.5,22,0,2.0,3,8,325000.0
2550,5,2.5,61,0,1.0,4,9,895000.0
800,2,1.0,71,0,1.0,4,6,162248.0
2890,3,2.25,73,0,2.0,3,8,1072500.0
1810,3,1.5,56,0,1.0,3,7,430000.0
1810,3,1.5,57,0,1.0,3,7,615500.0
940,3,1.0,66,0,1.0,3,6,260000.0
1810,4,2.0,41,0,1.0,4,7,295000.0
2550,3,1.75,63,0,2.0,3,9,1186040.0
2370,4,2.5,6,0,2.0,3,9,749950.0
1370,6,1.0,83,0,1.5,3,6,175000.0
1370,6,1.0,84,0,1.5,3,6,415000.0
1200,3,1.0,61,0,1.0,4,6,190000.0
2100,3,1.75,103,0,1.5,5,7,625000.0
2020,3,2.25,19,0,2.0,3,7,420000.0
1570,4,1.5,50,0,1.0,3,7,339900.0
1140,2,1.0,35,0,1.0,3,8,160000.0
1830,4,2.5,12,0,2.0,3,7,353000.0
1010,3,2.0,33,0,1.0,3,8,390000.0
1770,4,2.5,44,0,1.0,3,8,675000.0
2120,3,2.5,9,0,2.0,3,7,400000.0
3190,4,3.5,11,0,2.0,3,10,1340000.0
2780,4,2.5,64,0,1.0,5,8,1650000.0
3350,5,3.0,102,0,2.0,5,8,1000000.0
3450,5,3.5,42,0,1.0,5,8,850000.0
1060,3,1.5,31,0,1.0,4,6,275000.0
1670,3,2.5,14,0,2.0,3,8,450000.0
2251,4,1.75,57,0,1.0,4,8,305000.0
1770,3,2.5,85,0,1.5,3,7,643002.0
1510,2,1.75,37,0,1.0,3,8,468000.0
1770,4,2.5,11,0,2.0,3,7,324950.0
1260,3,2.0,28,0,1.0,3,7,290000.0
1710,3,2.0,34,0,1.0,4,7,488500.0
2290,3,1.75,64,0,1.0,4,7,367950.0
790,2,1.0,59,0,1.0,2,6,285000.0
1820,3,2.75,24,0,2.0,3,8,417000.0
3180,4,2.5,36,0,1.0,4,10,1115000.0
5280,4,4.0,37,0,2.0,3,11,1550000.0
3240,3,2.5,19,0,2.0,3,10,604000.0
2390,3,2.5,29,0,2.0,4,8,380000.0
2500,4,2.5,11,0,2.0,3,7,336500.0
2290,4,2.0,115,0,1.5,5,7,685000.0
1600,3,1.0,68,0,1.0,3,7,670000.0
1120,2,1.0,104,0,1.5,3,7,524000.0
1340,3,1.0,46,0,1.0,3,7,172000.0
1670,6,2.0,103,0,1.0,5,7,680000.0
2830,4,3.0,27,0,2.0,4,8,549900.0
2700,4,2.75,26,0,1.0,4,9,357000.0
910,3,1.5,41,0,1.0,3,6,107000.0
910,3,1.5,41,0,1.0,3,6,232900.0
2370,4,3.5,89,0,2.0,3,8,800000.0
880,2,1.5,16,0,2.0,3,7,248500.0
2050,3,2.5,58,0,1.0,3,8,670000.0
1180,3,1.75,57,0,1.0,4,6,207000.0
1070,3,1.0,53,0,1.0,3,7,164000.0
1380,2,1.0,61,0,2.0,3,7,570500.0
2680,3,2.25,36,0,1.0,3,8,599990.0
2100,5,1.75,53,0,1.0,3,7,395000.0
4133,4,3.75,14,0,2.0,3,11,979500.0
920,3,1.0,86,0,1.0,2,6,207000.0
920,3,1.0,87,0,1.0,2,6,237000.0
1750,2,1.0,42,0,1.0,4,7,650100.0
1950,4,2.5,51,0,1.0,3,7,385000.0
1660,2,1.75,56,0,2.0,3,7,335000.0
2670,4,1.5,18,0,2.0,3,8,347000.0
980,3,1.0,61,0,1.0,4,6,204000.0
1780,4,2.25,44,0,2.0,3,8,615000.0
2370,3,2.25,34,0,2.0,4,7,943500.0
1640,3,2.0,74,0,1.0,4,7,560000.0
2610,4,2.5,40,0,1.0,2,8,547500.0
2030,4,1.75,46,0,1.0,3,7,359500.0
2590,3,2.5,28,0,1.0,3,9,660000.0
1620,3,1.75,26,0,1.0,3,7,258000.0
2040,3,1.75,34,0,1.0,4,8,355000.0
810,2,1.0,66,0,1.0,3,7,253500.0
1270,3,1.0,46,0,1.0,5,7,422500.0
1470,2,2.0,28,0,1.5,3,7,239000.0
1720,3,2.25,31,0,1.0,4,7,628000.0
1320,2,2.5,11,0,1.0,3,8,352000.0
1358,3,2.25,8,0,3.0,3,7,311600.0
2070,4,1.5,50,0,1.0,4,7,235000.0
2910,5,2.25,46,0,2.0,4,9,870000.0
1370,4,1.5,45,0,1.0,3,7,190848.0
2340,4,1.75,90,0,1.0,5,7,570000.0
2290,4,4.0,74,0,1.5,5,7,661254.0
1650,4,2.0,59,0,1.0,3,7,575000.0
650,2,0.75,83,0,1.0,4,5,230000.0
2300,3,2.25,35,0,2.0,4,8,680000.0
620,1,1.0,75,0,1.0,3,5,148000.0
620,1,1.0,75,0,1.0,3,5,244900.0
1400,3,1.0,60,0,1.0,3,6,214950.0
1800,3,1.5,67,0,1.0,3,8,580000.0
1300,3,1.5,46,0,1.0,3,7,263000.0
2360,5,2.5,52,0,1.0,4,7,317000.0
3320,4,3.0,51,0,1.0,3,7,302000.0
1480,3,1.0,65,0,2.0,4,8,899000.0
2190,3,2.5,58,0,1.0,3,8,1289000.0
3740,3,3.25,24,0,2.5,3,11,710000.0
1360,3,1.0,34,0,1.0,4,7,230000.0
1210,3,1.0,74,0,1.0,3,6,430000.0
4610,5,4.25,10,0,2.0,3,11,1169000.0
860,3,1.0,87,0,1.5,4,7,397000.0
2250,3,2.5,12,0,2.0,3,8,595000.0
2030,3,1.75,39,0,1.0,4,8,485000.0
3260,5,2.5,64,0,1.5,4,8,755000.0
1840,3,1.0,61,0,1.0,4,7,185000.0
1840,3,1.0,62,0,1.0,4,7,340000.0
2000,4,2.75,17,0,2.0,3,7,236000.0
2810,4,2.5,22,0,2.0,3,9,550000.0
1780,3,2.0,89,0,1.0,5,7,680000.0
2540,4,2.5,18,0,2.0,3,9,630000.0
2340,3,2.0,43,0,1.0,5,7,560000.0
1480,3,2.0,71,0,1.0,3,7,385000.0
1358,3,2.25,7,0,3.0,3,7,280000.0
1750,3,2.5,35,0,1.0,4,7,225000.0
1830,4,1.75,24,0,2.0,3,8,610000.0
1170,3,2.0,67,0,1.0,5,7,592500.0
3170,4,2.75,22,0,2.0,3,10,750000.0
1530,4,1.0,37,0,2.0,3,7,164000.0
1100,2,1.0,67,0,1.0,4,7,320000.0
2030,4,2.5,20,0,2.0,3,8,544000.0
1870,3,1.75,36,0,1.0,5,8,344950.0
3080,3,2.5,24,0,2.0,3,10,539500.0
2480,4,1.75,47,0,1.0,4,7,420000.0
910,2,1.0,89,0,1.0,1,6,305000.0
810,2,1.0,59,0,1.0,3,6,229000.0
3990,5,3.5,13,0,2.0,3,11,1068000.0
1430,3,2.25,9,0,3.0,3,8,397500.0
2190,4,2.0,87,0,2.0,4,6,540000.0
2290,4,2.5,29,0,2.0,3,8,650000.0
3020,6,4.0,72,1,2.0,3,8,1900000.0
2260,2,1.75,9,0,2.0,3,9,649000.0
2020,5,2.0,79,0,1.5,4,7,287500.0
2620,4,2.75,65,0,1.0,4,8,815000.0
2830,2,2.5,13,0,2.0,3,10,795000.0
1700,3,1.75,39,0,1.0,4,8,502775.0
1110,2,1.0,71,0,1.0,3,6,222900.0
2150,4,3.0,45,0,1.0,3,8,399950.0
2650,4,2.5,20,0,2.0,3,9,728000.0
3870,5,3.5,20,0,2.0,3,10,850000.0
2530,4,2.75,16,0,2.0,3,8,525000.0
1450,3,1.0,104,0,1.5,5,7,257000.0
2200,3,2.5,5,0,2.0,3,8,433500.0
1890,4,1.75,46,0,1.0,4,7,314950.0
1530,3,1.75,37,0,1.0,3,7,500000.0
1590,3,1.5,58,0,1.0,3,7,300000.0
2690,4,2.5,29,0,2.0,3,8,645000.0
990,3,1.0,42,0,1.0,3,7,222500.0
1300,3,1.75,38,0,1.0,4,7,275000.0
1720,3,1.5,106,0,1.5,4,8,498000.0
2080,3,1.75,56,0,1.0,3,7,800000.0
1840,3,2.5,20,0,2.0,3,8,297000.0
4010,5,3.5,18,0,2.0,3,9,625000.0
3560,4,2.5,11,0,2.0,3,9,770000.0
1640,3,2.25,84,0,1.5,3,8,517000.0
530,1,1.0,73,0,1.0,5,5,238000.0
1990,3,1.0,68,0,1.0,3,7,234550.0
1690,3,2.25,41,0,1.0,3,7,230500.0
2670,5,2.5,94,0,1.5,4,7,585000.0
1930,4,1.75,90,0,1.5,5,7,733000.0
810,2,1.0,62,0,1.0,3,7,357950.0
1550,3,1.75,87,0,1.0,3,7,530000.0
2640,4,2.5,15,0,2.0,3,8,377500.0
2320,4,2.5,9,0,2.0,3,7,475000.0
2170,3,1.75,7,0,1.0,3,7,399000.0
2080,3,2.0,88,0,1.0,5,7,660000.0
2070,5,2.25,56,0,1.0,4,7,400000.0
800,2,1.0,70,0,1.0,4,7,440000.0
2040,4,2.25,38,0,1.0,4,8,366400.0
2830,4,2.5,22,0,2.0,3,9,627250.0
1480,3,1.75,94,0,1.0,3,6,375950.0
1810,3,2.25,37,0,1.0,3,7,162000.0
1970,3,2.75,90,0,2.5,3,8,780000.0
2650,4,2.5,109,0,1.5,3,8,705000.0
2820,4,2.5,42,0,1.0,4,9,450000.0
1400,3,2.75,33,0,1.0,3,7,311000.0
1580,3,2.5,29,0,2.0,3,8,485000.0
1800,3,2.5,27,0,2.0,4,8,485000.0
3360,5,3.75,51,0,2.0,3,8,725000.0
1510,3,1.0,39,0,1.0,4,6,185000.0
4285,4,4.25,1,0,2.0,3,10,1890000.0
1610,3,2.25,25,0,2.0,4,7,260000.0
2470,4,2.5,11,0,2.0,3,8,356000.0
1200,3,1.0,38,0,1.0,3,6,225205.0
1260,3,1.0,65,0,1.0,4,7,445000.0
920,2,1.0,100,0,1.0,4,6,356000.0
2540,5,2.75,61,0,1.0,4,7,760250.0
1870,2,2.0,10,0,1.0,3,8,572000.0
3060,3,2.25,84,0,1.5,4,9,970000.0
1950,4,2.5,20,0,2.0,3,8,348450.0
1730,3,1.5,31,0,2.0,4,8,535500.0
2570,5,2.5,58,0,1.0,3,8,710000.0
1490,3,1.75,67,0,1.0,4,7,745000.0
2040,4,2.5,18,0,2.0,3,7,355000.0
2690,4,2.5,11,0,2.0,3,8,333000.0
1610,3,2.5,21,0,2.0,4,7,282000.0
2520,3,2.0,108,0,1.5,4,8,840500.0
1550,3,1.75,56,0,1.0,4,7,432000.0
1800,3,1.0,87,0,1.0,4,9,625000.0
1170,3,1.0,66,0,1.0,4,7,209977.0
900,2,1.0,35,0,1.0,3,6,174000.0
2800,4,2.0,38,0,1.0,4,8,740000.0
1830,3,1.75,105,0,1.5,4,7,518000.0
1380,3,1.75,100,0,1.0,4,7,539000.0
1990,3,2.75,37,0,1.0,3,8,575000.0
1170,2,1.75,5,0,2.0,3,9,530000.0
1400,4,1.75,79,0,1.5,4,7,242025.0
2620,4,2.5,53,0,1.0,4,8,1030000.0
880,3,1.0,36,0,1.0,3,7,230000.0
2260,4,2.5,50,0,1.0,3,8,350000.0
1300,3,1.0,57,0,1.0,3,6,595000.0
1450,3,1.75,31,0,1.0,3,8,440000.0
1110,3,1.0,111,0,1.0,3,7,550000.0
1890,4,2.25,51,0,1.0,3,9,940000.0
1100,3,1.5,7,0,2.0,3,8,375000.0
1350,2,1.5,75,0,1.0,3,7,567500.0
3020,3,2.5,46,0,1.0,5,8,735000.0
730,2,1.0,86,0,1.0,3,6,114000.0
1390,2,1.0,101,0,1.0,4,7,608000.0
2710,3,1.5,34,0,1.5,3,7,442500.0
1530,4,2.0,33,0,1.0,3,7,381800.0
2170,3,2.0,95,0,1.0,5,7,330000.0
790,2,1.0,41,0,1.0,3,7,90000.0
1160,2,1.75,73,0,1.0,4,6,312000.0
1080,3,1.0,59,0,1.0,4,7,339000.0
2190,3,1.75,47,0,1.0,4,8,313000.0
2030,3,2.5,26,0,2.0,3,8,618080.0
2480,3,2.25,35,0,2.0,3,8,325000.0
2240,4,1.0,48,0,1.0,3,7,242000.0
1650,2,1.5,36,0,1.0,3,7,364000.0
1700,3,1.75,89,0,1.5,5,7,545000.0
2790,3,2.5,26,0,2.0,3,10,445000.0
3010,4,2.75,34,0,2.0,4,9,1085500.0
2550,4,2.5,50,0,1.0,3,8,660000.0
2880,4,2.5,25,0,1.0,3,10,845000.0
2090,4,2.0,107,0,1.0,3,6,417000.0
740,2,1.0,63,0,1.0,4,5,213800.0
960,2,1.75,68,0,1.0,4,7,400000.0
2100,4,3.5,10,0,2.0,5,8,759950.0
2540,4,2.5,12,0,2.0,3,9,990000.0
1650,3,1.75,51,0,1.0,5,8,710000.0
770,1,0.75,104,0,1.0,4,6,315000.0
2280,4,2.5,37,0,1.0,5,8,515000.0
1660,3,2.0,92,0,1.0,5,7,638000.0
2020,4,2.0,69,0,1.5,4,7,370000.0
970,3,1.0,47,0,1.0,3,7,184000.0
2480,3,2.5,12,0,2.0,3,8,583800.0
1250,3,1.0,46,0,1.0,3,7,309500.0
4430,4,4.0,17,0,2.0,3,12,1960000.0
740,1,1.0,91,0,1.0,3,7,299000.0
710,2,1.0,71,0,1.0,3,6,215000.0
1970,4,2.0,53,0,1.0,3,8,410000.0
820,2,1.0,75,0,1.0,3,7,478000.0
1000,2,1.0,96,0,1.0,4,7,431000.0
3080,4,2.5,17,0,2.0,3,9,635000.0
2410,5,2.25,42,0,2.0,4,8,648000.0
2370,3,2.5,21,0,2.0,3,9,640000.0
4690,5,4.5,19,0,2.0,3,10,932808.0
2280,2,2.0,12,0,1.0,3,8,835000.0
1530,2,1.75,72,0,1.0,3,7,469775.0
3610,5,3.5,25,0,2.0,4,7,587000.0
1740,3,2.0,91,0,1.0,5,7,677915.0
3600,4,3.0,38,0,1.0,4,9,1075000.0
3130,4,3.0,61,0,1.5,3,7,671000.0
3940,5,3.25,7,0,2.0,3,9,695000.0
2200,4,2.0,70,0,1.0,3,6,205000.0
1510,4,1.0,60,0,1.5,4,7,350000.0
1560,3,1.75,34,0,2.0,4,7,360000.0
1870,4,2.25,6,0,2.0,3,7,313999.0
2070,3,2.25,36,0,1.0,3,8,300000.0
1660,2,1.75,34,0,1.0,3,7,452000.0
2010,3,2.5,37,0,1.0,3,7,495500.0
1410,3,1.0,53,0,1.0,4,7,288000.0
1820,3,1.75,48,0,1.0,4,7,227490.0
2560,3,2.5,25,0,2.0,4,8,470950.0
2450,4,2.75,4,0,2.0,3,8,735000.0
3110,7,2.75,100,0,1.5,5,7,730000.0
2210,3,2.5,29,0,2.0,4,8,412000.0
2630,4,2.5,6,0,2.0,3,9,589500.0
2350,7,1.0,52,0,1.0,3,7,291000.0
4450,5,3.75,5,0,2.0,3,9,1300000.0
1200,3,1.0,53,0,1.0,4,6,190000.0
1210,2,1.75,111,0,1.0,3,6,456200.0
1290,3,1.0,48,0,1.0,4,7,225000.0
3490,3,2.5,47,1,1.0,3,10,2000000.0
3360,4,2.5,17,0,2.0,3,9,740000.0
2660,3,1.75,66,0,1.0,3,8,467000.0
770,2,1.0,68,0,1.0,3,6,385000.0
1800,3,2.5,29,0,2.0,3,7,670000.0
2900,4,2.5,56,0,1.0,4,8,500000.0
1430,3,2.0,69,0,1.0,5,7,352450.0
2550,4,2.75,25,0,2.0,3,9,669888.0
1310,3,2.75,57,0,1.0,3,7,405000.0
1430,3,1.5,58,0,1.0,4,7,518000.0
1880,4,1.0,40,0,1.0,3,7,280000.0
1600,3,2.5,9,0,2.0,3,7,435000.0
1760,3,2.0,19,0,1.0,3,7,314950.0
1180,2,2.0,10,0,2.0,3,6,209900.0
2330,4,2.5,35,0,2.0,4,8,630000.0
1960,4,1.5,52,0,1.5,4,7,442000.0
1140,4,1.0,71,0,1.0,2,5,340000.0
1400,3,1.75,57,0,1.0,4,7,230000.0
2710,5,2.25,59,0,1.0,3,7,495200.0
3510,4,2.5,17,0,2.0,3,10,900000.0
910,2,1.0,98,0,1.0,3,5,265000.0
2090,3,1.75,38,0,1.0,3,8,489500.0
1410,3,2.0,30,0,1.0,4,7,335000.0
3050,3,3.25,24,0,2.0,3,8,585000.0
2010,4,2.25,64,0,1.0,4,8,800000.0
2120,4,2.25,29,0,2.0,4,7,379500.0
1270,3,1.0,55,0,1.0,4,6,475000.0
1670,3,2.0,53,0,1.0,4,7,520000.0
1800,4,2.5,14,0,2.0,3,8,515000.0
1640,2,1.0,89,0,1.0,4,7,577500.0
1740,3,2.25,51,0,1.0,4,7,269900.0
1600,3,1.0,50,0,1.0,4,7,329000.0
1280,3,1.5,110,0,1.5,3,7,458500.0
1480,4,2.0,68,0,1.5,4,6,890000.0
1980,4,2.5,12,0,2.0,3,7,361500.0
3730,5,3.25,51,0,1.0,4,10,2535000.0
900,2,1.0,30,0,1.0,3,7,325000.0
3480,4,3.25,0,0,3.0,3,8,1850000.0
2840,4,2.0,62,0,1.0,3,7,945000.0
2490,3,2.5,9,0,2.0,3,9,370000.0
1510,2,2.0,8,0,1.0,3,8,450000.0
2900,4,2.5,21,0,2.0,4,10,800000.0
2240,3,2.5,19,0,2.0,3,7,676000.0
2040,4,1.75,94,0,2.0,4,9,1272500.0
1460,3,1.75,42,0,1.0,3,7,290000.0
990,3,1.5,52,0,1.0,4,7,158000.0
1970,4,1.75,54,0,1.0,5,7,379950.0
2660,4,2.5,13,0,2.0,3,8,583000.0
870,2,1.0,57,0,1.0,4,6,150000.0
1740,3,2.5,24,0,2.0,3,7,261500.0
2290,4,2.5,10,0,2.0,3,7,278000.0
2170,4,2.75,37,0,1.0,3,8,555000.0
2040,3,1.75,56,0,1.0,3,7,355000.0
1770,4,1.5,56,0,1.0,3,7,375000.0
2380,3,1.75,96,0,1.0,1,6,227000.0
2030,4,2.0,45,0,1.0,4,7,335000.0
2270,3,2.25,39,0,1.0,3,9,680000.0
1390,2,1.75,87,0,1.5,4,8,686500.0
1530,3,1.75,26,0,1.0,3,7,410000.0
1430,2,1.0,93,0,1.5,3,6,425000.0
2030,3,2.5,27,0,1.0,3,8,562500.0
2390,4,2.5,11,0,2.0,3,7,345000.0
2540,4,2.5,36,0,1.0,4,8,627500.0
1890,3,1.0,53,0,1.0,3,7,355000.0
1870,3,2.25,29,0,2.0,3,7,335000.0
1780,4,3.0,62,0,1.0,3,7,350000.0
1610,3,1.0,37,0,1.0,3,7,590000.0
1420,3,2.0,24,0,2.0,3,7,252000.0
4440,5,4.0,47,0,1.0,5,10,1295000.0
1820,4,2.0,67,0,2.0,3,7,705000.0
1620,3,2.0,46,0,1.0,3,7,498000.0
870,2,1.0,66,0,1.0,3,7,312500.0
1830,4,1.75,52,0,1.0,2,7,260000.0
2290,3,1.5,48,0,1.0,4,7,209950.0
1110,3,1.75,48,0,1.0,4,7,610000.0
1440,4,1.0,108,0,1.5,3,7,500000.0
3070,3,3.5,87,0,1.0,3,8,850000.0
2440,4,2.5,54,0,1.0,5,8,689000.0
2410,4,2.0,40,0,2.0,3,9,470000.0
2270,3,3.0,12,0,2.0,3,9,640000.0
2340,4,1.75,54,0,1.0,3,8,290000.0
1800,3,2.5,31,0,2.0,3,7,258500.0
2210,4,3.5,37,0,1.0,4,9,1100000.0
1820,3,1.75,37,0,1.0,3,7,420000.0
1190,3,1.0,59,0,1.0,3,7,230000.0
1400,3,1.5,29,0,1.0,4,7,252000.0
2600,3,2.5,11,0,2.0,3,8,515000.0
910,2,1.0,109,0,1.0,4,6,425000.0
1760,3,2.5,21,0,2.0,3,8,575000.0
860,2,1.0,105,0,1.0,4,7,390000.0
2310,4,2.25,46,0,1.0,3,8,561500.0
2000,4,1.75,89,0,1.5,4,9,1350000.0
2460,5,2.75,59,0,1.0,5,9,835000.0
1020,2,1.0,82,0,1.5,3,6,245000.0
1670,3,2.5,14,0,2.0,3,8,475200.0
790,2,1.0,73,0,1.0,4,7,425000.0
2010,2,1.5,63,0,2.0,3,7,218000.0
2600,4,2.5,15,0,2.0,3,9,600000.0
1890,4,2.25,48,0,1.0,3,8,545000.0
4600,5,2.5,97,0,1.5,3,9,2408000.0
2008,5,3.0,23,0,1.0,3,7,460000.0
880,2,1.0,64,0,1.0,3,7,425000.0
1700,3,1.75,59,0,1.0,4,7,455000.0
1730,3,2.0,21,0,1.0,3,8,313100.0
3910,4,3.5,27,0,2.0,4,10,780000.0
2160,4,2.5,15,0,2.0,3,8,345500.0
1200,3,1.75,40,0,1.0,5,7,243000.0
3860,5,3.5,41,0,1.0,4,8,670000.0
1320,3,1.5,32,0,1.0,3,6,325000.0
1280,2,1.0,63,0,1.0,3,7,281000.0
1100,3,1.0,102,0,1.0,4,7,130000.0
2170,3,2.5,19,0,2.0,3,7,340000.0
2720,4,2.75,38,0,2.0,4,8,485000.0
2520,4,2.75,0,0,2.0,3,8,642860.0
2560,3,1.75,103,0,1.0,3,7,747000.0
2650,4,2.5,35,0,2.0,3,8,559950.0
2870,4,2.75,6,0,2.0,3,9,577288.0
1230,2,1.0,94,0,1.5,3,7,575000.0
1450,3,1.0,61,0,1.0,4,7,287000.0
3180,4,3.75,2,0,2.0,3,9,1149000.0
1800,2,1.0,70,0,1.0,3,6,335000.0
2020,4,2.25,49,0,2.0,2,8,375000.0
620,2,1.0,89,0,1.0,3,6,325000.0
2190,3,2.25,39,0,1.0,4,7,530000.0
1980,4,2.25,38,0,1.0,3,7,287000.0
2970,5,3.0,36,0,1.0,3,8,320000.0
2270,4,2.5,8,0,2.0,3,7,425000.0
1630,3,1.0,60,0,1.0,4,8,550000.0
1520,3,1.0,53,0,1.0,2,6,135000.0
2080,3,1.75,90,0,1.5,4,8,695000.0
3020,5,2.5,38,0,1.0,4,9,975000.0
2180,4,1.75,64,0,1.0,3,8,210000.0
1780,4,1.75,63,0,1.0,4,7,518000.0
1370,3,1.0,84,0,2.0,3,6,335500.0
3050,4,3.5,30,0,2.0,3,9,750000.0
1490,3,1.75,58,0,1.0,4,7,515000.0
1800,4,2.75,12,0,1.0,3,7,344500.0
1760,3,1.5,56,0,1.0,3,7,470000.0
1770,4,1.75,47,0,1.0,3,8,606150.0
2910,4,2.75,16,0,1.0,3,7,292000.0
2880,3,2.5,36,0,2.0,3,7,450000.0
2520,3,1.75,57,0,1.0,3,8,429000.0
3190,4,2.5,26,0,2.0,3,9,765000.0
540,2,1.0,110,0,1.0,3,5,425000.0
3170,4,2.5,15,0,2.0,3,7,505000.0
1830,3,1.75,58,0,1.0,3,7,544950.0
1360,3,2.0,78,0,1.5,3,8,382000.0
1870,3,1.75,36,0,2.0,3,7,475000.0
1370,3,1.5,33,0,2.0,4,7,355000.0
1700,4,2.5,42,0,1.0,5,7,410000.0
1960,4,2.0,115,0,1.0,3,6,450000.0
4140,7,4.5,36,0,1.0,3,7,565000.0
1290,2,1.0,74,0,1.5,4,7,529100.0
2460,4,2.5,9,0,2.0,3,7,452500.0
1580,4,2.0,47,0,1.0,3,7,245000.0
700,1,1.0,61,0,1.0,3,6,415000.0
2410,4,2.5,24,0,2.0,3,9,610000.0
2180,4,1.75,52,0,1.0,5,7,363500.0
1950,3,2.75,46,0,1.0,4,8,510000.0
2630,4,2.5,19,0,2.0,3,8,650000.0
2050,4,2.5,42,0,2.0,4,7,290000.0
790,3,1.0,71,0,1.0,2,6,170000.0
1070,2,1.0,115,0,1.0,3,6,510000.0
2320,4,2.5,27,0,2.0,3,8,316000.0
2670,4,2.5,25,0,2.0,4,9,690000.0
700,2,1.0,62,0,1.0,5,5,199950.0
860,3,1.0,54,0,1.0,3,6,207000.0
3490,4,2.25,39,0,1.5,4,8,449950.0
1160,3,1.75,35,0,1.0,2,7,361550.0
3650,4,3.5,18,0,2.0,3,10,824000.0
1550,3,1.75,58,0,1.0,5,7,537000.0
2620,4,2.5,40,0,2.5,4,9,838400.0
720,2,1.0,67,0,1.0,3,6,225000.0
1380,3,2.0,33,0,1.0,4,7,329900.0
1170,4,1.0,73,0,1.0,4,6,282500.0
1170,3,1.75,46,0,1.0,4,7,229950.0
1630,2,1.0,68,0,1.0,3,7,500000.0
1890,3,1.75,47,0,1.0,3,8,495000.0
1010,3,1.0,55,0,1.0,4,7,149500.0
2040,3,2.5,40,0,1.0,4,8,726000.0
4080,4,2.5,17,0,2.0,3,10,899000.0
1270,3,1.0,60,0,1.0,5,7,317000.0
790,1,1.0,62,0,1.0,3,6,395000.0
2580,4,3.0,16,0,2.0,3,8,360000.0
2290,4,2.5,18,0,2.0,3,8,570000.0
3490,4,2.5,11,0,2.0,3,8,320000.0
1510,3,1.75,38,0,1.5,3,7,320000.0
2400,5,2.5,11,0,2.0,3,7,268000.0
900,2,1.0,109,0,1.0,5,6,191000.0
1270,2,1.0,65,0,1.0,4,7,400000.0
1050,2,1.0,107,0,1.0,5,7,515000.0
2950,4,2.5,11,0,2.0,3,9,610000.0
1850,2,1.75,85,0,1.0,3,7,538000.0
1970,3,2.5,11,0,2.0,4,7,432000.0
2400,4,2.25,37,0,2.0,3,8,335000.0
2360,5,1.75,89,0,1.5,5,7,302000.0
1580,4,1.75,51,0,1.0,3,7,787500.0
1790,3,1.0,77,0,1.0,5,8,420000.0
2840,3,2.5,23,0,2.0,3,9,560000.0
1970,3,2.5,26,0,2.0,3,8,535000.0
1780,3,2.5,24,0,1.0,3,7,310000.0
3920,5,2.0,104,0,1.5,5,7,760000.0
1550,3,1.75,9,0,2.0,3,7,242500.0
2980,6,3.0,104,0,1.5,3,8,1313000.0
1270,3,1.0,65,0,1.0,5,6,235000.0
3040,4,2.25,52,0,1.0,4,7,598780.0
2075,3,2.5,12,0,2.0,3,8,433200.0
1110,2,1.0,73,0,1.0,5,6,343000.0
800,2,1.0,50,0,1.0,3,6,145000.0
680,1,1.0,63,0,1.0,3,5,291970.0
1680,3,1.0,66,0,1.0,3,7,599950.0
3910,4,2.5,106,0,1.5,3,8,1749000.0
2780,4,1.75,51,0,1.0,3,9,870000.0
2000,4,2.75,23,0,2.0,4,7,323000.0
3150,4,3.0,13,0,2.0,3,9,727000.0
1120,1,1.0,26,0,1.0,3,7,166000.0
1740,4,1.75,54,0,1.0,3,7,450000.0
2970,3,2.5,47,0,1.0,3,7,400000.0
2970,3,2.5,48,0,1.0,3,7,599000.0
1150,3,1.0,106,0,1.0,4,5,165000.0
1190,2,1.0,73,0,1.0,3,6,229000.0
900,1,1.0,68,0,1.0,3,5,305000.0
2950,3,3.25,13,0,2.0,3,9,930000.0
1990,3,2.5,50,0,1.0,3,8,542000.0
1020,3,1.0,114,0,1.0,4,6,214000.0
2070,3,2.5,13,0,2.0,3,8,718000.0
1430,3,2.5,12,0,3.0,3,8,349000.0
2030,3,2.5,18,0,2.0,3,7,305000.0
1620,3,2.5,114,0,2.0,4,7,498000.0
4220,4,3.5,21,0,2.0,3,10,799950.0
2300,3,2.5,18,0,2.0,3,9,737000.0
3830,4,3.25,13,0,2.0,3,10,860000.0
2390,3,2.5,30,0,1.0,3,8,339950.0
1440,3,2.25,32,0,1.0,3,7,249000.0
910,2,1.0,105,0,1.0,2,6,370000.0
1550,3,2.0,50,0,1.0,4,7,725000.0
2380,5,2.5,38,0,1.0,4,8,529000.0
2060,4,2.75,27,0,1.0,4,7,310000.0
1880,4,2.25,33,0,2.0,3,8,315000.0
3470,4,2.5,87,0,2.0,3,9,1300000.0
2360,3,2.0,50,0,2.0,5,7,435000.0
1970,3,1.75,35,0,1.0,4,7,350000.0
1040,3,1.0,66,0,1.0,3,7,240000.0
1420,3,2.25,28,0,2.0,3,7,410000.0
2290,4,2.75,11,0,2.0,3,7,430000.0
1530,4,2.5,40,0,1.0,3,7,446000.0
1360,3,1.5,30,0,1.5,5,7,240000.0
3680,4,3.0,45,0,1.5,4,8,595000.0
920,3,1.0,46,0,1.0,4,6,215150.0
1070,2,1.0,65,0,1.0,5,7,319950.0
1590,3,2.0,14,0,2.0,3,8,385000.0
1600,3,2.5,24,0,2.0,3,8,280000.0
1510,3,2.5,41,0,1.0,3,7,399950.0
1080,3,1.0,47,0,1.0,3,7,132500.0
1330,2,0.75,99,0,1.0,4,7,399950.0
850,2,1.0,66,0,1.0,3,7,290000.0
1960,5,2.25,57,0,1.0,4,8,860000.0
1530,4,1.0,66,0,1.5,3,7,245000.0
1320,3,1.5,58,0,1.0,3,7,255000.0
2320,4,3.0,38,0,2.0,3,7,310000.0
960,3,1.0,59,0,1.0,3,7,299000.0
2040,4,2.5,18,0,2.0,4,8,575000.0
1080,3,1.0,70,0,1.0,3,7,284000.0
2020,3,1.75,89,0,1.0,4,8,840000.0
1780,3,1.75,34,0,1.0,3,7,442573.0
1140,3,1.0,83,0,1.0,3,8,560000.0
1610,3,2.0,97,0,1.0,4,7,485000.0
1440,4,1.75,54,0,1.0,4,7,472500.0
4270,4,2.75,18,0,2.0,3,11,1610000.0
3460,8,3.75,27,0,2.0,3,7,808000.0
1890,3,1.75,64,0,1.5,4,7,398000.0
2240,3,2.5,12,0,2.0,3,8,340000.0
760,2,1.0,105,0,1.5,3,6,380000.0
1020,3,1.0,66,0,1.0,3,6,235000.0
1330,3,1.5,58,0,1.0,3,7,400000.0
2780,5,2.5,46,0,1.0,4,8,582000.0
1070,2,1.0,52,0,1.0,3,6,209000.0
2660,5,3.0,53,0,1.5,4,7,335000.0
710,2,1.0,72,0,1.0,5,6,285950.0
3340,5,2.25,39,0,2.0,4,8,645000.0
1160,2,1.0,98,0,1.5,4,7,312000.0
2840,3,2.25,47,0,1.0,3,7,663000.0
2000,3,1.75,68,0,1.0,3,6,443950.0
1060,3,2.0,33,0,1.0,3,7,315000.0
1730,4,1.5,51,0,1.0,3,7,302200.0
2190,3,2.5,36,0,2.0,4,9,770000.0
1660,4,1.75,41,0,1.0,3,8,374950.0
2210,3,2.5,25,0,2.0,3,9,330000.0
870,2,1.0,72,0,1.0,4,6,230000.0
3100,4,2.5,5,0,2.0,3,9,967000.0
1720,4,2.5,14,0,2.0,3,8,536500.0
3120,6,4.0,21,0,2.0,4,7,315000.0
1040,3,1.0,90,0,1.0,4,7,626000.0
1650,4,2.0,54,0,1.0,4,6,334009.0
1010,2,1.0,91,0,1.0,2,7,429000.0
4020,4,2.5,28,0,2.0,3,10,818000.0
2166,5,2.75,1,0,2.0,3,8,326000.0
1880,5,3.0,17,0,1.0,3,7,310000.0
2260,4,2.0,68,0,1.0,4,7,525000.0
2010,3,2.25,29,0,1.5,3,7,350000.0
3330,4,2.5,14,0,2.0,3,10,936000.0
1520,3,1.0,60,0,1.0,3,7,226000.0
3510,5,3.5,7,0,2.0,3,10,1250000.0
1580,3,1.75,29,0,1.0,4,7,428000.0
1460,3,1.5,43,0,1.0,3,7,329932.0
1460,3,1.5,44,0,1.0,3,7,539000.0
1650,3,1.75,38,0,1.0,4,8,275000.0
2660,4,2.5,21,0,2.0,3,9,590000.0
3510,4,2.5,18,0,2.0,3,10,782000.0
2120,4,2.5,29,0,2.0,3,8,575000.0
1780,3,2.25,19,0,2.0,3,7,509000.0
2000,4,2.5,46,0,1.0,4,7,290000.0
1300,3,1.0,58,0,1.0,3,7,305240.0
2180,3,2.0,84,0,1.5,4,8,555000.0
1790,3,2.0,34,0,1.0,3,7,317000.0
1910,3,2.0,43,0,1.5,3,8,430000.0
1800,2,1.5,53,0,1.0,4,7,850000.0
2620,3,2.25,38,0,1.0,3,7,469000.0
1440,2,2.0,72,0,1.0,4,6,327200.0
2790,3,3.0,37,1,2.0,4,8,835000.0
2340,4,2.5,24,0,2.0,3,8,360000.0
2070,4,2.5,15,0,2.0,3,8,372000.0
2160,3,1.0,47,0,1.5,4,7,453000.0
2090,2,1.75,83,0,1.0,5,7,275000.0
2040,4,2.5,51,0,2.0,4,7,475000.0
1950,4,2.75,29,0,1.0,3,7,310000.0
1200,4,2.0,58,0,1.0,5,7,173000.0
2240,5,3.0,30,0,1.0,3,6,313500.0
1360,3,2.5,7,0,2.0,3,8,345000.0
1500,3,1.5,60,0,1.0,3,8,436000.0
1300,2,1.75,75,0,1.0,3,6,244500.0
1140,3,1.75,46,0,1.0,4,7,206000.0
2930,4,2.5,10,0,2.0,3,9,890000.0
2140,4,2.25,29,0,2.0,3,8,329950.0
1628,3,1.75,19,0,1.0,3,7,250000.0
1990,3,2.0,65,0,1.0,3,7,246000.0
1950,3,1.75,35,0,1.0,3,7,440000.0
1910,4,1.75,39,0,1.0,3,7,395000.0
820,3,1.0,96,0,1.0,5,6,305000.0
1470,3,2.25,29,0,1.0,3,7,160000.0
1470,3,2.25,30,0,1.0,3,7,269000.0
1060,3,1.0,52,0,1.0,3,6,169500.0
3130,4,2.75,0,0,2.0,3,8,690500.0
1260,2,1.5,57,0,1.0,3,7,245560.0
2200,4,2.75,28,0,2.0,3,8,345000.0
2580,4,1.75,56,0,1.0,4,8,383000.0
1350,3,2.25,7,0,2.0,3,8,388500.0
1350,3,1.75,29,0,1.0,3,7,250000.0
2290,3,1.75,42,0,1.0,4,9,455500.0
1220,3,1.0,60,0,1.0,4,7,672000.0
2750,4,1.5,56,0,1.0,2,7,550000.0
1430,3,1.75,56,0,1.0,3,7,487000.0
2220,4,2.5,13,0,2.0,3,7,291375.0
1490,3,1.0,69,0,1.0,3,7,225000.0
2440,5,3.5,40,0,2.0,4,7,519950.0
2070,3,2.5,24,0,2.0,4,8,250000.0
1500,3,1.0,114,0,1.5,5,7,614950.0
2020,4,2.25,31,0,2.0,4,7,599500.0
2190,4,1.5,62,0,1.0,3,8,625000.0
780,2,1.0,57,0,1.0,4,7,248500.0
1220,5,2.0,93,0,1.0,4,6,469950.0
1840,3,1.5,45,0,1.0,4,8,525000.0
2390,2,2.5,65,0,2.0,4,8,787500.0
3710,4,2.5,10,0,1.0,3,10,485000.0
750,2,1.0,96,0,1.0,3,6,310000.0
2110,5,2.0,48,0,1.0,3,7,280000.0
1020,4,1.0,93,0,1.5,4,6,200000.0
3080,3,2.5,8,0,2.0,3,9,490000.0
900,3,1.0,45,0,1.0,3,6,146000.0
3720,5,3.0,28,0,2.0,3,9,500000.0
940,3,1.0,55,0,1.0,3,6,242500.0
1040,3,1.0,55,0,1.0,3,7,324950.0
1000,2,1.0,72,0,1.0,4,6,231500.0
2080,3,2.5,25,0,2.0,3,8,300000.0
2500,4,2.5,17,0,2.0,3,9,545000.0
1050,3,1.0,60,0,1.0,5,6,350000.0
1620,3,1.75,41,0,1.0,3,7,467100.0
1610,3,1.0,56,0,1.5,3,7,180000.0
2130,4,1.5,94,0,2.0,4,8,749000.0
1460,3,2.5,25,0,2.0,3,7,245000.0
1600,5,1.0,52,0,1.0,5,7,260000.0
1730,3,3.0,29,0,3.0,3,7,490000.0
2280,4,2.5,11,0,2.0,3,8,565000.0
2430,4,2.25,31,0,2.0,3,8,330000.0
1380,3,1.0,51,0,1.0,4,7,295000.0
1790,3,1.5,111,0,1.5,4,7,725000.0
3370,4,2.5,15,0,2.0,3,10,1135000.0
2920,3,2.25,58,0,1.0,3,8,680000.0
2180,2,1.0,67,0,1.0,4,7,490000.0
1480,3,1.75,89,0,1.5,4,7,635000.0
2350,3,2.5,36,0,1.5,4,9,750000.0
2440,4,2.25,31,0,2.0,3,8,330000.0
1350,3,2.5,8,0,2.0,3,7,270000.0
1970,3,2.25,17,0,2.0,3,7,340000.0
1110,3,0.75,64,0,1.0,3,7,413252.0
2950,4,2.75,8,0,2.0,3,9,600000.0
2970,5,3.0,16,0,2.0,3,9,726888.0
720,2,1.0,71,0,1.0,4,6,285000.0
770,2,1.0,86,0,1.0,4,6,365000.0
1650,4,2.0,51,0,1.0,3,7,295000.0
1620,3,2.25,46,0,1.0,3,7,460000.0
1510,3,1.5,67,0,1.5,3,7,230000.0
1070,3,1.0,63,0,1.0,5,7,337000.0
1010,3,1.0,57,0,1.0,3,7,300000.0
3370,4,2.5,53,0,1.0,5,10,2300000.0
2000,4,2.5,11,0,2.0,3,8,360000.0
2060,3,2.5,28,0,2.0,3,8,585000.0
1740,3,2.25,36,0,1.0,3,7,182700.0
1740,3,2.25,37,0,1.0,3,7,305000.0
1880,3,2.5,20,0,2.0,3,7,309950.0
960,3,1.0,43,0,1.0,3,7,550000.0
3280,3,2.5,29,0,1.0,3,11,825000.0
1570,2,1.0,100,0,1.5,4,8,998500.0
2990,4,2.5,10,0,2.0,3,8,644500.0
1250,3,2.0,47,0,1.0,5,7,320000.0
1920,3,2.5,9,0,2.0,3,7,266950.0
2470,4,2.5,21,0,2.0,3,9,633100.0
960,2,1.0,63,0,1.0,3,7,395000.0
940,3,1.0,68,0,1.0,3,6,259250.0
1260,3,1.0,46,0,1.0,4,6,300000.0
2280,3,1.75,38,0,1.0,3,8,413000.0
1740,3,2.25,56,0,1.0,3,8,435000.0
2630,4,2.75,38,0,1.0,4,7,500000.0
2430,4,1.75,61,0,1.0,3,8,402000.0
2260,3,2.5,20,0,1.5,3,10,777700.0
1220,2,1.5,77,0,1.0,4,7,580000.0
2580,3,1.75,28,0,1.0,3,9,570000.0
730,2,1.0,64,0,1.0,3,6,174950.0
760,2,1.0,101,0,1.0,3,6,300000.0
1740,3,1.5,64,0,1.0,3,7,435000.0
3420,4,2.5,14,0,2.0,3,10,840000.0
2240,5,2.5,48,0,1.0,3,7,469000.0
1920,4,1.75,107,0,2.0,4,8,870000.0
2020,4,1.75,35,0,1.0,4,7,532000.0
1880,4,1.5,60,0,1.0,3,7,455000.0
1010,3,1.0,53,0,1.0,5,5,201000.0
3990,5,3.25,23,0,2.0,3,9,649000.0
1390,2,1.75,74,0,1.0,3,6,445500.0
1230,3,2.0,30,0,1.0,4,7,475000.0
2940,4,2.5,23,0,2.0,3,10,590000.0
2190,4,1.5,80,0,2.0,3,7,565000.0
640,1,1.0,94,0,1.0,2,5,110000.0
1670,3,2.5,40,0,1.0,3,7,375000.0
1240,3,1.5,47,0,1.0,4,7,255000.0
1850,5,1.75,78,0,1.5,3,6,315000.0
2020,4,2.25,53,0,1.0,4,8,496600.0
1020,3,1.0,70,0,1.0,3,7,380000.0
1610,3,1.75,40,0,1.0,4,7,338950.0
2730,5,3.5,25,0,1.0,3,8,542500.0
2840,5,2.5,101,0,1.0,4,7,739000.0
1290,4,1.75,108,0,2.0,4,7,549000.0
1670,3,2.25,37,0,1.0,4,7,252000.0
3860,4,4.5,10,0,2.0,3,11,1698890.0
2460,4,1.75,105,0,1.5,5,7,735000.0
1660,4,2.5,36,0,1.0,4,7,270000.0
3420,3,2.5,64,0,1.0,3,9,2250000.0
1010,2,1.0,24,0,1.5,3,5,155000.0
2240,4,2.5,54,0,1.0,3,7,469000.0
2340,4,2.25,50,0,2.0,5,7,305000.0
1920,3,1.75,90,0,1.0,5,7,675000.0
2460,3,2.5,85,0,1.5,4,8,931000.0
1470,3,1.0,65,0,1.0,3,8,385000.0
3400,3,2.5,14,0,2.0,3,9,815000.0
1910,3,2.25,36,0,1.0,3,7,531000.0
1400,4,1.0,114,0,1.0,4,6,386500.0
1520,3,1.75,31,0,1.0,3,8,475580.0
930,2,1.0,75,0,1.0,3,6,358000.0
2340,5,1.0,96,0,2.0,3,8,677500.0
2920,3,2.5,6,0,3.0,3,10,868500.0
1270,3,1.75,48,0,1.0,4,7,599380.0
2450,4,2.25,35,0,1.0,3,10,712000.0
1380,5,1.75,60,0,1.0,3,7,350000.0
2520,4,2.0,93,0,1.0,3,8,875000.0
2290,3,2.25,27,0,2.0,3,8,365000.0
1660,4,2.0,69,0,1.0,3,6,452000.0
2800,3,2.75,58,0,1.0,5,7,915000.0
1690,3,2.5,10,0,2.0,3,7,482500.0
1180,3,1.0,65,0,1.5,4,7,425000.0
1390,2,1.75,98,0,1.0,5,6,460000.0
2320,4,2.0,101,0,1.5,5,7,666570.0
2270,3,2.25,34,0,1.0,4,8,390000.0
2640,4,1.75,48,0,1.0,4,7,650000.0
1680,3,2.0,21,0,1.0,3,7,305000.0
990,3,1.0,65,0,1.0,3,6,250000.0
2770,4,2.5,11,0,2.0,3,9,438800.0
950,2,1.0,71,0,1.0,5,6,290000.0
2160,4,2.0,86,0,2.0,4,7,324950.0
1650,3,2.5,23,0,2.0,4,7,453000.0
1800,3,1.0,85,0,1.5,4,7,556000.0
1660,3,2.0,43,0,1.0,3,8,315000.0
1870,3,2.5,11,0,2.0,3,8,445830.0
3220,3,3.5,23,0,2.0,3,10,1260000.0
1850,3,3.0,22,0,1.0,4,7,287200.0
1580,4,1.5,69,0,1.5,3,7,525000.0
4590,4,4.25,11,0,2.0,3,10,1135000.0
2700,3,1.75,47,0,1.0,4,7,381000.0
1020,3,1.75,61,0,1.5,4,7,360000.0
2950,5,3.5,11,0,3.0,3,8,619000.0
1780,2,1.75,39,0,1.0,4,8,535000.0
710,2,1.0,109,0,1.0,5,7,402000.0
4300,4,3.5,22,0,2.0,3,10,600000.0
2080,3,2.5,40,0,1.0,3,8,549950.0
2360,4,2.0,59,0,1.0,3,7,300000.0
2210,6,2.0,46,0,2.0,4,7,360000.0
4340,7,3.25,28,0,2.0,3,7,419000.0
1320,3,3.0,6,0,3.0,3,8,510000.0
1980,3,2.5,23,0,2.0,3,8,319950.0
3960,5,5.0,16,0,2.0,3,10,1180000.0
2130,4,2.5,11,0,2.0,3,8,381000.0
1720,3,2.5,23,0,2.0,3,7,256900.0
1790,5,1.0,51,0,1.0,4,7,346000.0
1390,2,2.25,5,0,3.0,3,7,465000.0
1900,3,2.0,42,0,1.0,3,8,545000.0
1640,2,1.75,89,0,1.0,4,7,516000.0
2700,4,2.5,46,0,1.0,4,8,550000.0
2200,4,2.25,25,0,2.0,4,7,339950.0
1310,3,1.0,62,0,1.0,4,7,417000.0
2480,4,2.5,64,0,1.0,3,8,906000.0
3010,4,2.25,41,0,2.0,4,9,980000.0
2450,4,2.5,14,0,2.0,3,9,555000.0
1250,2,1.75,28,0,1.0,4,7,468000.0
2610,3,1.75,33,0,1.0,3,7,378000.0
2010,4,2.5,52,0,1.5,5,8,430000.0
3120,4,2.5,11,0,2.0,3,9,730100.0
1370,4,1.5,53,0,1.5,3,7,219000.0
2420,3,2.5,24,0,1.0,3,9,570000.0
1500,4,2.75,35,0,1.0,3,7,262500.0
2630,5,2.5,11,0,2.0,3,8,525000.0
950,2,1.0,96,0,1.0,4,6,520000.0
2680,3,3.0,44,0,1.0,4,8,417400.0
3680,4,3.25,11,0,2.0,3,9,788000.0
1270,3,1.0,58,0,1.0,4,7,320000.0
2330,6,1.0,94,0,1.5,4,7,950000.0
960,3,1.0,59,0,1.0,3,7,255000.0
1990,4,2.5,25,0,2.0,3,7,260000.0
1450,3,1.0,92,0,1.0,4,6,394000.0
2280,4,2.5,18,0,2.0,3,8,575000.0
1830,4,2.25,92,0,2.0,3,8,1250000.0
1650,3,2.25,45,0,1.0,3,7,385000.0
2720,5,2.75,46,0,1.0,4,7,456000.0
1710,4,2.5,36,0,1.0,3,8,637000.0
1420,5,1.5,50,0,1.0,3,7,485000.0
1440,3,1.75,63,0,1.0,3,7,315275.0
1280,2,1.5,47,0,1.0,3,7,252500.0
1320,2,1.0,49,0,1.0,3,7,240000.0
2560,4,2.5,65,0,1.0,4,7,790000.0
1480,3,1.0,62,0,1.0,3,7,310000.0
2960,4,2.5,29,0,2.0,4,10,1250000.0
1160,2,1.0,73,0,1.0,5,7,425000.0
2110,3,2.5,13,0,2.0,3,8,548000.0
1650,3,2.5,28,0,1.0,4,7,379880.0
1950,3,2.5,26,0,2.0,3,8,530000.0
2600,3,2.25,38,0,1.5,5,8,695000.0
1270,3,1.0,86,0,1.5,3,7,435000.0
1300,3,1.75,31,0,1.0,3,7,540000.0
1790,3,2.25,47,0,1.0,3,7,425000.0
1930,3,2.5,9,0,2.0,3,8,490000.0
1200,4,1.0,91,0,1.5,3,6,220000.0
2050,4,2.5,14,0,2.0,3,8,540000.0
1710,3,1.0,68,0,1.0,3,7,670000.0
2130,3,1.75,61,0,1.0,3,9,667500.0
1700,3,3.5,4,0,2.0,3,8,585000.0
1390,3,1.5,38,0,1.0,4,6,225000.0
1230,3,1.0,60,0,1.0,3,7,375000.0
1490,3,2.0,47,0,1.0,4,7,335000.0
2440,5,3.25,1,0,2.0,3,8,680000.0
970,3,1.0,65,0,1.0,3,6,600000.0
1700,4,2.0,60,0,1.0,3,7,161000.0
1700,4,2.0,61,0,1.0,3,7,220000.0
1720,3,1.75,82,0,1.5,3,8,420000.0
1400,3,1.0,106,0,1.5,3,7,710000.0
2570,4,2.5,57,0,1.0,4,8,626000.0
1200,3,1.5,55,0,1.0,4,7,279500.0
4390,4,3.5,24,0,2.0,3,11,1610000.0
1080,2,1.0,60,0,1.0,3,7,325000.0
1860,4,2.25,48,0,1.0,4,8,380000.0
2150,4,2.75,35,0,1.0,4,8,470000.0
2250,4,3.0,28,0,2.0,3,8,363000.0
2050,4,2.25,38,0,2.0,3,7,245000.0
1010,3,1.0,113,0,1.0,3,7,525000.0
5850,5,3.5,36,0,2.0,4,11,1700000.0
1900,4,2.25,52,0,1.0,3,7,658500.0
1020,2,1.0,74,0,1.0,4,7,680000.0
3390,4,2.0,28,0,2.0,4,10,835000.0
1990,4,2.5,9,0,2.0,3,8,595000.0
3190,4,2.5,10,0,2.0,3,9,419000.0
1210,2,1.0,74,0,1.0,4,7,198900.0
3740,4,3.25,26,0,1.0,3,10,1085000.0
2150,3,3.5,17,0,2.0,3,8,500000.0
2440,4,1.75,54,0,1.0,4,9,575000.0
1230,2,1.5,15,0,3.0,3,8,324950.0
2740,3,2.5,51,0,2.0,4,7,259000.0
2260,2,2.0,24,0,1.0,3,9,551000.0
1000,2,1.5,72,0,1.0,3,7,488000.0
2350,4,2.25,35,0,2.0,4,8,635000.0
2300,3,2.5,26,0,2.0,3,9,395000.0
1440,3,1.0,86,0,1.5,4,7,370000.0
2780,4,3.0,95,0,1.5,5,7,675000.0
1200,3,1.0,61,0,1.0,3,7,402000.0
3040,3,2.75,27,0,2.0,4,10,825000.0
2660,3,2.75,53,0,1.0,3,8,579000.0
1510,5,2.0,32,0,2.0,3,6,455000.0
1780,3,2.5,25,0,2.0,3,8,265000.0
2920,5,2.75,38,0,1.0,4,8,713500.0
1550,3,1.0,53,0,1.0,4,7,240000.0
2710,4,3.0,8,0,2.5,3,9,570000.0
1140,3,1.0,33,0,1.0,4,6,243800.0
940,2,1.0,96,0,1.0,4,8,543000.0
2160,3,2.25,32,0,2.0,3,10,1010000.0
2470,4,2.25,35,0,2.0,4,8,625000.0
2800,4,2.5,8,0,2.0,3,9,459950.0
2420,4,2.75,29,0,1.0,3,9,370000.0
1460,4,2.0,55,0,1.0,3,6,150000.0
1820,3,1.5,68,0,1.5,3,7,683500.0
1520,3,2.5,7,0,2.0,3,8,499950.0
1320,2,1.0,95,0,1.0,3,6,255000.0
1920,3,2.5,26,0,2.0,3,7,279000.0
2640,5,3.0,5,0,2.0,3,10,910000.0
2650,4,2.5,8,0,2.0,3,9,699000.0
3640,4,3.25,91,0,1.0,3,9,1651000.0
1420,3,1.0,34,0,1.0,4,6,248000.0
1540,3,1.0,55,0,1.0,4,7,429000.0
1550,4,1.0,84,1,1.5,3,6,685000.0
730,2,1.0,87,0,1.0,3,6,316000.0
2020,2,1.0,94,0,1.0,3,7,410000.0
1200,3,1.0,59,0,1.0,3,7,299000.0
1240,2,1.0,76,0,1.0,4,7,559000.0
2680,3,2.25,36,0,2.0,4,8,575000.0
1640,3,2.5,16,0,2.0,3,8,602000.0
1640,4,2.0,107,0,2.0,3,7,492000.0
1610,3,2.5,11,0,2.0,3,7,293500.0
2290,3,2.75,47,0,1.0,5,7,481000.0
2130,4,2.25,37,0,1.0,4,7,311100.0
2140,3,1.75,45,0,1.5,4,7,375000.0
4020,3,3.0,16,0,1.5,3,10,1075000.0
2030,5,2.5,47,0,1.0,3,7,500000.0
1380,3,1.0,97,0,1.0,4,7,553000.0
1780,3,2.0,87,0,1.0,3,8,760000.0
1440,4,1.5,55,0,1.0,4,7,589500.0
2790,5,2.75,55,0,1.0,3,9,840000.0
4190,4,3.0,86,0,2.5,5,9,2546000.0
3870,3,2.5,17,0,2.0,3,9,1275000.0
1850,3,2.5,46,0,1.0,3,7,260000.0
1550,3,2.25,10,0,3.0,3,8,430000.0
1920,3,2.5,15,0,3.0,3,8,781000.0
790,2,1.0,68,0,1.0,3,6,280000.0
3740,5,2.25,56,0,1.5,3,8,392000.0
1340,3,1.5,56,0,1.0,4,7,466200.0
1620,3,1.75,88,0,1.0,5,7,641000.0
1680,3,1.0,64,0,1.0,3,7,350000.0
1610,3,2.0,19,0,2.0,3,8,450000.0
4460,4,3.5,52,0,1.0,3,9,1800000.0
1200,3,1.5,49,0,2.0,3,8,185000.0
1250,2,1.0,57,0,1.0,5,7,290000.0
3630,3,2.5,16,0,2.0,3,11,964000.0
4260,4,3.0,14,0,2.0,3,11,2000000.0
2180,3,2.5,35,0,1.0,4,8,545000.0
1760,3,2.25,36,0,1.0,4,7,609950.0
1820,4,2.0,73,0,1.0,5,7,605000.0
2120,4,2.5,53,0,1.0,4,8,550000.0
2730,4,2.75,6,0,2.0,3,9,905000.0
2430,3,2.5,28,0,2.0,4,8,384200.0
1170,3,1.0,49,0,1.0,3,7,370000.0
2090,3,1.0,83,0,1.5,3,8,717500.0
3910,4,3.25,82,0,2.0,4,11,1999000.0
1140,2,1.0,105,0,1.0,4,6,365500.0
1460,2,1.5,103,0,1.5,3,7,580000.0
2700,4,1.5,74,0,1.5,5,9,415000.0
670,2,1.0,73,0,1.0,4,6,272000.0
1880,3,1.75,69,0,1.0,4,7,600000.0
1980,4,3.0,73,0,2.5,3,8,744000.0
2080,3,3.0,10,0,1.5,3,9,830000.0
1380,3,3.25,14,0,3.0,3,7,322000.0
1808,3,2.5,9,0,1.0,3,8,270000.0
1350,3,1.0,61,0,1.5,3,7,272450.0
1760,3,3.0,7,0,2.0,3,7,605000.0
1950,3,1.75,53,0,1.0,4,7,510000.0
3170,4,3.5,16,0,2.0,3,10,1125000.0
3000,4,2.5,77,0,2.0,3,9,1688000.0
1460,4,1.0,40,0,1.0,4,6,162000.0
1350,3,1.75,42,0,1.0,4,7,337500.0
1470,3,2.25,42,0,1.0,4,7,312000.0
3350,4,3.0,10,0,2.0,3,10,740000.0
3350,4,3.0,11,0,2.0,3,10,700000.0
1360,4,1.0,66,0,1.0,3,7,328000.0
1020,3,1.0,34,0,1.0,3,7,241000.0
1840,3,2.25,34,0,1.0,4,7,265000.0
2030,5,1.75,57,0,1.0,4,7,246000.0
1490,4,1.75,74,0,1.0,3,6,271000.0
2060,2,1.0,52,0,1.0,3,7,270000.0
2240,4,2.0,70,0,1.5,3,7,395000.0
1460,3,2.0,57,0,1.0,3,7,340000.0
2140,3,1.75,66,0,1.0,3,7,340000.0
1420,2,2.25,8,0,2.0,3,8,335000.0
1060,2,1.0,71,0,1.5,4,6,435000.0
1760,4,1.75,88,0,1.0,5,7,527950.0
2320,2,2.25,39,1,2.0,4,8,600000.0
1770,3,1.75,51,0,1.0,3,8,667000.0
4590,10,5.25,6,0,1.0,3,9,1148000.0
2040,3,2.5,15,0,2.0,3,8,417000.0
1260,4,1.75,72,0,1.0,3,6,451000.0
1650,2,1.0,72,0,1.0,3,7,580000.0
2380,4,2.25,37,0,2.0,4,8,570000.0
2750,5,3.25,77,0,2.0,3,7,750000.0
2810,3,2.5,13,0,2.0,3,9,685000.0
1340,3,2.0,70,0,1.0,3,7,275000.0
2420,3,2.5,25,0,2.0,4,8,739888.0
2160,2,2.5,12,0,1.0,3,8,715000.0
2450,4,2.0,102,0,1.0,3,7,800000.0
1870,3,1.5,91,0,1.0,3,7,350000.0
1000,3,1.0,81,0,1.0,4,6,220000.0
2240,3,2.5,12,0,2.0,3,7,452500.0
2200,4,2.5,7,0,2.0,3,7,280000.0
790,1,1.0,96,0,1.0,3,6,248000.0
890,2,1.0,66,0,1.0,3,7,305000.0
1270,3,1.0,61,0,1.0,3,7,435010.0
1850,3,1.75,83,0,1.5,5,8,678100.0
1352,3,2.25,7,0,3.0,3,8,325000.0
1540,3,2.0,46,0,1.0,3,7,529950.0
1640,3,1.75,63,0,1.0,5,7,440000.0
1350,3,1.0,87,0,1.5,3,7,585000.0
2010,3,2.5,0,0,2.0,3,8,462608.0
2080,3,1.75,41,0,1.0,3,7,350500.0
1040,3,1.0,58,0,1.0,3,7,210000.0
1890,3,2.5,22,0,2.0,3,8,510000.0
1810,3,2.25,56,0,1.0,4,7,280000.0
1930,3,1.75,52,0,1.0,3,7,385000.0
1010,3,1.0,67,0,1.0,4,6,349000.0
1740,3,2.25,33,0,1.0,3,7,252000.0
2910,4,2.5,82,0,2.0,3,10,1100000.0
1330,3,2.25,29,0,2.0,3,7,375000.0
2210,4,2.25,47,0,2.0,4,8,336000.0
2670,3,3.75,37,0,2.5,4,8,732000.0
1000,2,1.0,65,0,1.0,3,6,200000.0
3150,4,2.5,8,0,2.0,3,9,681716.0
1520,3,1.75,44,0,1.0,4,6,235000.0
1690,3,1.0,59,0,1.0,3,7,257500.0
1070,3,1.0,59,0,1.0,3,7,315000.0
910,3,1.0,64,0,1.0,4,6,299950.0
2130,4,2.25,45,0,1.0,3,7,530000.0
2230,2,1.75,67,0,1.0,4,8,766500.0
3560,4,2.5,28,0,1.0,3,10,860000.0
2590,3,2.5,71,0,2.0,3,9,690000.0
2040,4,1.75,53,0,1.0,3,7,551000.0
2100,3,2.75,59,0,1.0,4,7,530000.0
1340,3,1.0,62,0,1.5,3,7,568000.0
2770,3,2.5,22,0,2.0,3,9,749950.0
2400,3,2.5,31,0,1.0,3,9,535000.0
1140,3,1.0,52,0,1.0,3,7,234300.0
930,2,1.0,68,0,1.0,3,6,190000.0
1820,4,1.75,54,0,1.0,5,7,525000.0
1390,4,1.0,88,0,1.5,4,7,610000.0
1480,3,2.5,8,0,3.0,3,8,520000.0
760,2,1.0,73,0,1.0,3,6,375000.0
1580,3,1.75,47,0,1.0,3,7,600000.0
1870,4,2.5,40,0,1.0,5,8,664000.0
1510,2,1.0,92,0,1.0,3,7,698000.0
1250,3,2.0,13,0,3.0,3,7,418000.0
2140,3,1.75,40,0,1.0,4,7,271675.0
1540,3,1.0,47,0,1.0,4,6,450000.0
2950,3,2.25,8,0,1.5,3,9,759000.0
2020,6,3.0,21,0,1.0,3,7,599950.0
2820,4,2.75,88,0,1.5,3,8,810000.0
1660,3,1.75,42,0,1.0,3,7,331292.0
1830,3,1.75,96,0,1.0,3,7,348000.0
720,2,1.0,94,0,1.0,4,7,435000.0
2160,3,2.5,23,0,2.0,3,8,530000.0
1510,3,1.75,25,0,2.0,3,7,227000.0
1870,3,1.5,61,0,1.0,3,7,285000.0
2860,4,2.25,38,0,1.0,3,8,740000.0
990,3,1.0,76,0,1.5,4,6,246000.0
1910,3,1.0,61,0,1.0,3,7,260000.0
1350,3,2.0,37,0,1.0,3,7,366000.0
2557,4,3.25,66,0,2.0,3,7,594950.0
2610,3,2.75,69,0,2.0,4,7,608000.0
1720,3,2.0,110,0,1.0,5,6,313100.0
1170,3,1.75,47,0,1.0,3,7,185000.0
1140,2,1.0,108,0,1.0,3,6,455000.0
2350,3,2.5,48,0,1.0,4,8,235000.0
1020,3,1.0,47,0,1.0,4,7,230000.0
2730,4,2.25,59,0,1.0,5,7,770000.0
1830,4,2.25,23,0,2.0,3,7,240000.0
1690,3,2.5,13,0,2.0,3,7,461000.0
2900,4,2.5,52,0,1.0,5,8,1580000.0
6380,4,4.5,8,0,2.0,3,12,1822500.0
1690,3,2.5,10,0,2.0,3,7,452000.0
2660,4,2.5,11,0,2.0,3,9,765000.0
4550,4,4.0,26,0,1.0,4,9,1050000.0
1530,3,3.0,32,0,1.0,4,7,546000.0
2070,3,2.5,84,0,1.5,5,8,781000.0
1880,4,1.75,50,0,1.0,4,7,538000.0
2240,4,2.5,39,0,1.0,5,8,790000.0
2540,4,2.75,89,0,1.5,5,7,696500.0
1370,3,2.0,27,0,1.0,4,7,276000.0
770,2,1.0,61,0,1.0,3,6,269000.0
7880,5,4.75,19,0,2.0,3,13,2415000.0
2970,4,2.75,42,0,1.0,4,8,829000.0
740,2,1.0,73,0,1.0,3,6,122000.0
1360,3,1.5,59,0,1.0,3,7,352500.0
1280,4,2.0,55,0,1.0,5,6,249000.0
1920,4,2.0,52,0,1.0,3,7,360000.0
2020,3,2.0,21,0,1.0,3,10,629500.0
3310,4,2.25,90,0,2.0,5,9,1140000.0
2950,2,2.25,72,0,1.0,4,8,1550000.0
1320,3,1.5,55,0,1.0,4,7,275000.0
3160,4,2.5,9,0,2.0,3,8,697000.0
1640,2,1.0,36,0,1.0,3,7,379500.0
2440,3,2.75,34,0,1.0,3,10,720000.0
3000,4,2.5,8,0,2.0,3,9,675000.0
2810,5,2.5,107,0,2.5,3,9,1169000.0
2390,3,2.0,75,0,2.0,5,8,1100000.0
2080,4,1.0,88,0,1.5,5,7,520000.0
2650,3,1.75,52,0,1.5,4,7,415000.0
1060,3,2.5,14,0,2.0,3,8,415000.0
1940,3,2.25,52,0,1.0,4,7,450000.0
1080,2,1.0,67,0,1.0,3,8,485000.0
1700,3,2.25,31,0,2.0,3,7,294000.0
4440,4,3.5,11,0,2.0,3,11,1037000.0
1580,3,1.0,109,0,2.0,3,8,690000.0
3630,5,2.75,14,0,2.0,3,11,716500.0
1290,2,2.25,7,0,3.0,3,8,481000.0
1960,4,2.75,47,0,1.0,4,7,575000.0
2090,3,2.0,94,0,1.5,5,7,785000.0
1960,3,1.75,45,0,1.0,3,7,480000.0
2120,3,2.25,33,0,2.0,4,8,720000.0
2290,3,2.75,31,0,2.0,4,7,536000.0
1880,4,2.5,14,0,2.0,3,7,324900.0
770,2,1.0,71,0,1.0,3,6,265000.0
1530,3,2.5,86,0,1.5,5,7,545000.0
1450,2,1.5,75,0,1.0,3,7,465000.0
1690,3,2.25,28,0,2.0,3,7,292500.0
1880,4,1.75,90,0,1.5,4,7,860000.0
4160,4,3.25,19,0,2.0,3,10,1045000.0
2140,4,2.5,11,0,2.0,3,7,495000.0
1320,2,2.0,18,0,3.0,3,7,342000.0
2000,4,2.5,17,0,2.0,3,7,320000.0
1460,3,2.0,27,0,2.0,3,8,444000.0
3070,4,2.5,9,0,2.0,3,10,804100.0
1660,3,2.5,44,0,1.0,4,7,432000.0
1810,6,1.5,109,0,1.5,4,5,230000.0
3510,4,3.5,13,0,2.0,3,11,935000.0
2180,3,3.0,84,0,1.5,5,8,634950.0
3300,6,4.0,52,0,1.0,3,8,780000.0
2460,4,2.5,16,0,2.0,3,8,611000.0
1880,4,1.75,70,0,1.5,3,7,475999.0
2290,3,2.0,35,0,1.0,3,9,565000.0
2290,4,2.5,37,0,2.0,3,8,630000.0
3860,4,3.5,18,0,2.0,3,10,840000.0
2640,3,2.5,18,0,1.5,3,10,790000.0
2850,5,2.5,89,0,1.0,4,7,450000.0
3020,4,3.25,87,0,1.5,5,8,1272000.0
1510,3,2.0,90,0,1.0,5,7,520000.0
2410,4,2.0,56,0,1.0,3,7,446800.0
1470,3,1.0,67,0,1.0,3,8,652000.0
2890,3,2.75,27,0,2.0,4,10,1170000.0
3490,4,3.25,8,0,2.0,3,10,745000.0
1270,3,2.25,0,0,2.0,3,8,594000.0
1000,2,1.0,86,0,1.0,3,6,257000.0
1430,4,1.75,114,0,2.0,3,7,485000.0
1060,3,1.0,72,0,1.0,3,6,330000.0
1680,3,2.0,18,0,1.0,3,6,381000.0
2280,2,2.0,24,0,2.0,3,9,849900.0
2450,4,2.5,85,0,1.5,4,8,793000.0
3650,3,2.25,67,0,2.0,4,7,920000.0
830,2,1.0,68,0,1.0,4,6,455000.0
3490,4,2.5,14,0,2.0,3,11,975000.0
1050,2,1.5,7,0,2.0,3,8,375000.0
1170,2,2.5,14,0,2.0,3,8,400000.0
1220,3,1.0,50,0,1.0,4,7,447000.0
1310,3,1.75,27,0,1.0,4,7,470000.0
3130,4,2.5,10,0,2.0,3,8,665000.0
1590,3,1.75,81,0,1.5,3,6,295500.0
1720,4,2.5,21,0,2.0,3,8,200000.0
2520,3,2.25,9,0,2.0,3,9,620000.0
1520,3,2.0,31,0,1.0,3,7,434900.0
3260,4,2.25,108,0,2.0,5,9,1328000.0
3910,4,3.25,9,0,2.0,3,10,1650000.0
3480,4,2.5,14,0,2.0,3,9,852500.0
3040,3,2.5,31,0,2.0,4,10,790000.0
2030,4,1.75,49,0,1.0,3,8,565000.0
3870,6,3.25,26,0,2.0,3,10,1127500.0
1870,3,2.5,10,0,2.0,3,7,289950.0
2640,2,2.0,51,0,1.0,5,8,850000.0
1940,4,1.75,92,0,1.0,5,7,505000.0
1710,3,2.5,33,0,2.0,3,7,372000.0
1690,4,2.0,47,0,1.5,4,7,207000.0
2340,3,1.75,47,0,1.0,4,8,780000.0
1700,4,1.75,49,0,1.5,3,7,400000.0
1850,3,1.5,67,0,1.0,4,7,440250.0
1370,2,2.0,66,0,1.0,3,8,585000.0
2900,4,2.5,21,0,2.0,3,9,850000.0
2400,3,3.0,23,0,2.0,3,7,570000.0
3740,4,3.0,26,0,2.0,3,9,869000.0
2170,4,2.75,0,0,2.0,3,8,551000.0
970,3,1.0,53,0,1.0,4,6,172380.0
2620,3,2.5,51,0,1.0,4,7,355000.0
2980,4,2.5,22,0,2.0,3,9,728935.0
2340,3,2.5,34,0,2.0,4,9,850000.0
1880,5,1.75,92,0,2.0,3,6,515000.0
1480,2,1.0,89,0,1.0,4,7,215000.0
2240,4,2.5,26,0,1.0,4,7,220000.0
2940,4,2.5,10,0,2.0,3,9,845000.0
710,1,1.0,87,0,1.0,4,6,390000.0
1460,4,1.0,75,0,1.5,3,5,135000.0
1530,3,1.0,66,0,1.0,4,8,439000.0
2630,4,2.5,15,0,2.0,3,9,585000.0
2230,5,1.0,92,0,1.5,4,7,620000.0
960,3,1.0,108,0,1.0,4,7,477000.0
1180,2,1.5,8,0,2.0,3,8,399500.0
1760,2,1.0,63,1,1.0,4,7,500000.0
1340,3,2.5,30,0,2.0,3,8,432500.0
2800,4,2.25,49,0,1.0,5,9,940000.0
3720,3,2.5,32,0,2.0,3,11,1080000.0
1670,4,2.0,37,0,1.0,4,7,229999.0
1100,3,1.0,59,0,1.0,3,7,233000.0
3240,3,2.5,10,0,2.0,3,8,600000.0
1680,4,1.5,50,0,1.0,4,7,334000.0
1030,3,1.0,64,0,1.0,4,7,332500.0
1630,3,2.5,36,0,1.0,3,7,249900.0
2610,3,2.0,96,0,1.0,3,7,310000.0
1250,2,1.0,86,0,1.0,3,6,200000.0
1480,4,1.75,45,0,1.0,4,7,310000.0
1390,3,1.0,60,0,1.0,3,5,230000.0
1940,4,2.5,17,0,2.0,3,8,420000.0
2960,4,2.5,9,0,2.0,3,9,785000.0
4320,3,2.25,42,0,1.0,4,10,1775000.0
1500,5,1.5,94,0,1.0,5,6,265000.0
840,2,1.0,63,0,1.0,3,6,295000.0
3560,4,2.5,23,0,2.0,3,11,896000.0
2390,4,2.75,26,0,1.0,4,9,415000.0
1200,3,1.75,60,0,1.0,5,6,250000.0
2570,3,2.5,31,0,2.0,3,11,1475000.0
2180,5,2.25,49,0,1.0,4,8,635000.0
3450,3,2.5,28,0,2.0,3,10,905000.0
2020,3,2.5,11,0,2.0,3,7,528000.0
2480,3,2.5,22,0,2.0,3,9,530000.0
1140,3,1.5,26,0,2.0,3,7,310000.0
1530,3,1.0,55,0,1.0,4,7,252000.0
1700,3,2.0,53,0,1.0,3,7,334500.0
2150,3,1.0,64,0,1.0,3,8,370000.0
1190,3,2.0,96,0,1.5,4,6,311000.0
1730,3,2.75,40,0,2.0,3,7,260000.0
1400,3,1.75,30,0,1.0,4,7,217500.0
2200,3,2.5,12,0,2.0,3,7,290000.0
960,3,1.5,70,0,1.0,3,6,500000.0
1770,3,2.0,31,0,1.0,3,7,423500.0
2970,4,2.5,9,0,2.0,3,9,715000.0
1590,3,2.5,20,0,2.0,3,7,299000.0
3350,3,2.5,9,0,2.0,3,8,635000.0
3370,4,2.5,15,0,2.0,3,10,806000.0
1960,3,2.5,10,0,2.0,3,7,289950.0
1360,3,1.75,33,0,1.0,4,7,280000.0
2780,3,2.5,11,0,2.0,3,9,479950.0
3000,4,2.5,12,0,2.0,3,7,394000.0
3600,4,2.5,36,0,2.0,3,9,682000.0
990,2,1.0,96,0,1.0,4,6,409950.0
2990,4,3.5,89,0,2.0,5,9,1000000.0
1200,4,1.0,107,0,1.5,3,7,436000.0
1530,3,1.0,62,0,1.0,3,7,279000.0
1440,1,1.75,91,0,1.0,3,7,390000.0
1940,3,1.75,59,1,1.0,4,7,635000.0
2140,4,2.75,24,0,2.0,4,7,304400.0
2330,5,1.75,88,0,1.5,3,7,780000.0
2734,4,3.5,40,0,2.0,5,8,520000.0
1950,3,1.75,37,0,1.0,3,7,580000.0
1440,3,1.75,33,0,1.0,3,7,274000.0
1530,3,2.25,35,0,1.0,3,7,315000.0
1910,4,1.75,43,0,1.0,4,8,390000.0
1750,5,2.0,58,0,1.0,3,7,340000.0
1600,3,2.25,31,0,2.0,4,8,502000.0
1750,3,1.75,46,0,1.0,3,8,260000.0
940,2,1.0,103,0,1.0,4,6,399000.0
880,2,1.0,95,0,1.0,3,7,312500.0
1650,3,1.75,63,0,1.0,5,7,370000.0
3820,4,3.5,24,0,2.0,3,10,1240000.0
1900,3,1.5,48,0,1.0,3,8,230000.0
3720,4,1.75,67,0,1.0,4,9,1275000.0
1410,3,1.0,89,0,1.5,3,6,294350.0
960,3,1.0,58,0,1.0,4,5,208950.0
1930,2,1.75,9,0,1.0,3,8,515000.0
3420,4,2.5,21,0,2.0,3,11,965000.0
3010,4,2.75,92,0,2.0,3,9,925000.0
1780,4,1.0,68,0,1.5,3,8,654500.0
2080,4,2.5,45,0,1.0,4,8,364000.0
1250,2,1.0,64,0,1.0,3,7,150000.0
2257,5,3.0,9,0,1.0,3,8,349950.0
1670,3,1.5,102,0,1.5,4,7,585000.0
2250,4,2.25,35,0,2.0,4,9,801501.0
1650,3,1.75,22,0,1.0,3,7,610000.0
2880,5,2.25,24,0,2.0,4,8,382000.0
3620,4,3.0,34,0,2.0,3,9,495000.0
1950,3,1.75,61,0,1.0,3,8,447500.0
2280,4,2.5,49,0,1.0,4,7,575000.0
1740,2,1.75,107,0,1.5,4,7,565000.0
1220,3,1.0,48,0,1.0,3,7,348580.0
2260,4,1.75,36,0,1.0,2,8,459000.0
1790,4,2.0,27,0,2.0,2,7,375000.0
2440,4,2.5,15,0,2.0,3,7,310000.0
1400,3,1.5,50,0,1.0,4,7,210000.0
1810,3,2.75,0,0,2.0,3,8,384205.0
1400,2,1.0,92,0,1.0,3,7,180000.0
1400,2,1.0,92,0,1.0,3,7,310000.0
2010,4,2.5,15,0,2.0,3,7,427500.0
2520,3,3.0,89,0,1.5,3,8,780000.0
3060,3,2.25,26,0,2.0,3,10,1762000.0
2150,4,2.5,5,0,2.0,3,7,339950.0
2880,3,2.25,25,0,2.0,3,10,820000.0
1300,2,2.0,8,0,1.0,3,8,398000.0
2770,3,1.75,36,0,1.0,4,8,492000.0
1780,4,1.5,65,0,1.0,4,8,240000.0
3730,4,3.5,23,0,2.0,3,10,599950.0
930,2,1.0,82,0,1.0,1,5,105500.0
930,2,1.0,83,0,1.0,1,5,445000.0
1460,2,1.75,48,0,1.0,5,7,390500.0
1310,3,2.0,21,0,1.0,3,7,255000.0
2770,4,2.5,25,0,2.0,3,9,675750.0
3140,3,3.25,101,0,2.0,4,10,1640000.0
1770,4,2.5,10,0,2.0,3,7,353500.0
1220,3,1.0,60,0,1.0,4,7,765000.0
2190,4,2.5,16,0,2.0,3,8,563500.0
1800,4,2.0,73,0,1.0,3,7,439000.0
3100,5,2.75,41,0,1.0,4,9,975000.0
2270,3,2.5,8,0,2.0,3,7,469900.0
1300,3,1.0,68,0,2.0,3,6,252000.0
1769,3,2.0,59,0,1.0,4,7,495000.0
3370,6,2.5,50,0,1.0,3,8,570000.0
1630,4,2.5,15,0,2.0,3,7,327000.0
2470,2,2.25,60,0,1.0,4,8,898000.0
2600,4,2.5,12,0,2.0,3,8,300000.0
1800,3,2.0,37,0,1.0,3,8,418500.0
2240,4,2.5,14,0,2.0,3,7,450000.0
1960,3,2.0,57,0,1.0,5,8,403000.0
1710,3,1.0,88,0,1.5,4,7,440000.0
2140,4,1.75,50,0,1.0,3,7,350000.0
1400,3,2.0,66,0,1.0,3,6,240000.0
890,2,1.0,95,0,1.0,4,6,460000.0
1820,4,1.0,91,0,2.0,3,8,825000.0
1860,3,2.25,39,0,1.0,4,7,267500.0
1220,3,1.0,42,0,1.0,4,7,201000.0
2300,3,2.75,6,0,2.0,3,8,479500.0
1520,2,1.0,37,0,2.0,4,7,210000.0
1440,2,1.0,99,0,1.0,3,7,445000.0
1170,3,1.75,62,0,1.0,3,7,265000.0
1170,3,1.75,62,0,1.0,3,7,399000.0
3200,4,2.25,42,0,2.0,4,9,785000.0
4470,5,2.5,30,0,2.5,3,11,831500.0
2570,4,2.5,6,0,2.0,3,7,360000.0
2370,3,2.5,25,0,2.0,3,9,655000.0
1800,4,1.5,57,0,1.5,4,7,449950.0
2300,5,2.5,40,0,1.0,3,8,612000.0
3240,3,2.5,13,0,2.0,3,8,575000.0
2280,3,2.5,20,0,1.0,3,9,557000.0
1870,4,1.75,72,0,1.0,5,6,375000.0
1820,3,2.25,46,0,1.0,4,7,369000.0
2390,5,2.75,49,0,1.0,4,7,330000.0
2110,4,1.75,74,0,1.0,3,8,1031000.0
980,2,1.0,105,0,1.0,4,7,550000.0
1250,3,1.75,67,0,1.0,4,7,338000.0
3680,4,2.5,68,0,2.0,5,9,1900000.0
2230,3,1.0,48,0,1.0,3,7,235000.0
1230,1,1.0,96,0,1.5,4,6,349950.0
2093,5,2.5,51,0,1.5,5,7,300000.0
1660,3,1.75,47,0,1.0,5,7,431000.0
1630,5,2.5,40,0,1.0,4,7,280000.0
1677,4,2.5,4,0,2.0,3,7,295000.0
2990,4,2.5,12,0,2.0,3,7,445000.0
2150,5,1.0,114,0,1.5,3,7,550000.0
2890,4,2.5,11,0,2.0,3,9,515000.0
3050,3,2.5,27,0,1.0,4,9,555000.0
1410,3,2.5,8,0,2.0,3,7,265000.0
2280,4,2.5,93,0,2.0,5,8,597000.0
1260,2,1.0,75,0,1.0,4,7,661000.0
1460,3,2.0,6,0,2.0,3,7,362764.0
1600,4,2.5,64,0,1.0,3,8,427000.0
2020,3,1.75,49,0,1.0,3,7,405000.0
1170,3,1.5,54,0,1.0,3,7,157000.0
1170,3,1.5,55,0,1.0,3,7,246500.0
1280,2,1.5,31,0,1.0,3,7,386500.0
2680,4,2.5,15,0,2.0,3,8,300000.0
1770,3,1.75,36,0,1.0,3,8,240000.0
4790,5,3.5,9,0,2.0,3,9,818500.0
1300,3,1.75,50,0,1.0,4,7,249000.0
2610,4,2.25,37,0,1.0,3,8,580000.0
4500,4,2.5,27,0,1.0,3,13,2340000.0
2100,4,2.5,17,0,2.0,3,8,333000.0
1340,2,2.0,22,0,1.0,3,7,230000.0
970,3,1.0,41,0,1.0,3,6,360500.0
2200,3,1.75,52,0,1.0,3,8,265000.0
990,2,1.0,73,0,1.0,3,7,490000.0
1180,2,1.75,90,0,1.0,2,7,600000.0
980,3,1.0,45,0,1.0,3,7,307500.0
2370,4,2.25,38,0,1.0,3,8,670000.0
1910,3,1.5,92,0,1.5,4,7,247200.0
5270,4,4.5,35,1,2.0,3,11,2600000.0
1430,3,1.75,53,0,1.0,4,7,440000.0
2490,4,2.5,28,0,2.0,3,8,700000.0
2000,4,2.0,98,0,1.5,4,8,756100.0
2600,4,2.75,36,0,1.0,3,8,555000.0
2880,5,3.5,14,0,2.0,3,8,830000.0
1010,3,1.0,24,0,1.0,4,6,180000.0
3290,5,3.5,10,0,2.0,3,9,775000.0
1530,4,1.75,76,0,1.5,4,6,220000.0
2020,4,2.75,47,0,1.0,4,9,650000.0
1340,3,1.75,53,0,1.0,4,7,410000.0
2180,4,2.5,14,0,2.0,3,7,339995.0
2870,5,1.75,49,0,1.0,5,9,1160000.0
2070,3,2.75,85,0,2.0,4,7,440000.0
930,2,1.75,91,0,1.0,3,6,275000.0
2270,3,2.5,26,0,2.0,3,9,766000.0
1630,3,2.25,41,0,1.0,4,7,231500.0
2770,3,2.0,10,0,2.0,3,9,472000.0
4010,4,2.5,24,0,2.0,4,12,1325000.0
1970,4,1.75,60,0,1.0,3,7,265000.0
790,2,1.0,66,0,1.0,3,7,325000.0
1740,3,1.75,60,0,1.0,5,7,364500.0
1130,2,1.0,68,0,1.0,3,6,322500.0
1180,3,1.75,86,0,1.0,3,7,338900.0
2350,5,2.5,21,0,2.0,3,9,910000.0
2350,5,2.5,22,0,2.0,3,9,1015000.0
1850,3,1.75,95,0,1.0,5,6,459950.0
3220,4,3.0,5,0,1.5,3,9,584950.0
2050,3,1.75,27,0,1.0,3,7,252000.0
1430,3,2.5,23,0,1.0,3,7,270000.0
3210,4,2.5,9,0,2.0,3,10,750000.0
3520,3,1.75,54,0,1.0,4,8,775000.0
2260,3,2.5,11,0,2.0,3,8,325000.0
3290,5,3.25,2,0,2.0,3,9,810000.0
1640,2,2.25,40,0,2.0,4,8,409000.0
1580,4,1.75,67,0,1.0,3,7,400000.0
1940,4,2.25,53,0,2.0,5,7,530000.0
1580,3,2.25,28,0,2.0,3,7,580000.0
1750,3,1.75,27,0,1.0,4,7,491300.0
1810,4,2.75,34,0,1.0,4,7,272000.0
1970,3,2.5,30,0,1.0,3,9,599950.0
1770,3,2.5,23,0,2.0,3,8,464000.0
1800,3,1.75,109,0,1.0,5,7,471001.0
1500,3,1.5,34,0,1.0,3,7,230000.0
940,3,1.0,55,0,1.0,4,6,358000.0
2340,3,2.25,85,0,1.0,3,7,510000.0
840,3,1.0,54,0,1.0,3,6,86500.0
840,3,1.0,55,0,1.0,3,6,199950.0
2940,3,3.25,36,0,3.0,4,10,1712500.0
3180,3,2.75,97,0,2.0,4,9,850000.0
2020,4,2.5,86,0,1.5,4,7,542000.0
820,2,1.0,77,0,1.0,3,5,102500.0
4060,3,1.75,20,0,1.0,3,8,718000.0
2660,4,2.25,37,0,1.0,4,8,625000.0
1010,3,1.0,67,0,1.0,4,7,350000.0
710,2,1.0,97,0,1.0,3,6,216000.0
980,3,1.0,68,0,1.5,3,7,340000.0
1100,3,1.0,106,0,1.5,3,7,505000.0
2840,5,2.5,12,0,2.0,3,8,372000.0
2300,4,2.25,36,0,2.0,4,8,263850.0
5370,4,3.25,24,0,2.0,4,11,1350000.0
2280,4,2.5,27,0,2.0,3,8,325000.0
1010,2,1.0,90,0,1.0,3,6,289000.0
1420,3,2.25,28,0,1.0,3,7,364000.0
2100,4,2.5,34,0,1.0,5,8,610000.0
3110,4,2.75,56,0,1.0,4,8,531500.0
2160,3,2.25,36,0,2.0,3,8,402500.0
820,2,1.0,92,0,1.0,4,5,375000.0
4340,5,2.5,36,0,1.0,5,8,537500.0
2100,3,1.75,52,0,1.0,3,8,375000.0
1250,4,1.75,35,0,1.0,4,7,293550.0
3870,6,3.0,39,0,2.0,3,8,585000.0
1360,2,2.5,11,0,2.0,3,6,225000.0
1400,4,1.0,58,0,1.5,3,7,185000.0
1450,3,1.5,46,0,1.0,3,7,402000.0
1880,5,1.75,52,0,1.0,3,7,585000.0
1380,2,2.5,8,0,3.0,3,9,549000.0
2910,3,2.25,92,0,1.5,4,9,1810000.0
1380,3,1.75,48,0,1.0,3,7,345000.0
3100,3,2.25,51,0,1.0,4,7,302500.0
1400,4,1.75,50,0,1.0,4,7,218500.0
1650,2,2.0,98,0,1.5,5,7,705000.0
840,3,1.0,46,0,1.0,5,6,191000.0
2550,3,2.5,13,0,2.0,3,9,695000.0
2820,2,2.75,68,0,2.0,3,7,350000.0
1710,3,1.75,35,0,1.0,4,7,480000.0
820,3,1.0,38,0,1.0,4,6,220000.0
2620,4,2.25,37,0,2.0,3,7,535000.0
2430,2,1.75,63,0,1.0,3,10,1000000.0
1560,3,1.75,74,0,1.0,5,8,592000.0
3060,4,2.5,10,0,2.0,3,9,775000.0
1680,3,2.5,11,0,2.0,3,7,320000.0
3320,3,3.25,26,0,2.0,3,10,760000.0
2390,3,2.5,24,0,2.0,4,9,640000.0
1360,3,1.0,62,0,1.0,4,5,253200.0
1800,2,1.0,60,0,1.0,3,7,228000.0
1160,3,1.0,46,0,1.0,4,7,325000.0
4160,4,3.25,41,0,2.0,3,8,530000.0
1660,4,2.25,4,0,2.0,3,7,300000.0
1410,3,2.0,84,0,1.5,4,7,418000.0
2230,4,1.75,59,0,1.0,3,8,415000.0
1700,3,2.5,11,0,2.0,3,7,384000.0
2070,3,2.5,17,0,2.0,3,8,325000.0
2300,3,1.75,59,0,1.0,3,8,600000.0
3040,4,2.25,36,0,1.0,4,9,760000.0
1220,2,1.5,38,0,1.5,4,8,168000.0
960,3,1.0,71,0,1.0,3,7,405000.0
1480,3,1.0,59,0,1.0,4,7,479000.0
1560,3,2.0,99,0,1.0,5,7,549000.0
1100,3,1.5,47,0,1.0,3,7,215000.0
900,2,1.5,75,0,1.0,3,7,550000.0
2400,4,1.75,87,0,1.5,4,7,389000.0
2320,3,2.5,24,0,2.0,3,8,447500.0
2570,5,3.0,5,0,1.0,3,8,540000.0
1300,4,2.75,32,0,1.0,2,7,273500.0
2930,5,2.75,12,0,2.0,3,9,257000.0
720,2,1.0,71,0,1.0,5,6,199000.0
2350,4,2.5,23,0,2.0,3,8,339100.0
2940,4,2.5,23,0,2.0,3,9,435000.0
2020,3,2.5,104,0,1.0,4,6,400000.0
1430,2,1.0,23,0,1.0,3,7,356000.0
950,3,1.0,65,0,1.0,4,7,395000.0
1250,2,1.0,104,0,1.0,4,7,575000.0
1300,3,1.75,90,0,1.5,4,6,515000.0
2520,4,3.25,83,0,1.5,4,8,618250.0
1330,3,1.5,47,0,2.0,3,7,245000.0
2480,3,2.75,85,0,1.5,3,9,690000.0
3020,5,2.25,55,0,1.0,3,7,465000.0
1770,3,1.75,36,0,1.0,4,7,280000.0
1930,3,1.75,55,0,1.0,3,7,285000.0
1650,3,2.25,21,0,2.0,3,7,320000.0
2580,4,3.0,23,0,2.0,4,7,355000.0
2570,3,2.0,50,0,1.5,3,8,670000.0
2880,1,1.0,89,0,1.0,3,7,550000.0
2660,4,2.75,105,0,1.5,5,8,765000.0
1560,3,1.0,87,0,1.5,3,7,430000.0
3080,3,2.5,14,0,2.0,3,9,950000.0
2540,4,1.75,67,0,1.0,4,7,525000.0
3080,6,2.5,29,0,1.0,3,7,300000.0
2190,3,2.75,15,0,2.0,3,8,345000.0
2930,3,3.75,43,0,2.0,3,8,838000.0
2880,5,2.75,55,0,1.0,4,9,1795000.0
2160,3,1.75,37,0,2.0,3,8,390000.0
2110,3,2.0,35,0,2.0,5,7,1150000.0
1830,4,2.25,11,0,2.0,3,7,295000.0
3180,4,4.0,94,0,2.0,3,8,775000.0
1880,3,2.5,22,0,2.0,3,8,380000.0
1140,3,1.0,56,0,1.0,3,7,550000.0
1798,5,1.75,47,0,1.0,3,7,199900.0
1670,3,1.75,106,0,1.5,5,7,329900.0
2580,3,2.25,50,0,1.0,3,8,898000.0
3720,4,2.25,44,0,1.0,5,8,875000.0
2790,4,2.5,9,0,2.0,3,9,375000.0
2190,3,2.5,10,0,2.0,3,8,365000.0
2280,4,2.75,84,0,1.5,4,7,530000.0
1100,3,1.0,46,0,1.0,4,6,225500.0
2180,4,2.25,45,0,1.0,3,8,318000.0
2770,4,2.5,29,0,2.0,4,9,910000.0
1980,3,1.0,71,0,1.0,4,7,207000.0
4180,5,3.5,10,0,2.0,3,11,1886700.0
3030,6,3.0,34,0,1.0,4,8,624500.0
1690,3,2.5,7,0,2.5,3,8,640000.0
1990,3,2.0,29,0,2.0,3,8,500000.0
2250,5,1.75,49,0,1.0,4,7,390000.0
2080,3,2.25,11,0,1.5,3,7,284000.0
2460,3,2.0,26,0,1.0,4,8,620000.0
2588,3,2.5,7,0,2.0,3,8,306000.0
2570,4,1.75,36,0,1.0,3,8,495000.0
2370,3,2.5,13,0,2.0,3,7,499950.0
1070,3,1.0,45,0,1.0,3,7,330000.0
1940,3,2.0,70,0,1.5,5,7,665000.0
2650,3,2.5,94,0,2.0,3,8,850000.0
2290,4,2.5,26,0,2.0,4,8,599950.0
2050,4,2.5,22,0,2.0,3,8,360000.0
2680,3,2.5,13,0,2.0,3,9,699000.0
1520,3,1.75,70,0,1.0,5,6,475000.0
2690,3,2.0,22,0,2.0,3,8,575000.0
1180,2,1.5,9,0,2.0,3,7,345000.0
3030,4,2.5,26,0,2.0,3,8,367950.0
1400,3,2.25,30,0,2.0,3,8,374500.0
3000,4,2.5,22,0,2.0,3,8,607500.0
1200,3,1.0,43,0,1.0,4,7,374000.0
1000,3,1.0,67,0,1.0,3,7,390000.0
2740,4,3.25,11,0,2.5,3,9,705000.0
1990,3,2.5,10,0,2.0,3,8,467000.0
2110,3,3.0,33,0,1.0,3,6,243500.0
1830,3,2.75,3,0,2.0,3,10,593000.0
940,3,1.0,53,0,1.0,3,6,223000.0
2980,4,2.5,12,0,2.0,3,9,574000.0
2260,3,2.0,28,0,1.0,3,7,400000.0
3470,4,2.75,52,0,1.0,4,8,772000.0
1510,3,1.75,51,0,1.0,4,7,593777.0
2710,4,3.5,17,0,2.0,4,8,539500.0
2080,3,2.5,9,0,2.0,3,8,550000.0
1860,2,2.0,62,0,1.0,3,8,265000.0
2120,3,1.75,35,0,1.0,3,7,428000.0
1110,3,2.0,64,0,1.0,5,7,505000.0
5190,5,5.5,13,0,2.0,3,11,925000.0
1520,3,1.75,47,0,1.0,3,8,230000.0
2650,4,2.5,24,0,2.0,3,10,695000.0
3350,4,2.75,11,0,2.0,3,9,700000.0
1770,3,1.75,101,0,1.5,3,7,712500.0
2200,3,2.5,10,0,2.0,3,8,480000.0
2000,3,2.5,46,0,1.0,4,7,470000.0
1730,3,1.75,34,0,1.0,3,7,335000.0
1300,3,1.5,45,0,1.0,3,7,270000.0
2950,5,3.25,34,0,1.0,3,8,810000.0
1720,3,3.0,8,0,3.0,3,8,589000.0
880,2,1.0,63,0,1.0,3,7,415000.0
1790,4,2.25,36,0,1.0,3,7,197000.0
1380,3,1.5,43,0,1.0,4,7,235500.0
1530,3,2.25,7,0,2.0,3,8,460000.0
2330,5,1.75,59,0,1.0,4,8,572500.0
1540,5,2.0,54,0,1.0,4,7,302000.0
3210,3,2.5,24,0,2.0,4,10,870000.0
1130,3,1.0,75,0,1.0,3,7,485000.0
1460,3,2.0,47,0,1.0,3,7,240000.0
1410,3,1.75,47,0,1.0,3,7,383000.0
1750,4,2.75,111,0,1.5,3,8,750000.0
1370,2,1.75,70,0,1.0,5,6,409950.0
1780,3,1.5,61,0,1.0,3,7,246000.0
1890,4,1.75,78,0,2.0,5,7,860000.0
1630,3,2.25,29,0,2.0,4,7,339950.0
2320,5,1.75,58,0,1.0,4,7,315000.0
2580,3,2.5,8,0,2.0,3,9,698000.0
1470,2,2.5,29,0,2.0,4,8,419000.0
2298,3,1.0,46,0,1.0,3,7,372000.0
1960,3,2.5,11,0,2.0,3,7,425000.0
2950,3,2.25,51,0,1.5,3,8,386500.0
670,2,1.0,72,0,1.0,3,5,348000.0
3020,5,3.5,37,0,2.0,3,10,754000.0
2390,4,3.0,70,0,2.0,4,7,269950.0
3090,3,2.5,23,0,2.0,4,10,891500.0
1780,4,1.75,111,0,1.0,5,7,349950.0
1420,2,1.0,58,0,1.0,3,7,360000.0
2420,4,2.25,89,0,2.0,4,8,975000.0
1480,4,2.0,86,0,1.5,5,7,449250.0
2190,4,2.25,8,0,2.0,3,7,350000.0
1820,4,1.75,104,0,1.5,4,7,790000.0
1810,3,1.75,31,0,1.0,4,9,990000.0
2550,3,2.25,31,0,2.0,3,9,834000.0
1360,3,1.0,51,0,1.0,3,7,466950.0
2259,3,1.75,106,0,1.5,5,7,262500.0
3880,4,2.5,27,0,2.0,3,10,762300.0
2730,6,2.75,53,0,1.0,3,8,733000.0
2800,4,2.5,58,0,1.0,3,7,439000.0
4290,5,3.25,87,0,2.5,4,10,1160000.0
1770,3,2.5,15,0,2.0,3,8,420000.0
1920,3,2.25,33,0,2.0,3,8,549000.0
2320,4,2.5,109,0,1.5,5,8,518000.0
2961,4,2.5,16,0,2.0,3,9,695000.0
1680,3,2.5,27,0,2.0,3,8,485000.0
1590,3,1.75,88,0,1.5,4,6,280000.0
1420,2,1.0,72,0,1.5,4,6,306500.0
1370,2,1.0,65,0,1.0,3,6,720000.0
2620,3,2.5,4,0,2.0,3,7,277500.0
1810,3,2.0,101,1,2.0,3,8,649000.0
700,2,1.0,65,0,1.0,4,6,267800.0
2390,4,2.75,22,0,2.0,3,8,625000.0
2070,4,2.5,90,0,1.5,3,9,600000.0
1780,4,2.0,66,0,1.5,4,7,395000.0
1900,4,2.5,75,0,1.5,3,7,212000.0
1040,2,1.0,86,0,1.0,3,7,425000.0
2370,4,1.75,96,0,1.5,3,8,870000.0
1970,3,2.5,11,0,2.0,3,7,420000.0
2120,4,2.25,34,0,2.0,3,8,800000.0
1960,3,2.5,26,0,2.0,3,8,575000.0
2660,3,3.25,11,0,2.0,3,9,915000.0
1180,3,2.25,27,0,2.0,3,7,400000.0
2390,3,2.5,59,0,1.0,4,8,750000.0
1250,3,1.0,53,0,1.0,5,7,235000.0
2600,5,3.0,47,0,1.0,5,8,599950.0
940,2,1.0,86,0,1.0,3,7,481203.0
3880,5,3.0,42,0,2.0,3,10,1815000.0
1530,3,2.5,28,0,2.0,4,7,379000.0
2430,3,1.75,69,0,2.0,4,7,626000.0
1030,2,1.0,75,0,1.0,3,7,535000.0
2740,4,2.5,30,0,2.0,3,9,1225000.0
1180,2,1.5,13,0,2.0,3,7,410000.0
3090,4,2.5,48,0,1.0,4,8,940000.0
1060,3,1.0,47,0,1.0,3,7,326250.0
790,2,1.0,70,0,1.0,3,6,200000.0
3070,4,2.5,56,0,1.0,5,8,880000.0
2100,2,2.0,9,0,2.0,3,9,370000.0
1100,2,2.5,8,0,2.0,3,8,190000.0
1070,2,1.0,32,0,1.0,4,6,160000.0
2190,4,3.0,25,0,1.0,3,9,625000.0
3450,4,3.5,11,0,2.0,3,10,590000.0
2070,3,2.5,15,0,2.0,3,8,575000.0
1190,2,1.0,102,0,1.0,5,7,470000.0
600,2,1.0,115,0,1.0,4,4,130000.0
940,3,1.0,57,0,1.0,3,7,229000.0
1280,3,1.0,72,0,1.5,3,6,279900.0
1370,3,1.0,54,0,1.0,3,7,307000.0
2450,3,1.75,25,0,1.0,3,7,399950.0
1970,4,2.25,52,0,1.0,3,7,405000.0
2910,4,2.75,48,0,1.0,4,8,539950.0
760,2,1.0,65,0,1.0,3,6,129000.0
1270,3,1.75,47,0,1.0,3,7,340000.0
1570,3,1.75,37,0,1.0,4,7,214950.0
2310,4,2.75,62,0,1.0,3,8,450000.0
1900,3,1.75,90,0,1.0,4,7,515000.0
3780,4,2.25,107,0,2.0,4,9,1400000.0
1060,3,1.0,58,0,1.0,4,7,230000.0
1880,3,1.75,30,0,1.0,4,8,681000.0
1160,3,1.0,91,0,1.0,3,6,255000.0
860,2,1.0,90,0,1.0,3,7,580000.0
1590,2,2.0,31,0,1.0,3,7,295000.0
1170,2,1.0,101,0,1.0,3,7,286000.0
1190,3,1.5,68,0,1.0,3,7,425000.0
1300,2,1.0,53,0,1.0,3,7,170000.0
1660,3,2.0,65,0,1.0,3,7,380000.0
1160,3,2.0,68,0,1.0,3,7,506000.0
1950,3,2.5,22,0,2.0,3,7,315000.0
2470,4,2.5,15,0,2.0,3,8,449950.0
1430,3,1.0,51,0,1.0,3,7,255000.0
1970,3,2.5,26,0,2.0,3,7,289000.0
1400,3,1.75,52,0,1.0,4,7,389000.0
1510,3,1.5,50,0,1.0,4,7,327000.0
5350,7,3.0,104,0,2.5,4,10,2885000.0
920,3,1.0,66,0,1.0,3,6,210000.0
7620,4,3.75,9,0,2.0,3,11,1680000.0
2490,4,2.5,13,0,2.0,3,7,360000.0
3030,4,2.5,25,0,2.0,3,11,875000.0
1650,4,2.25,47,0,1.0,3,8,550000.0
1210,3,1.5,52,0,1.0,3,7,257500.0
2990,4,2.75,91,0,1.5,4,8,1075000.0
1060,2,1.0,45,0,1.0,5,6,202950.0
2680,4,1.75,55,0,1.0,5,8,622000.0
1790,4,1.75,39,0,1.0,3,8,455000.0
2690,3,2.5,17,0,2.0,3,10,805000.0
770,2,1.0,64,0,1.0,3,6,257000.0
2700,5,2.5,47,0,1.0,4,8,744500.0
2620,4,2.5,19,0,2.0,3,8,885000.0
930,2,2.25,7,0,2.0,3,8,355000.0
1340,3,1.0,36,0,1.0,4,7,240000.0
1470,3,1.5,98,0,2.0,4,6,169000.0
2330,3,2.5,23,0,2.0,4,8,639900.0
1730,3,1.75,42,0,1.0,5,7,292000.0
2780,4,2.5,10,0,2.0,3,9,563500.0
1200,2,2.0,9,0,1.0,3,8,389000.0
4430,4,3.25,62,0,2.0,3,10,2750000.0
1820,3,2.0,20,0,2.0,4,8,661000.0
1300,2,2.0,9,0,1.0,3,8,344000.0
680,1,1.0,99,0,1.0,3,5,510000.0
780,2,1.0,72,0,1.0,3,7,289000.0
2430,3,2.25,35,0,1.5,3,8,365000.0
1750,3,1.5,48,0,1.0,4,7,410000.0
1610,3,1.0,113,0,1.5,5,7,535610.0
2120,4,1.75,43,0,2.0,3,8,397950.0
1430,3,1.75,36,0,1.0,3,7,284000.0
1360,4,1.5,52,0,1.5,3,7,201000.0
2530,4,2.25,89,0,1.5,4,7,734000.0
3270,5,3.0,13,0,2.0,3,7,357500.0
2620,5,2.5,39,0,1.0,3,8,550120.0
1810,3,1.5,27,0,1.0,3,8,300000.0
2120,3,2.5,22,0,2.0,3,8,374950.0
2190,4,1.75,35,0,2.0,3,8,602500.0
980,3,1.0,60,0,1.0,3,7,221000.0
2230,5,3.0,102,0,2.0,3,7,920000.0
1540,4,2.0,60,0,1.0,3,7,235000.0
980,3,1.0,47,0,1.0,3,7,375000.0
2120,4,2.5,9,0,2.0,3,8,599000.0
2090,3,2.25,31,0,2.0,3,8,562100.0
1620,3,2.5,6,0,2.0,3,8,640000.0
1650,3,2.0,57,0,1.0,4,7,294000.0
3230,4,2.5,9,0,2.0,3,9,714000.0
2790,4,3.25,51,0,1.0,3,9,970000.0
1600,4,2.25,24,0,2.0,3,7,280000.0
1790,4,2.5,21,0,2.0,3,7,260000.0
2060,3,1.5,76,0,1.5,4,7,294000.0
1370,4,1.0,114,0,1.5,5,5,255500.0
1510,3,2.0,60,0,1.0,3,7,450000.0
1280,3,1.0,46,0,1.0,3,7,368000.0
2180,4,2.25,51,0,1.0,3,8,830000.0
1440,2,1.75,79,0,1.0,4,6,282500.0
1580,3,2.25,36,0,1.0,4,7,335000.0
1580,2,2.0,104,0,1.0,5,6,558000.0
1730,4,1.5,54,0,1.5,4,7,270000.0
700,2,1.0,94,0,1.0,3,4,152000.0
2030,4,1.75,39,0,1.5,4,7,493000.0
2500,4,2.5,22,0,2.0,3,10,740000.0
2605,3,2.5,36,0,2.0,3,9,789800.0
910,2,1.0,105,0,1.0,3,6,275000.0
3560,6,2.5,100,0,2.5,4,11,1500000.0
1140,3,1.75,89,0,1.0,5,7,424000.0
1000,2,1.0,101,0,1.0,4,5,715000.0
3010,4,2.5,14,0,2.0,3,9,600000.0
2110,2,1.75,54,0,1.0,4,9,802000.0
910,3,1.0,71,0,1.0,4,6,165000.0
2050,4,3.25,27,0,2.0,4,8,750000.0
1090,2,1.0,33,0,1.0,2,7,405000.0
2100,3,2.5,17,0,2.0,3,9,521900.0
1000,3,1.0,45,0,1.0,3,7,275000.0
4410,5,3.25,13,0,2.0,4,9,600000.0
1800,3,1.75,47,0,1.0,3,8,442500.0
920,2,1.0,70,0,1.0,3,6,229950.0
1410,3,2.0,32,0,1.0,4,7,274950.0
1860,3,1.75,85,0,1.5,4,8,407185.0
2100,4,2.5,38,0,1.0,4,7,468000.0
1030,2,1.0,72,0,1.0,3,7,450000.0
940,2,1.0,59,0,1.0,5,7,219950.0
1340,2,2.5,26,0,2.0,3,7,275000.0
850,2,1.0,91,0,1.0,3,6,229950.0
2130,3,1.75,92,0,1.0,3,7,675000.0
2430,4,2.5,22,0,2.0,3,8,412950.0
2290,5,2.25,36,0,2.0,3,8,670000.0
1230,3,1.75,51,0,1.0,4,7,420000.0
1150,3,1.5,39,0,1.0,4,6,358000.0
2120,3,2.5,10,0,2.0,3,9,680000.0
980,2,1.0,91,0,1.0,3,7,380000.0
2130,3,2.5,28,0,2.0,3,8,515000.0
1050,2,1.0,45,0,1.0,4,7,325000.0
1820,3,2.5,61,0,1.0,4,7,875000.0
2210,3,2.5,101,0,2.0,3,7,426000.0
2490,5,2.5,55,0,1.0,4,8,868500.0
4140,4,2.75,12,0,2.0,3,11,657500.0
1210,2,1.0,88,0,1.0,3,6,366000.0
1010,2,1.0,103,0,1.0,3,6,385000.0
2050,4,2.0,47,0,1.0,3,7,300000.0
2060,3,1.75,97,0,2.0,4,9,810000.0
1560,4,1.75,72,0,1.0,3,6,460000.0
1780,3,2.5,19,0,2.0,4,8,459000.0
1460,3,1.75,48,0,1.0,4,8,260000.0
3030,4,2.5,27,0,2.0,3,9,557865.0
980,4,1.0,101,0,1.5,4,7,295000.0
1450,4,2.25,64,0,1.0,5,7,375000.0
3230,3,2.25,41,0,2.0,4,9,2110000.0
1520,2,2.0,15,0,3.0,3,7,307300.0
1410,4,1.0,51,0,1.5,3,7,225000.0
1390,3,1.75,35,0,2.0,3,7,290000.0
2230,4,2.0,92,0,1.5,4,7,690000.0
2110,4,2.25,42,0,2.0,4,8,825000.0
2270,3,1.75,58,0,1.0,4,7,645000.0
2530,4,2.25,38,0,1.0,5,8,590000.0
1900,5,2.0,84,0,1.0,3,7,667000.0
2390,4,2.5,16,0,2.0,3,9,664000.0
3160,4,2.5,56,0,1.0,3,8,452100.0
900,2,1.0,16,0,2.0,3,7,290000.0
3610,3,3.0,61,0,2.0,4,8,950000.0
2070,3,2.0,109,0,1.5,4,7,662500.0
1850,4,2.5,33,0,2.0,5,7,475000.0
1440,3,1.5,58,0,1.0,3,7,450000.0
2590,3,2.25,30,0,2.0,3,8,538250.0
1140,2,1.0,65,0,1.5,4,6,329950.0
2760,4,3.5,60,0,2.0,3,9,1103990.0
1310,5,1.5,85,0,1.5,3,6,307000.0
1870,3,1.75,55,0,1.0,3,7,433000.0
1900,3,2.25,47,0,1.0,4,7,212000.0
2860,5,2.75,112,0,2.5,4,8,750000.0
1640,3,2.0,11,0,1.0,3,7,279000.0
1140,3,1.0,106,0,1.5,4,6,476000.0
2590,5,1.75,52,0,1.0,4,7,368000.0
2160,4,3.0,36,0,1.0,3,7,228950.0
3260,5,3.5,45,0,2.0,4,8,568450.0
1660,4,1.75,88,0,1.5,3,7,619000.0
1640,3,2.25,18,0,2.0,3,7,275000.0
2620,4,2.5,11,0,2.0,3,8,321500.0
950,3,1.75,75,0,1.0,3,6,230000.0
900,3,1.0,56,0,1.0,4,6,179500.0
1650,3,2.25,39,0,1.0,3,7,460000.0
1800,3,2.5,9,0,2.0,3,7,286000.0
1480,3,1.0,89,0,1.5,3,7,427500.0
1040,3,1.0,72,0,1.0,3,7,400000.0
2300,3,3.5,10,0,1.0,3,8,675000.0
2480,3,1.0,46,0,1.0,3,7,350000.0
1970,4,1.75,37,0,1.0,3,8,385000.0
1530,2,1.75,98,0,1.0,4,7,525000.0
970,2,1.0,76,0,1.0,3,6,315000.0
2920,4,2.5,12,0,2.0,3,10,820000.0
970,3,1.0,56,0,1.0,4,7,205000.0
680,2,1.0,92,0,1.0,4,6,500000.0
2640,4,2.5,25,0,2.0,4,8,599000.0
4200,3,4.0,82,0,2.0,4,11,2225000.0
1980,1,2.5,36,0,1.0,4,7,299000.0
2980,3,2.75,97,1,1.5,5,8,947500.0
1630,3,3.25,7,0,3.0,3,8,385000.0
1780,2,1.75,89,0,1.0,5,7,639950.0
1210,2,1.0,14,0,1.0,3,8,824000.0
1010,3,1.0,45,0,1.0,3,7,199950.0
2570,3,2.5,75,0,1.0,4,8,1005000.0
2770,4,2.25,2,0,2.0,3,9,950000.0
2290,3,2.5,30,0,2.0,4,8,822000.0
1780,4,1.5,45,0,1.0,3,7,473600.0
2150,5,2.0,77,0,1.5,3,8,490000.0
1920,3,1.75,30,0,1.0,3,7,245000.0
1220,4,1.0,54,0,1.0,4,7,199000.0
2960,3,3.0,77,0,2.0,3,10,1340000.0
1500,3,1.75,30,0,1.0,3,7,418000.0
2830,7,3.5,58,0,1.0,4,8,450000.0
1580,3,2.5,22,0,2.0,3,8,280000.0
1230,3,2.25,23,0,1.0,4,7,273000.0
2910,4,2.5,6,0,2.0,3,8,549000.0
2370,5,2.25,33,0,2.0,4,9,913888.0
1930,4,2.25,98,0,1.5,5,8,689888.0
1780,4,2.0,21,0,1.0,3,7,305000.0
2760,4,2.5,15,0,2.0,3,9,602500.0
1620,2,1.75,86,0,1.0,3,7,355000.0
2160,3,2.5,28,0,2.0,3,9,756000.0
2190,4,2.25,38,0,1.0,4,7,289950.0
3240,3,2.5,20,0,2.0,3,10,800000.0
720,2,1.0,109,0,1.0,4,6,403000.0
1410,3,2.25,48,0,2.0,3,8,350000.0
2980,5,3.5,0,0,2.0,3,10,1285000.0
1950,5,2.25,54,0,1.0,3,7,525126.0
1100,3,1.0,65,0,1.0,3,7,241450.0
1400,3,1.5,61,0,1.0,3,7,320000.0
1710,4,2.0,39,0,1.0,3,7,234000.0
2000,5,2.5,27,0,1.0,3,6,441000.0
2000,5,2.5,28,0,1.0,3,6,474500.0
1440,3,1.0,109,0,1.5,4,7,705000.0
1520,4,2.5,21,0,2.0,3,8,517500.0
1440,4,0.75,66,0,1.0,3,6,142500.0
1010,2,1.5,33,0,2.0,3,7,310000.0
2440,4,2.5,27,0,2.0,3,9,749500.0
2480,5,3.0,16,0,1.0,3,7,360000.0
1090,3,1.0,47,0,1.0,5,7,267500.0
1480,3,1.0,72,0,1.0,4,6,290000.0
2800,5,2.5,44,0,1.0,4,8,850000.0
1820,4,1.75,93,0,1.5,3,8,815000.0
5840,5,4.0,27,0,2.0,3,11,2200000.0
2980,4,3.25,15,0,2.0,3,9,1625000.0
1220,3,1.5,41,0,1.0,3,7,175000.0
1830,3,1.75,37,0,1.0,3,8,429950.0
2900,4,2.5,12,0,2.0,3,8,675000.0
1940,3,2.25,27,0,1.0,3,7,580000.0
1750,4,2.0,71,0,1.0,4,6,240000.0
1850,3,2.5,32,0,1.0,4,8,374000.0
3220,4,2.5,77,0,2.0,3,9,862500.0
1080,2,1.0,107,0,1.0,5,6,140000.0
3990,5,3.75,77,0,2.0,3,8,740000.0
920,3,1.75,111,0,1.0,4,6,589000.0
1290,3,1.75,36,0,1.0,3,7,275000.0
2090,4,2.5,8,0,2.0,3,8,489900.0
1900,3,2.5,18,0,2.0,3,9,545000.0
1360,4,1.0,74,0,1.5,3,6,235000.0
1000,3,1.0,100,0,1.5,4,6,230000.0
2170,4,2.25,34,0,2.0,3,7,655000.0
820,2,1.0,91,0,1.0,4,5,185000.0
1090,3,1.0,53,0,1.0,4,7,196000.0
1830,3,2.25,28,0,1.0,4,8,572000.0
3010,4,2.5,14,0,2.0,3,9,615000.0
4150,4,3.75,52,0,1.0,3,9,1950000.0
2930,6,2.25,102,0,2.0,3,9,1225000.0
1520,3,2.5,25,0,2.0,4,7,375000.0
1250,3,1.75,43,0,1.0,4,6,295000.0
2760,4,2.5,72,0,2.0,5,7,760000.0
1330,3,1.75,37,0,1.0,3,8,347000.0
1700,3,2.0,91,0,1.5,4,7,712000.0
2050,4,2.0,73,0,1.5,5,7,495000.0
3140,4,2.0,55,0,1.0,4,8,925000.0
2030,3,1.0,107,0,1.5,4,7,775000.0
2100,4,2.5,98,0,1.5,4,6,429000.0
1010,3,1.0,55,0,1.0,4,7,229000.0
1980,4,1.5,52,0,1.0,3,7,400000.0
2100,4,2.25,36,0,2.0,4,8,625000.0
840,2,1.0,63,0,1.0,3,7,130000.0
1690,3,1.75,38,0,1.0,3,7,349000.0
2140,3,2.0,31,0,1.0,4,7,365000.0
1810,3,2.5,18,0,2.0,3,7,487500.0
2600,3,2.5,25,0,2.0,3,8,475000.0
1650,3,1.75,55,0,1.0,3,8,685000.0
2460,3,1.75,76,0,1.0,4,7,960000.0
4320,5,2.25,41,0,2.0,3,7,1100000.0
2600,3,2.25,37,0,2.0,3,9,428000.0
1930,3,2.5,27,0,2.0,4,7,435000.0
2190,3,2.0,62,0,1.0,5,7,769950.0
1420,3,1.0,60,0,1.0,4,7,385000.0
2090,3,2.5,9,0,2.0,3,7,352000.0
2290,3,2.5,31,0,2.0,3,8,622500.0
2470,3,3.0,39,0,2.0,3,9,660000.0
840,3,1.0,55,0,1.0,3,6,105000.0
2100,2,1.0,106,0,1.0,5,7,420000.0
1360,3,1.5,59,0,1.0,4,7,499950.0
3420,6,3.0,66,0,1.0,5,9,975000.0
1930,3,2.75,85,0,1.5,5,7,665000.0
2180,4,2.5,46,0,1.0,4,7,540000.0
1670,4,2.0,59,0,1.0,3,7,400000.0
2720,4,2.75,6,0,1.0,3,8,469950.0
3170,4,2.5,35,0,2.0,4,8,777000.0
1610,2,1.75,73,0,1.0,3,7,346500.0
2370,3,2.5,12,0,2.0,3,8,685000.0
2590,3,2.5,38,0,1.0,4,10,396500.0
2850,3,2.5,34,0,2.0,3,10,783500.0
1660,4,2.0,92,0,1.5,3,7,575000.0
5550,4,4.25,9,0,2.0,3,11,1500000.0
2200,3,1.5,73,0,1.0,4,7,515000.0
2020,3,2.5,51,0,1.0,4,7,300000.0
1760,3,1.5,49,0,1.0,4,7,272000.0
1810,4,2.25,11,0,2.0,3,7,355000.0
1310,3,2.0,63,0,1.0,5,6,223000.0
3000,4,2.5,11,0,2.0,3,7,397000.0
1080,2,2.0,92,0,1.0,5,6,460000.0
2170,3,2.75,85,0,1.5,4,9,848000.0
740,2,1.0,90,0,1.0,5,6,392800.0
5290,3,3.25,26,0,2.0,4,11,1690000.0
5290,3,3.25,27,0,2.0,4,11,1800000.0
2370,3,2.25,30,0,2.0,3,8,577000.0
1890,3,1.0,113,0,1.5,4,7,570000.0
1160,3,1.75,16,0,1.0,3,7,250000.0
1550,4,1.75,56,0,1.5,4,8,645000.0
3090,3,2.5,24,0,2.0,3,9,567500.0
2610,4,2.5,10,0,2.0,3,8,337000.0
1230,3,1.75,48,0,1.0,3,7,280000.0
1280,3,1.5,29,0,2.0,4,6,167000.0
1880,2,1.0,95,0,1.0,3,6,280000.0
1220,2,1.5,66,0,1.0,4,6,317500.0
1350,2,2.75,8,0,2.0,3,8,405500.0
2370,4,2.5,20,0,2.0,3,8,495000.0
3040,4,3.0,28,0,2.0,3,10,691000.0
2080,5,1.75,51,0,1.0,5,7,480000.0
1560,2,1.75,73,0,1.0,4,7,549010.0
2980,5,3.5,10,0,2.0,3,8,750000.0
870,2,1.0,67,0,1.0,4,7,365000.0
1660,3,1.75,27,0,1.0,3,7,412500.0
1870,3,2.25,36,0,1.0,3,7,425000.0
1410,3,1.0,62,0,1.0,3,7,920000.0
2180,4,2.25,39,0,1.0,4,9,340000.0
2620,4,2.5,59,0,1.0,5,7,405000.0
2450,3,2.5,25,0,1.0,3,8,537100.0
3250,4,2.5,8,0,2.0,3,8,353500.0
1150,3,1.0,62,0,1.0,3,7,522000.0
2780,4,2.75,13,0,2.0,3,8,710000.0
1360,3,1.75,30,0,1.0,4,7,329950.0
2810,5,2.5,36,0,1.0,3,9,830000.0
1780,4,2.5,53,0,1.0,5,8,800500.0
1100,3,1.0,45,0,1.0,3,7,168500.0
2230,3,2.5,14,0,2.0,3,8,490000.0
1710,3,2.5,11,0,2.0,3,8,579000.0
2620,4,2.5,27,0,2.0,3,8,600000.0
1990,4,1.75,70,0,1.5,4,7,445000.0
1450,4,1.75,54,0,1.0,3,7,362500.0
1630,4,2.0,39,0,1.0,4,7,234000.0
730,1,1.0,6,0,1.0,3,7,321500.0
1980,3,1.75,88,0,1.5,4,7,660000.0
1730,4,1.0,60,0,1.5,4,6,319000.0
1350,3,1.75,61,0,1.0,3,8,314000.0
1410,3,2.0,106,0,1.0,5,7,517950.0
2360,5,2.5,53,0,1.0,4,7,525000.0
1190,3,1.0,54,0,1.0,5,6,319500.0
3760,4,3.25,64,0,1.5,5,9,1580000.0
1220,1,1.0,68,0,1.0,4,6,325000.0
2920,4,2.5,19,0,2.0,5,10,795000.0
1590,2,1.75,87,0,1.5,3,9,850000.0
3510,5,3.25,1,0,2.0,3,9,1010000.0
1320,3,2.5,8,0,3.0,3,8,475000.0
1610,3,1.0,39,0,1.0,3,7,375000.0
1410,3,1.0,63,0,1.0,4,7,405000.0
2170,4,2.5,52,0,1.0,3,7,420000.0
1890,4,1.75,108,0,1.5,3,7,775000.0
3260,4,2.75,8,0,2.0,3,9,800000.0
2080,3,1.75,31,0,2.0,4,8,436800.0
2040,3,1.75,84,0,1.5,4,8,620000.0
1250,3,1.0,45,0,1.0,4,7,230000.0
850,1,1.0,108,0,1.0,2,6,165000.0
850,1,1.0,109,0,1.0,2,6,490000.0
1600,3,1.75,51,0,1.0,5,8,480000.0
2400,3,2.5,21,0,2.0,3,9,570000.0
1870,3,2.25,23,0,2.0,4,8,615000.0
1720,3,1.0,45,0,1.0,3,7,280000.0
1030,3,1.0,45,0,1.0,3,7,326000.0
1190,2,2.25,11,0,2.0,3,9,550700.0
910,2,1.0,114,0,1.5,3,6,600000.0
1290,3,1.0,46,0,1.0,3,7,450000.0
1530,2,2.25,5,0,2.0,3,8,546000.0
2330,3,2.5,32,0,2.0,3,9,585000.0
2090,3,1.75,62,0,1.0,3,7,489000.0
1570,3,2.0,43,0,2.0,4,8,765000.0
1560,3,1.75,42,0,1.0,4,8,519000.0
1500,2,1.0,86,0,1.5,3,5,262000.0
2160,4,2.75,27,0,1.0,3,7,550000.0
780,2,1.0,71,0,1.0,4,6,285000.0
2340,4,1.75,59,0,1.0,4,7,476000.0
3570,3,2.0,68,0,1.0,3,8,2200000.0
720,1,1.0,107,0,1.0,3,6,335000.0
2990,4,2.0,40,0,1.0,4,8,510000.0
1860,3,2.25,53,0,1.0,4,7,291000.0
1950,4,1.75,83,0,1.5,4,6,335000.0
1860,3,1.5,59,0,1.0,3,7,415000.0
1550,3,2.0,72,0,1.0,5,7,430000.0
1610,3,1.75,36,0,1.0,4,7,270000.0
1810,3,2.0,109,0,1.0,4,7,760000.0
1730,2,2.0,110,0,2.0,3,7,450000.0
1230,3,2.5,37,0,1.0,4,7,425000.0
2130,4,2.5,98,0,1.5,4,7,725000.0
2190,3,2.75,41,0,1.0,4,7,700000.0
4130,5,4.5,10,0,2.0,3,10,998000.0
1680,3,2.25,26,0,2.0,3,7,396000.0
1480,3,2.5,46,0,1.0,4,7,547000.0
1790,4,1.5,52,0,1.0,4,8,302000.0
2810,5,3.5,104,0,2.0,5,9,999000.0
2360,4,2.5,37,0,1.0,3,8,633000.0
1460,3,1.75,32,0,1.0,3,6,265800.0
2160,3,2.25,54,0,1.0,3,8,530000.0
2610,6,2.0,50,0,1.0,4,8,605000.0
2170,4,2.5,9,0,2.0,3,7,489000.0
2160,2,1.0,46,0,1.0,3,7,305000.0
2020,4,2.75,56,0,1.0,5,7,513000.0
2980,4,2.5,8,0,2.0,3,10,765000.0
1300,2,1.5,111,0,1.0,3,7,550000.0
3090,4,2.5,29,0,2.0,5,8,974350.0
2280,4,2.25,31,0,2.0,4,8,653675.0
1260,3,1.75,29,0,1.0,4,7,245000.0
1530,2,1.75,63,0,1.0,3,8,700180.0
1830,3,2.5,19,0,1.0,3,8,510000.0
1610,3,2.5,45,0,1.0,4,7,390000.0
2170,3,2.5,15,0,2.0,3,8,606500.0
5020,4,4.25,16,0,2.0,3,12,1500000.0
1620,3,2.25,27,0,2.0,4,8,290000.0
1080,3,1.75,34,0,1.0,3,7,115000.0
1940,3,2.5,27,0,1.0,4,8,500000.0
2360,3,2.5,18,0,2.0,3,9,580050.0
2010,3,2.5,1,0,2.0,3,8,550000.0
800,3,1.0,112,0,1.5,4,6,465000.0
970,3,1.0,66,0,1.5,3,7,354950.0
3720,4,3.25,7,0,2.0,3,11,980000.0
2010,3,2.25,29,0,2.0,3,8,500000.0
1430,4,1.0,91,0,1.5,3,7,667750.0
2250,3,1.75,59,0,1.0,3,8,735000.0
2130,3,1.75,59,0,1.0,3,7,361000.0
1620,3,2.0,26,0,1.0,4,7,276750.0
3140,4,3.25,5,0,2.0,3,10,760000.0
870,2,1.0,68,0,1.0,3,7,475000.0
1820,4,2.5,27,0,1.0,3,7,234000.0
1510,3,2.0,40,0,1.0,4,7,234950.0
1320,2,1.75,47,0,1.0,3,7,269950.0
1800,3,2.5,26,0,2.0,3,8,495000.0
1120,2,1.0,73,0,1.0,3,7,438000.0
2160,3,1.75,34,0,1.0,4,7,260000.0
3220,4,2.5,10,0,2.0,3,9,697000.0
960,2,1.0,64,0,1.0,3,6,212625.0
2640,5,2.5,89,0,1.5,5,7,593000.0
2430,4,3.0,11,0,2.0,3,8,410000.0
1470,2,1.0,73,0,1.0,3,7,445434.0
2040,3,2.5,46,0,1.0,3,8,200126.0
1670,3,2.5,22,0,2.0,4,7,290700.0
1010,4,1.0,60,0,1.0,4,6,248000.0
540,1,1.0,53,0,1.0,3,5,345000.0
1240,3,1.0,63,0,1.0,3,7,525000.0
1510,3,1.75,46,0,1.0,3,7,400000.0
1820,3,1.0,97,0,1.0,3,7,532000.0
1000,2,1.0,99,0,1.0,5,5,159995.0
2040,5,1.5,51,0,1.0,4,7,287000.0
3690,4,2.5,64,0,1.0,4,10,1115000.0
2310,3,2.5,27,0,2.0,3,9,765000.0
1090,3,1.5,45,0,1.0,4,6,185000.0
1150,3,1.0,108,0,1.0,5,6,430000.0
2100,4,2.5,5,0,2.0,3,8,346000.0
2150,4,2.75,32,0,1.0,4,8,607000.0
2500,3,1.5,73,0,1.5,5,7,417000.0
3530,5,2.0,89,0,1.5,3,9,930000.0
1290,2,1.75,64,0,1.0,3,7,573300.0
2010,4,1.75,60,0,1.0,3,7,260000.0
420,1,0.75,92,0,1.0,3,5,280000.0
2180,4,2.5,94,0,2.0,3,8,825000.0
1150,4,1.0,67,0,1.5,3,6,307000.0
2000,4,1.75,65,0,1.0,4,7,595000.0
2780,5,1.75,49,0,1.0,3,8,528000.0
1550,2,1.75,49,1,1.0,4,8,600000.0
2180,2,1.0,56,0,1.0,3,7,275000.0
1570,2,1.5,108,0,1.5,4,7,782000.0
2260,3,2.5,28,0,1.0,3,9,610000.0
1600,3,1.0,105,0,1.5,3,7,488000.0
1630,3,1.0,61,0,1.0,3,7,320000.0
890,3,1.0,105,0,1.0,3,6,153500.0
1350,3,1.0,36,0,1.0,3,7,414500.0
2850,5,1.75,63,0,1.0,3,9,750000.0
1350,3,1.0,90,0,1.0,5,6,349990.0
3280,3,2.25,13,0,1.0,3,10,645000.0
1090,2,1.0,93,0,1.0,3,7,425000.0
2990,4,2.5,11,0,2.0,3,9,785000.0
1340,3,1.75,51,0,1.0,4,7,290000.0
1340,3,1.75,52,0,1.0,4,7,415000.0
720,2,1.0,65,0,1.0,3,6,248500.0
2330,3,2.5,34,0,1.0,4,7,325000.0
1280,2,1.0,73,0,1.5,5,6,272925.0
1510,4,1.75,94,0,1.5,3,7,250000.0
2470,4,2.5,12,0,2.0,3,8,470000.0
1190,2,1.0,97,0,1.0,4,7,440000.0
1981,4,2.5,2,0,2.0,3,8,299999.0
1590,3,1.75,56,0,1.0,4,7,255000.0
1150,3,1.75,57,0,1.0,3,7,415950.0
2160,5,2.75,59,0,1.5,3,7,402000.0
1770,3,1.5,62,0,1.0,3,9,729000.0
2470,2,2.5,13,0,2.0,4,8,635000.0
1710,3,2.5,32,0,2.0,3,8,479000.0
1860,2,2.25,28,0,2.0,4,8,462370.0
1150,3,1.0,69,0,1.5,4,5,171500.0
3850,5,3.0,51,0,2.0,4,9,925000.0
3410,5,3.0,46,0,1.0,4,8,675000.0
1890,4,1.5,40,0,1.0,4,8,320000.0
3200,5,3.5,25,0,2.0,3,7,499950.0
2170,5,1.0,84,0,1.5,4,7,435000.0
2390,4,2.5,15,0,2.0,3,9,359800.0
1410,3,2.0,29,0,1.0,3,7,239900.0
740,2,1.0,99,0,1.0,3,5,295000.0
2150,3,2.5,35,0,1.5,3,6,380000.0
2180,4,2.5,70,0,2.0,3,7,435000.0
820,2,1.0,61,0,1.0,3,7,508000.0
5480,6,4.5,15,0,2.0,4,9,2400000.0
1960,4,2.5,36,0,1.0,3,7,234500.0
1270,2,1.0,94,0,1.0,4,7,355000.0
1710,3,2.0,37,0,1.0,5,7,230000.0
1930,3,1.75,64,0,1.0,4,7,345000.0
1200,3,1.75,108,0,1.0,5,7,430000.0
1680,3,1.5,52,0,1.0,3,7,500000.0
1300,4,1.0,61,0,1.0,5,7,378000.0
1540,3,2.5,15,0,2.0,3,7,345000.0
870,2,1.75,74,0,1.0,3,6,410000.0
1890,2,2.25,109,0,2.0,5,8,750000.0
2050,4,1.75,47,0,1.0,3,7,485000.0
880,3,1.0,45,0,1.0,4,6,105000.0
2780,3,2.75,111,0,2.0,5,8,1025000.0
1160,3,1.0,49,0,1.0,3,7,360000.0
2300,5,2.75,45,0,1.0,4,7,294000.0
3140,4,2.5,37,0,2.0,4,9,400000.0
2300,3,1.75,45,0,1.0,4,7,325000.0
2900,3,2.5,27,0,1.0,3,10,770000.0
1920,3,2.25,25,0,2.0,4,7,443000.0
1150,3,1.0,44,0,1.0,3,7,325000.0
3120,4,2.5,23,0,2.0,4,9,760000.0
2560,4,2.0,67,0,1.0,4,7,640000.0
1410,3,2.0,115,0,1.5,4,7,415000.0
970,3,1.0,55,0,1.0,3,7,156000.0
3620,3,3.25,26,0,2.0,4,10,996000.0
880,2,1.0,74,0,1.0,4,7,415000.0
1900,3,1.75,87,0,1.5,5,7,615000.0
2540,4,2.5,5,0,2.0,3,8,717000.0
1690,4,1.75,47,0,1.0,3,7,548000.0
1120,3,1.5,78,0,1.0,4,7,425000.0
2130,4,2.75,23,0,1.0,3,7,325250.0
3420,3,2.5,24,0,2.0,3,11,1225000.0
1900,3,1.75,55,0,1.0,4,7,557500.0
3730,4,2.5,24,0,2.0,3,10,1260500.0
1790,3,3.0,8,0,2.0,3,7,249950.0
2250,4,2.75,30,0,1.0,4,8,260000.0
2880,3,2.5,64,0,1.0,5,8,1989000.0
1780,4,1.75,71,0,1.0,4,6,442900.0
1580,3,2.25,33,0,1.0,3,7,475000.0
3260,5,2.75,10,0,2.0,3,8,365000.0
3180,4,2.5,13,0,2.0,3,9,780000.0
2460,3,1.75,90,0,1.0,4,7,930000.0
8670,5,6.25,49,0,2.0,3,13,2888000.0
1020,3,1.0,73,0,1.0,4,7,350000.0
1630,3,1.75,31,0,1.0,3,7,357500.0
3290,4,2.5,22,0,2.0,3,8,520000.0
1940,4,2.5,11,0,2.0,3,8,330000.0
1350,3,2.0,19,0,1.0,3,7,310000.0
1110,3,1.0,66,0,1.0,3,6,279000.0
2993,4,1.5,93,0,2.0,4,7,540000.0
2280,4,2.5,20,0,2.0,3,8,322000.0
3800,5,3.25,50,0,1.0,3,7,380000.0
850,2,1.0,74,0,1.0,4,6,320000.0
1560,3,1.75,44,0,1.0,5,7,400000.0
1000,3,1.0,86,0,1.0,5,7,412000.0
1400,3,1.0,115,0,1.5,3,7,887200.0
1540,4,1.75,71,0,1.0,5,6,395000.0
3570,4,3.0,80,0,1.5,3,9,895000.0
800,2,1.0,96,0,1.0,5,6,195000.0
1160,3,1.0,104,0,1.5,3,7,390000.0
1010,3,1.0,56,0,1.0,4,6,165000.0
1010,3,1.0,57,0,1.0,4,6,255000.0
2390,4,2.25,34,0,2.0,3,8,589000.0
1610,3,2.5,18,0,2.0,3,8,505000.0
2400,3,3.0,60,0,1.0,3,7,335750.0
1800,3,1.75,68,0,1.0,5,7,719000.0
2110,4,3.25,13,0,2.0,3,8,796000.0
960,2,1.0,97,0,1.0,3,4,95000.0
2600,3,3.0,25,0,1.5,3,9,525000.0
1340,3,1.5,58,0,1.0,4,7,417000.0
1410,3,1.0,90,0,1.0,3,6,410000.0
2390,4,2.25,53,0,1.0,5,9,984000.0
1180,2,1.5,6,0,3.0,3,8,325000.0
1040,3,1.0,46,0,1.0,4,7,314950.0
1840,3,2.25,27,0,1.0,3,7,350000.0
2630,4,2.25,105,0,2.0,5,9,1045000.0
2640,4,2.5,19,0,2.0,4,8,657000.0
1720,2,2.5,16,0,2.0,3,8,234950.0
2320,4,1.75,60,0,1.0,3,7,410000.0
1840,3,1.75,67,0,2.0,3,7,625000.0
2890,5,2.5,25,0,2.0,3,9,706000.0
2200,3,1.75,106,0,2.0,3,7,485000.0
1660,4,2.75,86,0,1.5,5,7,685000.0
2170,3,2.5,34,0,1.0,3,7,242050.0
3310,3,3.25,8,0,2.0,3,9,770000.0
1450,2,1.5,68,0,1.0,3,7,557000.0
1440,3,1.75,48,0,1.0,4,8,246000.0
1760,4,2.0,53,0,1.0,4,7,194000.0
3170,3,2.5,9,0,2.0,3,9,720000.0
1250,2,1.0,90,0,1.0,3,6,449000.0
3280,4,2.5,20,0,2.0,3,10,925000.0
2460,4,3.0,68,0,1.0,5,7,570000.0
1470,3,2.0,52,0,1.0,4,7,395000.0
1780,4,2.0,96,0,1.5,5,8,1000000.0
1580,4,1.0,86,0,1.5,4,7,406000.0
1630,3,1.5,82,0,1.5,4,8,574800.0
2240,4,2.0,47,0,1.0,3,7,309000.0
2430,3,2.5,27,0,2.0,3,10,770000.0
1940,3,1.5,74,0,1.0,4,7,525000.0
1970,3,2.5,10,0,2.0,3,7,419000.0
2050,4,2.5,42,0,1.0,4,7,479000.0
1340,3,1.0,80,0,1.5,4,5,160000.0
1880,4,1.75,47,0,1.0,4,8,333000.0
860,2,1.0,93,0,1.0,4,6,310000.0
2140,3,2.5,8,0,2.0,3,8,666000.0
3620,3,3.0,37,1,2.0,5,10,2230000.0
2370,4,2.75,25,0,2.0,3,7,310000.0
1860,3,2.5,22,0,2.0,3,8,350000.0
2110,4,3.0,84,0,1.5,4,7,610000.0
1990,3,2.25,23,0,2.0,3,8,564800.0
1820,3,2.25,54,0,1.0,3,7,438000.0
3120,3,2.0,36,0,1.0,5,9,855000.0
1190,3,2.5,12,0,2.0,3,7,229000.0
1170,3,2.0,112,0,1.0,5,6,260000.0
2630,3,2.5,25,0,2.0,3,9,609000.0
1450,4,1.0,50,0,1.0,3,6,277000.0
2100,4,2.0,55,0,1.0,3,7,283000.0
1680,2,1.75,101,0,1.0,3,6,334000.0
2000,4,1.75,52,0,1.0,3,7,267000.0
1030,3,1.0,90,0,1.0,3,7,385000.0
2020,5,1.75,58,0,1.0,3,8,640000.0
2220,4,2.0,52,0,1.0,3,7,532500.0
1750,4,2.5,31,0,1.0,4,7,335000.0
1710,3,2.5,24,0,2.0,3,7,415000.0
3560,6,3.25,51,0,1.5,4,8,1098000.0
2720,2,2.5,61,0,1.0,3,10,1442500.0
1010,3,1.0,59,0,1.0,3,6,180000.0
1830,4,2.5,10,0,2.0,3,7,335000.0
4480,4,3.0,27,0,2.0,3,9,835000.0
2080,4,1.5,89,0,1.5,3,7,592500.0
1470,3,1.5,60,0,1.0,3,7,418900.0
1600,3,1.0,56,0,1.0,4,7,340000.0
1340,3,2.0,91,0,1.5,4,7,545000.0
3680,5,3.5,12,0,2.0,3,9,1378000.0
1770,3,2.5,11,0,2.0,3,7,183750.0
980,4,2.0,36,0,1.0,5,7,295000.0
2530,4,3.0,38,0,1.0,3,8,625000.0
2390,4,3.0,40,0,2.0,3,7,290000.0
3600,4,2.5,11,0,2.0,3,9,760000.0
3270,4,2.5,36,0,1.0,4,8,560000.0
2300,5,2.5,20,0,2.0,3,6,475000.0
1710,3,1.0,105,0,1.5,3,7,620000.0
1170,4,2.0,60,0,1.0,3,7,330000.0
1990,3,2.25,55,0,1.0,3,7,620000.0
1710,4,1.75,46,0,1.5,4,6,320000.0
1740,3,2.5,18,0,2.0,3,8,525000.0
3320,4,3.75,9,0,2.0,3,10,802500.0
1960,4,1.0,107,0,2.0,3,7,569500.0
2820,6,3.5,56,0,1.0,3,8,850000.0
1590,3,1.0,93,0,1.5,3,7,630000.0
2490,4,2.25,35,0,1.0,4,7,454800.0
870,3,1.0,46,0,1.0,5,6,177000.0
1860,3,1.75,43,0,1.0,4,7,275000.0
2930,3,2.0,25,0,2.0,3,8,460000.0
1580,3,1.0,106,0,2.0,3,8,729000.0
4110,4,3.25,19,0,2.0,3,11,935000.0
1410,3,2.0,74,0,1.0,3,7,481450.0
2090,3,2.0,85,0,1.5,4,8,860000.0
1400,3,1.75,56,0,1.0,4,7,274000.0
1690,3,3.5,6,0,2.0,3,7,499000.0
3210,5,2.25,35,0,1.5,3,8,696500.0
1190,3,1.0,80,0,1.5,5,5,390000.0
960,3,1.0,92,0,1.0,3,5,265000.0
2380,4,2.25,35,0,2.0,3,8,470000.0
1020,2,1.0,80,0,1.0,4,6,168500.0
1290,3,1.75,31,0,1.0,3,7,220000.0
1830,3,2.0,66,0,1.0,4,7,295000.0
4770,5,4.0,25,0,2.0,3,12,1475000.0
2910,2,2.5,29,1,2.0,5,9,1295000.0
950,3,1.0,56,0,1.0,4,6,285000.0
1160,3,1.0,46,0,1.0,3,7,294950.0
4930,4,4.0,11,0,2.0,3,12,1465000.0
1780,3,1.75,71,0,1.0,5,7,565500.0
1410,3,2.0,34,0,1.0,3,7,230000.0
2700,4,3.5,67,0,1.5,3,8,569950.0
1790,2,1.5,99,0,1.0,3,7,721000.0
4040,3,2.5,8,0,2.0,3,9,565000.0
1990,3,1.75,36,0,1.0,4,7,438000.0
2150,3,1.75,37,0,1.0,3,7,369900.0
1850,4,2.5,17,0,2.0,3,8,405000.0
1680,3,2.5,20,0,1.0,3,7,282000.0
1430,2,1.0,70,0,1.0,3,7,380950.0
960,3,1.0,56,0,1.0,4,7,349810.0
2700,4,2.5,10,0,2.0,3,9,690000.0
1290,2,1.5,68,0,1.0,4,7,653000.0
1860,3,2.5,28,0,2.0,3,8,526500.0
4320,4,3.5,9,0,2.0,3,10,1040000.0
2130,3,1.0,97,0,1.5,3,7,335000.0
2870,2,1.75,20,0,2.0,4,8,570000.0
3740,5,3.5,2,0,2.0,3,10,1080000.0
2130,3,2.5,29,0,2.0,3,8,475000.0
1210,4,2.0,74,0,1.0,4,7,315000.0
2800,6,2.0,60,0,1.0,5,7,405000.0
3040,5,2.25,30,0,2.0,3,8,562000.0
1570,3,2.5,22,0,2.0,3,7,295000.0
2090,3,2.25,53,0,1.0,3,7,383000.0
1690,3,2.25,30,0,1.0,3,7,242000.0
1470,3,1.5,48,0,1.0,5,7,352500.0
1460,4,1.0,73,0,1.0,4,7,239950.0
3030,4,2.5,67,0,2.0,3,9,998000.0
1190,3,1.75,93,0,1.0,3,6,515000.0
1840,5,1.0,95,0,1.5,3,7,590000.0
3560,4,3.75,43,0,2.0,4,9,1160000.0
1580,3,1.75,60,0,1.0,5,7,289000.0
1230,3,1.5,62,0,1.0,3,7,424000.0
1440,4,2.0,71,0,1.0,3,5,199000.0
4420,4,3.5,10,0,2.0,3,10,730000.0
910,3,1.0,43,0,1.0,4,6,244000.0
670,2,1.0,72,0,1.0,3,6,240000.0
2650,4,2.75,56,0,2.0,3,8,797000.0
2220,4,2.25,15,0,2.0,4,8,350000.0
1640,3,1.75,42,0,1.0,3,7,415000.0
770,2,1.0,68,0,1.0,3,7,378510.0
3960,4,3.5,8,0,2.0,3,10,1195000.0
1140,2,1.5,89,0,1.0,4,6,379900.0
2480,3,2.5,10,0,2.0,3,7,620000.0
1580,3,1.5,68,0,1.0,4,8,524500.0
1990,4,2.75,15,0,1.0,3,7,270000.0
1830,4,2.25,25,0,1.0,4,7,236000.0
840,2,2.0,72,0,1.5,5,6,308500.0
3320,5,2.25,51,0,1.0,5,8,989900.0
2050,4,2.25,37,0,2.0,4,8,299000.0
1560,2,1.75,47,0,2.0,3,8,295000.0
800,2,1.0,87,0,1.0,3,6,110000.0
1190,2,1.0,66,0,1.0,3,7,295950.0
1300,3,1.75,96,0,1.0,4,6,270000.0
3400,4,2.5,13,0,2.0,3,9,712000.0
1170,2,1.5,15,0,3.0,3,8,475000.0
2510,4,2.5,14,0,2.0,3,7,410000.0
2510,4,2.25,38,0,1.0,4,9,588000.0
2390,3,2.5,8,0,2.0,3,8,420000.0
2200,4,2.25,10,0,2.0,3,8,355000.0
2550,2,1.0,56,0,1.0,4,7,446000.0
2560,4,2.25,38,0,1.0,4,8,765000.0
3250,3,3.75,63,0,2.0,4,8,967500.0
1340,2,2.0,10,0,1.0,3,8,381000.0
2840,3,2.25,32,0,2.0,4,9,490000.0
2480,4,2.25,39,0,1.0,4,8,716000.0
3060,5,3.5,26,0,2.0,3,8,605000.0
2910,4,2.5,10,0,2.0,3,8,312200.0
1900,4,1.0,66,0,1.0,4,7,327000.0
1300,4,1.75,45,0,1.0,4,7,229950.0
1480,3,1.5,34,0,1.0,3,7,160000.0
1250,3,1.0,42,0,1.0,4,6,255000.0
2000,4,2.5,70,0,1.5,4,7,530000.0
1330,3,1.5,43,0,1.0,3,7,239000.0
1840,3,2.25,32,0,1.0,4,7,285000.0
1560,4,2.0,69,0,1.5,3,7,537000.0
3150,3,2.5,8,0,2.0,3,9,530000.0
1560,3,2.25,24,0,2.0,3,7,213675.0
2910,5,2.5,50,0,1.0,4,7,530000.0
2940,3,2.5,21,0,2.0,3,10,780000.0
950,3,1.0,67,0,1.0,4,6,390000.0
1200,2,1.0,74,0,1.0,3,7,450000.0
1000,2,1.0,62,0,1.0,3,7,420000.0
1490,3,2.0,56,0,1.0,3,7,550000.0
600,2,1.0,72,0,1.0,3,5,110000.0
2320,2,1.75,89,0,1.5,3,8,700000.0
3190,4,2.5,13,0,2.0,3,10,807500.0
990,2,1.0,37,0,1.0,3,7,179000.0
5470,4,2.75,22,1,2.0,3,11,1612500.0
2890,4,2.75,34,0,2.0,4,9,655000.0
1790,3,2.0,51,0,1.0,4,7,472500.0
2350,4,2.5,16,0,2.0,3,9,299000.0
3430,4,2.5,14,0,2.0,3,10,740000.0
2600,3,1.75,47,0,1.0,4,8,860000.0
2130,4,3.0,66,0,1.0,5,7,620000.0
1660,3,1.75,32,0,1.0,3,7,410000.0
2473,5,3.5,52,0,2.0,5,7,343000.0
1430,2,2.75,8,0,2.0,3,7,465000.0
1570,3,2.25,13,0,2.0,3,8,273950.0
1240,2,1.0,99,0,1.0,4,7,825000.0
1720,3,2.5,1,0,2.0,3,7,255000.0
1140,3,2.0,16,0,1.0,4,7,250000.0
2690,4,3.25,36,0,2.0,3,9,635000.0
1520,3,1.75,48,0,1.0,3,8,240000.0
2040,4,2.25,3,0,2.0,3,8,670000.0
2830,3,2.5,60,0,1.0,3,9,713414.0
1340,3,1.5,49,0,1.0,4,7,245000.0
2520,4,2.5,46,0,1.0,4,8,600000.0
1660,3,2.5,12,0,2.0,3,7,270000.0
880,2,1.0,71,0,1.0,3,6,190000.0
980,3,2.0,74,0,1.0,3,6,435000.0
1360,4,1.0,114,0,1.5,2,6,560000.0
3710,3,3.75,36,0,2.0,3,10,998000.0
940,3,1.0,62,0,1.0,4,7,725000.0
970,2,1.0,46,0,1.0,3,7,210000.0
1500,3,2.25,7,0,3.0,3,8,513000.0
2780,5,2.5,47,0,1.0,4,8,290000.0
3110,3,2.5,60,0,1.0,3,8,1260000.0
1860,3,2.25,19,0,2.0,3,7,330000.0
1010,3,1.0,56,0,1.0,3,6,189000.0
2850,3,2.25,68,0,2.0,4,7,907500.0
2280,3,2.25,36,0,1.0,3,7,410000.0
3080,4,3.0,54,0,2.0,5,8,1050000.0
2280,4,2.5,72,0,1.5,4,7,622100.0
2030,3,1.5,45,0,1.0,4,7,250000.0
2570,4,3.0,105,0,2.0,3,8,1180000.0
3640,3,2.75,36,0,1.0,4,9,925000.0
1760,3,2.0,84,0,1.0,3,7,554000.0
2760,3,2.5,12,0,2.0,3,9,545000.0
2650,3,2.5,9,0,2.0,3,9,660000.0
5160,5,4.5,19,0,2.0,3,12,1900000.0
1480,4,2.0,40,0,1.0,4,7,260000.0
860,3,1.0,70,0,1.0,3,6,219900.0
2610,4,2.5,11,0,2.0,3,8,373500.0
1470,2,1.0,65,0,1.0,4,6,380000.0
4570,4,2.5,24,0,2.0,3,11,1060000.0
3410,3,3.0,42,1,2.0,4,10,2600000.0
1760,3,2.25,31,0,2.0,4,8,450000.0
2040,3,1.75,27,0,1.0,3,8,379950.0
3470,3,3.5,6,0,3.0,3,9,834800.0
680,2,1.0,97,0,1.0,3,6,365000.0
1494,2,2.0,71,1,2.0,3,7,465000.0
1250,3,1.5,59,0,1.0,3,7,452000.0
3570,3,3.0,30,0,2.0,3,10,840000.0
2000,4,2.0,84,0,1.5,3,7,465000.0
2030,3,2.5,12,0,2.0,3,7,295000.0
1390,3,1.0,66,0,1.0,4,7,396000.0
1030,2,1.0,73,0,1.5,3,7,397000.0
1280,3,1.0,60,0,1.5,4,6,240000.0
2370,3,2.5,28,0,2.0,3,9,300523.0
1380,3,2.0,68,0,2.0,2,7,215500.0
2320,5,3.0,28,0,1.0,4,8,552500.0
2050,5,1.5,46,0,1.0,3,7,375000.0
1210,3,1.0,96,0,1.0,2,6,160000.0
3270,4,2.5,25,0,2.0,3,11,1070000.0
2450,3,2.5,92,0,2.0,4,9,952000.0
1890,5,1.75,108,0,1.5,3,7,523460.0
2007,4,2.5,5,0,2.0,3,9,305950.0
1430,3,2.5,24,0,2.0,3,7,220000.0
2056,2,1.75,35,0,1.0,4,7,289000.0
2210,5,2.5,51,0,1.0,3,9,648000.0
2330,5,1.75,78,0,1.5,3,8,825000.0
2070,4,2.0,32,0,2.0,3,7,400000.0
1480,2,2.5,5,0,3.0,3,7,420000.0
1160,2,1.75,66,0,2.0,4,7,389000.0
2520,4,2.5,108,0,2.0,3,8,865000.0
1770,2,1.0,57,0,1.0,3,8,345000.0
3110,3,2.5,20,0,2.0,3,8,700000.0
1680,3,2.5,33,0,2.0,3,8,550000.0
1320,3,1.0,102,0,1.5,3,7,201500.0
1320,3,1.0,103,0,1.5,3,7,459000.0
1810,3,2.5,30,0,1.0,3,8,327000.0
1140,1,1.0,94,0,1.5,3,7,540000.0
4600,5,2.5,58,0,1.0,3,9,805000.0
1840,3,2.0,106,0,1.0,4,6,521000.0
2000,3,1.5,49,0,1.0,3,7,375000.0
1480,3,1.75,37,0,1.0,4,7,235000.0
2040,4,2.5,20,0,2.0,3,7,240000.0
2060,4,2.25,46,0,1.0,4,8,575000.0
3720,6,3.5,11,0,2.0,3,10,1520000.0
3002,4,2.5,10,0,2.0,3,8,394500.0
1060,3,1.0,44,0,1.0,5,6,174950.0
1830,4,2.0,48,0,1.0,4,7,383000.0
1550,3,2.0,56,0,1.0,4,6,249950.0
1690,3,2.5,36,0,2.0,3,8,431000.0
2580,3,1.75,63,0,1.0,4,7,459900.0
2510,5,2.5,37,0,1.0,4,7,475000.0
1290,3,2.25,27,0,2.0,4,8,605000.0
1450,4,2.0,48,0,1.0,3,7,234950.0
2690,4,2.5,21,0,2.0,3,8,419000.0
3340,4,3.25,51,0,1.5,3,9,910000.0
2600,4,2.5,23,0,2.0,3,8,392000.0
3140,3,2.5,13,0,2.0,3,9,915000.0
3800,3,3.25,31,0,2.0,3,9,630000.0
2320,4,1.75,58,0,1.0,3,8,416100.0
2360,4,2.5,49,0,1.0,4,7,285000.0
1100,4,1.5,55,0,1.0,4,6,353000.0
1390,3,2.0,24,0,1.0,3,8,297950.0
2180,2,2.0,80,0,2.0,3,8,750000.0
1730,3,3.0,9,0,3.5,3,8,525000.0
2760,5,1.75,46,0,1.0,3,8,495000.0
2430,3,1.75,65,0,1.0,5,7,710000.0
2010,3,2.0,61,0,1.0,3,8,310000.0
1730,5,1.75,36,0,1.0,4,7,205000.0
2450,3,3.0,11,0,1.5,3,8,530000.0
3300,4,2.5,16,0,2.0,3,9,725000.0
720,2,1.0,67,0,1.0,4,6,195000.0
1240,3,2.0,30,0,1.0,3,7,401000.0
3050,5,2.5,52,0,1.0,4,8,1030000.0
1590,3,1.5,44,0,1.5,4,7,251000.0
2040,3,2.0,65,0,1.0,4,7,667500.0
1840,4,2.5,10,0,2.0,3,8,300000.0
1960,4,2.25,41,0,2.0,4,8,610000.0
4110,4,5.0,36,0,2.0,4,11,1042030.0
1830,3,2.25,38,0,1.0,3,8,430000.0
1330,2,1.0,65,0,1.0,2,6,455000.0
2190,5,2.0,49,0,1.0,5,7,600000.0
1720,3,3.25,11,0,2.5,3,9,638000.0
1710,3,1.75,96,0,1.0,4,7,561000.0
2180,3,2.5,37,0,1.0,4,8,625000.0
1700,3,1.75,38,0,1.0,5,7,263950.0
2960,3,2.5,36,0,2.0,4,9,740000.0
1330,3,1.0,66,0,1.0,3,6,234999.0
1940,4,2.5,11,0,2.0,3,8,380000.0
1500,3,2.25,25,0,1.0,3,7,329500.0
2230,4,2.5,36,0,1.0,4,7,464950.0
1700,3,2.25,30,0,1.0,3,8,500000.0
1840,4,1.5,64,0,1.5,4,7,415000.0
2100,3,2.25,31,0,2.0,3,8,437500.0
2580,7,2.5,113,0,1.0,4,7,599000.0
2350,4,2.5,17,0,2.0,3,8,367000.0
760,2,1.0,93,0,1.0,3,6,530000.0
3280,5,3.5,11,0,2.0,3,9,989000.0
1320,3,2.0,74,0,1.0,4,6,462600.0
1690,3,2.5,42,0,1.0,3,8,875000.0
2060,3,2.25,38,0,1.0,4,8,335000.0
1450,4,2.0,63,0,1.0,5,7,393000.0
2760,4,3.0,76,0,2.0,4,9,1340000.0
2830,3,2.5,14,0,2.0,3,9,590000.0
1890,4,2.75,0,0,2.0,3,9,671000.0
2610,3,3.25,105,0,1.5,4,9,925000.0
1900,3,2.25,47,0,1.0,3,7,245000.0
930,3,1.0,63,0,1.0,3,7,392500.0
2730,4,2.0,16,0,1.0,4,8,505000.0
2650,4,2.5,1,0,2.0,3,8,702000.0
1010,2,1.0,67,0,1.0,3,7,337000.0
3550,4,2.5,18,0,2.0,3,9,920000.0
2130,3,1.75,55,0,1.0,3,7,495500.0
1840,2,1.75,76,0,1.0,3,7,245000.0
1320,2,1.0,105,0,1.5,4,6,395000.0
990,3,1.0,45,0,1.0,3,7,335000.0
1020,2,1.75,31,0,1.0,4,6,187000.0
1570,4,2.0,54,0,1.0,4,7,450000.0
1930,4,2.25,26,0,1.0,4,7,280000.0
3760,5,4.0,45,0,1.0,4,11,1375000.0
1000,2,1.0,54,0,1.0,3,6,265000.0
1930,3,1.75,57,0,1.0,3,8,795000.0
2240,3,1.5,85,0,2.0,3,8,510000.0
2190,4,2.5,42,0,1.0,4,8,699900.0
2400,4,2.75,56,0,1.0,4,8,839000.0
1970,4,1.75,46,0,1.0,4,7,396000.0
2860,3,2.25,32,0,2.0,3,7,365000.0
1900,3,2.25,44,0,1.0,3,8,440000.0
2090,4,2.5,17,0,2.0,3,8,405000.0
850,3,1.5,28,0,1.0,3,7,295000.0
1840,4,2.5,10,0,2.0,3,7,275000.0
820,2,1.0,84,0,1.0,3,6,295000.0
4370,5,3.5,24,0,2.0,3,11,1500000.0
3190,3,3.5,20,0,2.0,3,10,795000.0
3480,5,3.5,31,0,2.0,4,8,650000.0
1690,3,1.0,55,0,1.0,4,7,260000.0
1650,2,2.5,6,0,2.0,3,8,382000.0
2590,4,2.5,30,0,2.0,3,8,790100.0
2160,4,2.5,21,0,2.0,3,7,220000.0
3500,4,3.5,20,0,2.0,3,9,799000.0
3920,4,2.25,86,0,2.0,3,10,1480000.0
2190,4,2.75,21,0,2.0,3,8,367300.0
1890,4,2.0,108,0,1.5,3,7,805000.0
1860,2,1.0,94,0,1.0,3,7,730000.0
1720,3,2.0,45,0,1.0,4,7,402000.0
2600,4,2.75,38,0,1.0,3,8,750000.0
1570,3,1.5,42,0,1.0,4,7,458000.0
3530,3,2.5,17,0,2.0,3,10,898000.0
1960,4,2.5,17,0,2.0,3,7,308000.0
2230,3,2.5,11,0,2.0,3,7,385000.0
2720,4,3.0,86,0,1.5,5,8,1020000.0
2840,5,3.0,109,0,2.0,5,9,1425000.0
1260,3,1.75,30,0,1.0,3,7,240000.0
1860,3,1.5,47,0,1.0,4,7,217000.0
2010,4,1.75,77,0,1.0,5,8,972000.0
820,2,1.0,70,0,1.0,4,7,361280.0
1220,3,1.75,109,0,1.0,3,6,385000.0
2220,3,2.5,27,0,2.0,4,8,475000.0
2860,4,2.5,91,0,1.5,5,7,724950.0
4230,5,4.5,15,0,2.0,3,10,935000.0
840,3,1.0,53,0,1.0,4,6,169950.0
2290,3,2.5,13,0,2.0,3,9,585000.0
2290,3,2.5,14,0,2.0,3,9,585000.0
3480,5,3.5,11,0,2.0,3,10,480000.0
4260,4,2.5,79,0,1.5,4,8,635000.0
2230,3,2.5,11,0,2.0,3,7,368750.0
3080,6,2.0,114,0,2.0,1,7,432500.0
2250,3,2.5,10,0,2.0,3,8,589000.0
3160,4,3.25,11,0,2.0,3,9,840000.0
1770,3,2.5,10,0,2.0,3,7,316500.0
2880,4,2.5,9,0,2.0,3,7,536000.0
2690,4,2.75,37,0,1.0,3,8,563750.0
1730,4,1.0,44,0,1.5,4,6,152500.0
1730,4,1.0,45,0,1.5,4,6,267950.0
4780,5,4.0,21,0,2.0,3,11,1640000.0
2540,4,2.5,37,0,2.0,5,7,269950.0
2630,4,3.0,8,0,2.0,3,9,731688.0
1890,3,1.5,55,0,1.0,3,7,240000.0
1220,2,1.0,53,0,1.0,3,7,555950.0
710,2,1.0,73,0,1.0,3,6,289000.0
2970,3,2.5,19,0,1.0,3,9,525000.0
2970,3,2.5,19,0,1.0,3,9,745000.0
1000,2,1.0,75,0,1.0,3,7,397000.0
1980,3,1.0,50,0,1.0,3,7,233000.0
1920,4,2.25,35,0,2.0,4,8,625000.0
2740,3,2.0,26,0,2.0,3,10,535000.0
1740,3,2.25,42,0,1.0,3,7,270000.0
1300,3,1.75,47,0,1.0,3,7,360000.0
2740,4,1.5,109,0,2.0,5,9,1105000.0
4060,4,1.75,61,0,2.0,3,10,970000.0
3490,5,2.5,56,0,1.0,4,9,915000.0
1430,4,1.75,54,0,1.0,4,7,412000.0
1860,4,1.75,52,0,1.0,4,7,265000.0
2120,4,2.25,38,0,1.0,4,7,426000.0
1860,4,2.25,36,0,1.0,3,8,266000.0
2330,3,2.0,114,0,1.5,3,6,325000.0
1670,3,1.75,61,0,1.0,5,7,615000.0
2130,3,1.75,36,0,1.0,3,8,310000.0
1900,4,1.75,41,0,1.0,3,7,340000.0
1170,2,1.0,110,0,1.5,4,5,562500.0
980,2,1.0,4,0,2.0,3,8,447000.0
4670,7,4.25,22,0,2.0,3,11,2450000.0
2500,4,1.5,53,0,1.0,4,7,250000.0
2020,4,2.5,25,0,2.0,3,8,633000.0
1290,3,2.0,11,0,3.0,3,7,310000.0
1620,2,1.75,19,0,1.5,3,7,439000.0
1710,3,3.25,11,0,2.0,3,8,470000.0
1720,3,2.5,47,0,1.0,4,7,270000.0
1820,3,1.75,20,0,2.0,3,7,299500.0
1130,3,1.0,60,0,1.0,4,6,227000.0
3040,4,2.75,48,1,2.0,3,8,735000.0
2410,3,3.0,72,0,2.0,3,7,537000.0
2440,4,2.5,44,0,1.0,4,9,699000.0
800,2,1.0,85,0,1.0,3,6,330000.0
1030,3,1.0,60,0,1.0,3,7,229000.0
1480,3,1.0,67,0,1.0,4,6,200000.0
1710,3,1.75,48,0,1.0,4,8,522500.0
3450,3,2.75,90,0,1.5,4,9,1295000.0
2610,3,3.25,8,1,2.0,3,9,2000000.0
780,2,0.75,69,0,1.0,4,4,200000.0
1260,3,1.75,44,0,1.0,3,7,352000.0
2590,4,3.0,51,0,2.0,3,9,855000.0
1580,3,2.5,21,0,2.0,3,8,267000.0
1660,2,1.75,72,0,1.0,3,7,484000.0
2950,4,2.75,40,0,1.0,4,8,402000.0
2240,4,2.25,115,0,2.0,3,8,905000.0
1940,4,1.75,48,0,1.0,4,7,274000.0
1850,3,1.75,53,0,1.0,4,7,475000.0
5770,4,4.5,65,0,1.0,5,9,1535000.0
2280,4,2.0,114,0,1.0,3,7,628000.0
2740,6,1.75,61,0,1.0,3,8,675000.0
3760,4,3.25,7,0,2.0,3,8,429900.0
1580,3,1.5,60,0,1.0,3,7,260000.0
1600,3,1.75,73,0,1.0,3,7,690000.0
2100,4,2.25,54,0,1.0,5,9,1081000.0
2610,4,2.5,27,0,2.0,3,8,360000.0
1840,3,1.75,104,0,1.0,4,7,499000.0
1320,3,1.0,62,0,1.0,3,7,159000.0
1540,3,1.75,68,0,1.0,4,7,430000.0
2520,5,2.75,56,0,1.0,3,8,1050000.0
3780,5,2.5,36,0,1.0,4,9,725000.0
1200,3,1.0,55,0,1.0,3,7,150000.0
2720,4,2.25,38,0,2.0,4,9,840000.0
3100,4,2.5,4,0,2.0,3,9,499000.0
1630,3,1.75,46,0,1.0,3,7,285000.0
1910,4,2.5,28,0,1.0,3,7,340000.0
1580,4,2.0,60,0,1.0,4,7,405100.0
1690,3,2.5,11,0,2.0,3,7,464000.0
1960,4,2.25,55,0,1.0,4,8,723000.0
4300,8,3.25,35,0,2.0,4,8,430000.0
1840,3,1.75,108,0,1.0,3,7,645000.0
3480,4,2.75,36,0,2.0,4,10,1580000.0
2710,5,3.0,95,0,2.0,3,7,925000.0
2100,4,1.75,39,0,1.0,3,7,759000.0
1760,4,2.0,60,0,1.0,3,8,690000.0
2155,4,2.5,19,0,2.0,3,8,358800.0
1720,5,1.5,90,0,1.5,3,7,683000.0
1430,3,1.0,90,0,1.5,3,7,650000.0
2790,5,2.75,65,0,1.5,4,7,288000.0
1180,3,1.5,46,0,1.0,4,7,209950.0
2450,3,3.5,81,0,2.0,3,8,939000.0
1330,3,1.0,60,0,1.0,3,7,320000.0
1940,3,2.25,25,0,2.0,3,7,283748.0
1600,3,2.25,27,0,1.0,3,7,370000.0
3210,4,2.75,26,0,1.0,4,8,399950.0
2880,5,2.5,38,0,1.0,3,8,360000.0
1160,2,1.5,64,0,1.0,4,7,365000.0
1360,3,2.0,25,0,2.0,3,7,396900.0
2014,3,2.5,10,0,2.0,3,7,321000.0
1440,3,2.0,30,0,1.0,3,7,245000.0
1570,2,1.0,83,0,1.5,3,8,502000.0
2330,4,2.75,24,0,1.0,3,8,257000.0
1880,4,1.75,38,0,1.0,3,7,423000.0
1850,4,2.25,58,0,1.0,4,7,485000.0
2230,4,2.5,12,0,2.0,3,8,500000.0
990,2,1.0,97,0,1.5,4,6,442000.0
1720,3,1.75,90,0,1.5,3,7,475000.0
3230,4,2.25,29,0,2.0,3,8,625000.0
1180,3,1.0,70,0,1.0,3,6,194000.0
1450,3,2.25,25,0,2.0,3,7,410000.0
2370,4,2.5,11,0,2.0,3,9,1034500.0
2570,4,2.5,9,0,2.0,3,7,490000.0
1870,4,1.75,42,0,1.0,3,7,348500.0
1220,3,1.0,114,0,1.5,3,6,380000.0
1770,3,2.0,15,0,3.0,3,8,660000.0
1500,3,1.0,72,0,1.0,3,7,525000.0
1110,3,2.0,24,0,1.0,4,7,235000.0
4980,4,3.75,9,0,2.0,3,11,1210000.0
2360,4,1.75,99,0,1.0,4,7,397950.0
1600,3,1.75,15,0,1.0,3,7,268000.0
1450,3,1.0,66,0,1.0,4,8,525000.0
2680,3,2.5,13,0,2.0,3,8,549950.0
1150,3,1.75,44,0,1.5,4,6,370000.0
1870,4,2.25,18,0,2.0,3,7,299000.0
3400,6,2.75,38,0,2.0,3,8,715000.0
1810,4,1.5,49,0,1.0,3,7,430000.0
1860,3,1.75,40,0,1.0,4,7,345000.0
3790,3,3.25,29,0,2.0,3,10,1600000.0
2130,3,2.5,20,0,1.0,4,8,534640.0
2860,3,2.5,99,0,2.0,3,8,1225000.0
2370,4,2.5,18,0,2.0,3,7,351000.0
2290,4,2.25,42,0,2.0,3,8,745000.0
1120,2,1.0,85,0,1.0,3,6,320000.0
1810,3,2.0,57,0,1.0,4,7,555700.0
3220,4,2.5,23,0,2.0,3,9,690000.0
1660,3,1.75,62,0,1.0,4,7,449000.0
850,2,1.0,64,0,1.0,4,7,308500.0
2665,4,2.5,9,0,2.0,3,9,340000.0
2580,4,2.75,98,0,1.5,5,7,937750.0
3200,4,2.5,16,0,2.0,3,10,725126.0
840,3,1.0,72,0,1.0,3,5,135000.0
2970,4,2.5,46,0,1.0,3,8,635000.0
790,2,1.0,64,0,1.0,3,6,245500.0
2140,6,1.5,111,0,1.5,4,8,230000.0
2580,3,2.5,64,0,1.0,4,9,1770000.0
2180,5,2.5,59,0,1.0,4,7,425000.0
1060,2,1.0,50,0,1.5,3,7,220000.0
1860,3,2.0,75,0,1.5,3,8,370000.0
1840,3,2.0,42,0,1.0,5,7,390000.0
1340,3,1.75,46,0,1.0,4,7,239000.0
2320,4,2.25,42,0,2.0,3,8,345000.0
2110,3,2.5,29,0,1.0,4,7,289000.0
1840,5,1.5,53,0,1.5,4,7,285000.0
1080,3,2.0,59,0,1.0,2,7,147400.0
1290,2,1.0,91,0,1.0,3,7,600000.0
2210,3,2.25,47,0,1.0,3,7,245000.0
2210,3,2.25,48,0,1.0,3,7,520000.0
1410,3,2.25,27,0,1.0,3,7,352500.0
3740,5,3.5,17,0,2.0,3,9,448000.0
2440,4,2.75,51,0,1.0,3,7,270000.0
2040,3,2.5,63,0,1.0,3,8,872500.0
3840,4,3.25,76,0,1.5,4,10,2152500.0
1660,3,1.5,52,0,1.0,3,7,225000.0
1640,4,2.0,103,0,1.5,4,9,735000.0
1310,3,1.0,43,0,1.0,3,7,375000.0
1720,3,1.75,36,0,1.0,3,8,169000.0
1720,3,1.75,37,0,1.0,3,8,279950.0
4020,4,2.75,26,0,2.0,4,10,1950000.0
1960,3,2.25,11,0,2.0,3,7,310000.0
3240,4,2.5,36,0,2.0,4,9,975000.0
3610,10,2.0,56,0,2.0,4,7,650000.0
1800,2,1.5,72,0,1.0,3,7,930000.0
1960,4,1.5,103,0,1.0,3,7,412000.0
1250,3,1.0,50,0,1.0,3,6,225000.0
2120,3,2.5,11,0,2.0,3,8,507000.0
3860,4,4.0,88,0,2.0,4,12,1755000.0
1340,3,2.5,19,0,2.0,3,7,230000.0
1780,1,2.0,14,0,2.0,3,10,316000.0
3920,5,3.25,0,0,2.0,3,9,616200.0
1690,3,1.75,30,0,1.0,3,8,509900.0
2570,4,2.5,28,0,2.0,3,8,370000.0
1870,3,1.75,38,0,1.0,3,7,619100.0
2860,3,2.25,58,0,1.0,5,8,805000.0
1670,2,1.5,65,0,1.0,3,7,612125.0
1070,2,1.5,11,0,3.0,3,8,350000.0
940,2,1.0,54,0,1.0,3,7,225000.0
2588,3,2.5,6,0,2.0,3,8,335000.0
3500,5,3.25,14,0,2.0,3,11,972800.0
1690,3,1.75,42,0,1.0,3,7,500000.0
3790,4,3.75,83,0,2.0,3,10,2200000.0
1090,3,1.5,48,0,1.0,4,7,415000.0
2240,3,3.0,64,0,2.0,4,7,399000.0
1150,2,1.0,67,0,1.0,3,7,376000.0
1870,3,2.0,101,0,1.0,3,7,340000.0
2990,5,2.75,17,0,2.0,3,8,490000.0
2580,4,2.5,10,0,2.0,3,7,374000.0
2220,4,1.0,88,0,1.5,4,7,852000.0
1620,3,2.25,27,0,2.0,3,7,473000.0
2590,3,1.75,47,0,1.0,3,8,540000.0
1390,2,2.0,55,0,1.0,3,8,431000.0
2270,4,3.0,36,0,1.0,3,7,435000.0
2920,4,3.0,50,0,1.0,5,8,1051000.0
1250,3,2.75,4,0,2.0,3,8,450000.0
1100,3,1.0,80,0,1.0,3,6,157500.0
1500,3,1.75,38,0,1.0,4,8,244000.0
2800,3,2.5,14,0,2.0,3,9,550000.0
3420,4,2.5,14,0,2.0,3,10,975000.0
2100,4,2.75,25,0,1.0,3,6,426500.0
1790,3,1.0,110,0,1.5,5,7,350000.0
1790,3,1.0,111,0,1.5,5,7,615000.0
2220,3,2.25,30,0,2.0,3,8,542000.0
2000,4,1.75,58,0,1.0,5,7,710000.0
1770,3,2.5,27,0,1.0,3,8,289950.0
4280,4,2.75,67,0,2.0,3,9,1900000.0
1260,2,1.0,89,0,1.5,4,7,528000.0
840,2,1.0,66,0,1.0,4,7,471000.0
1830,4,2.75,13,0,2.0,3,8,250000.0
970,3,1.5,48,0,1.0,3,7,155000.0
1740,4,1.5,68,0,1.5,4,7,515000.0
1654,3,2.25,20,0,2.0,3,7,336600.0
2390,3,2.25,90,0,2.0,5,8,915000.0
1080,2,1.75,30,0,2.0,4,7,350000.0
2610,4,1.75,48,0,1.0,4,8,1300000.0
1070,3,1.0,48,0,1.0,3,7,175000.0
1430,2,2.0,66,0,1.0,4,7,545000.0
2400,4,3.0,49,0,2.0,4,7,475000.0
670,2,1.0,12,0,1.0,3,5,390000.0
2860,4,2.5,19,0,2.0,3,8,645000.0
2270,3,1.5,60,0,1.0,4,8,410000.0
2180,4,2.5,18,0,2.0,3,8,480000.0
1860,3,1.75,55,0,2.0,4,8,725000.0
6040,6,4.5,18,0,2.0,3,11,1150000.0
1010,2,1.0,67,0,1.0,3,6,300000.0
2570,4,2.5,54,0,1.0,3,8,752000.0
1950,4,2.5,10,0,2.0,3,8,585000.0
1970,3,1.75,42,0,1.0,4,8,678700.0
2110,4,2.25,40,0,2.0,3,9,603000.0
1650,3,1.75,87,0,1.5,4,7,715000.0
3520,4,3.0,33,0,2.0,4,10,1395000.0
2840,3,2.5,18,0,2.0,3,11,1085000.0
1490,2,1.75,97,0,1.0,4,7,467500.0
1650,3,2.25,29,0,1.0,3,7,359000.0
1960,4,2.0,92,0,1.0,3,8,745000.0
2450,3,2.25,36,0,1.0,4,7,450000.0
1720,3,2.0,105,0,1.5,3,8,935000.0
1980,3,2.5,5,0,2.0,3,8,615000.0
4110,3,2.5,38,0,2.0,3,7,1031000.0
1990,4,2.5,16,0,2.0,3,7,283500.0
860,2,1.0,67,0,1.0,3,6,340000.0
2320,4,2.5,21,0,2.0,3,8,370000.0
4190,3,2.5,15,0,2.0,3,10,1150000.0
1940,4,1.0,52,0,1.0,3,7,265000.0
2520,4,2.25,106,0,2.0,3,8,480000.0
1880,3,2.0,87,0,1.0,5,7,667500.0
2910,3,2.5,26,0,2.0,4,10,1398000.0
5310,7,4.75,1,0,2.0,3,10,2300000.0
2670,3,2.25,48,0,1.0,4,7,465000.0
470,1,1.0,90,0,1.0,5,5,192500.0
1060,3,1.0,72,0,1.0,4,6,345000.0
1120,3,1.5,58,0,1.0,5,7,439800.0
2250,4,1.75,56,0,1.0,4,7,468000.0
2070,4,2.5,38,0,1.0,4,8,775000.0
2370,4,2.25,35,0,2.0,4,8,684680.0
3570,4,3.5,25,0,2.0,3,11,910000.0
1160,3,1.75,38,0,1.0,4,7,375000.0
1610,3,2.5,20,0,2.0,3,7,250000.0
1840,4,2.25,41,0,1.0,4,7,442500.0
4080,3,3.5,14,0,1.5,3,10,900000.0
1820,3,2.0,77,0,2.0,3,8,699000.0
2680,4,2.0,49,0,1.0,5,8,360000.0
4790,4,4.75,15,0,2.0,3,12,1675000.0
2420,5,2.0,49,0,1.5,3,8,675000.0
1130,2,1.0,93,0,1.0,4,7,345000.0
1320,4,1.0,87,0,1.5,3,7,229000.0
1290,3,1.0,107,0,1.5,3,6,300000.0
1600,3,3.25,16,0,3.0,3,8,392500.0
1120,3,1.0,102,0,1.0,4,7,552000.0
2060,2,1.75,74,0,1.0,3,7,457000.0
2830,4,2.5,21,0,2.0,3,8,518000.0
1210,3,2.0,29,0,1.0,4,7,237000.0
1560,3,2.25,27,0,1.0,3,7,399950.0
2260,3,2.25,25,0,2.0,3,7,605000.0
1850,4,2.5,21,0,2.0,3,7,295000.0
1930,4,2.5,37,0,1.0,3,7,513000.0
3230,4,2.5,10,0,2.0,3,9,772500.0
3230,4,2.5,10,0,2.0,3,9,765000.0
2450,4,2.75,94,0,1.5,4,7,696950.0
1200,3,1.0,87,0,1.5,3,7,329000.0
2360,3,2.5,19,0,2.0,3,8,339999.0
1060,3,1.0,55,0,1.0,3,7,364500.0
2220,5,1.75,91,0,1.5,3,7,607500.0
880,3,1.0,54,0,1.0,3,6,550000.0
2510,4,2.0,55,0,1.0,3,8,479900.0
2530,4,4.0,2,0,3.0,3,9,1120280.0
700,2,1.0,61,0,1.0,3,6,192000.0
1500,3,2.0,38,0,1.0,3,7,250000.0
1130,3,2.0,18,0,2.0,3,6,340000.0
1420,3,2.0,72,0,1.0,5,7,340000.0
2210,3,2.25,38,0,1.0,5,8,635250.0
1170,2,1.0,66,0,1.0,3,6,324800.0
780,2,1.0,72,0,1.0,1,5,78000.0
1770,4,1.75,27,0,1.0,3,8,400000.0
1070,3,1.0,96,0,1.0,4,7,640500.0
1930,3,2.0,51,0,1.0,3,8,570000.0
1940,3,1.5,114,0,1.5,3,8,1330000.0
1440,3,2.75,35,0,1.0,4,7,330490.0
1740,3,2.5,15,0,2.0,3,7,325000.0
1740,3,2.5,16,0,2.0,3,7,335000.0
2210,5,2.75,51,0,1.0,5,7,314000.0
2190,4,2.0,89,0,1.5,5,8,625000.0
2590,3,2.5,26,0,2.0,3,9,809000.0
2790,3,2.5,24,0,2.0,3,9,535000.0
2180,5,1.75,51,0,1.0,3,7,275000.0
2580,4,2.75,48,0,1.0,4,7,358000.0
2820,3,2.25,68,0,1.0,4,7,297975.0
1300,2,1.75,70,0,1.0,4,7,492000.0
720,2,1.0,71,0,1.0,3,6,210000.0
2260,3,2.5,86,0,1.5,4,7,622500.0
1550,3,2.5,10,0,3.0,3,8,550000.0
1390,3,1.75,50,0,1.0,5,7,190000.0
2380,4,2.5,14,0,2.0,3,8,340000.0
2640,3,2.5,11,0,2.0,3,9,678000.0
2260,5,2.0,53,0,1.0,4,7,275000.0
1720,3,2.75,67,0,1.0,4,7,493000.0
1070,3,1.0,54,0,1.0,3,7,147000.0
2000,3,2.25,30,0,2.0,4,7,334000.0
2800,4,2.5,44,0,1.0,3,8,605000.0
1450,3,1.75,39,0,1.0,4,8,365000.0
1620,3,1.0,56,0,1.0,4,6,345000.0
2710,3,2.5,58,0,1.0,3,9,999000.0
1520,2,1.75,105,0,1.0,4,7,470000.0
2730,5,2.75,46,0,1.0,3,7,599000.0
1740,3,2.25,37,0,1.0,5,7,255000.0
1800,4,1.75,40,0,1.0,4,7,295000.0
4150,4,3.5,8,0,2.0,3,10,550000.0
3270,5,3.5,3,0,2.0,3,9,1305000.0
1070,2,1.0,93,0,1.0,4,5,225000.0
1960,4,0.75,91,1,1.0,4,7,520000.0
1600,3,3.25,14,0,2.0,3,8,345000.0
1650,4,1.75,64,0,1.0,4,7,475000.0
2170,5,1.5,55,0,1.0,4,7,497500.0
3730,3,3.0,24,0,1.5,4,9,649500.0
3280,4,2.75,11,0,2.0,3,10,734500.0
870,3,1.0,61,0,1.0,3,7,276000.0
900,2,1.0,86,0,1.0,1,6,235000.0
1400,2,1.0,40,0,1.0,4,7,325000.0
1680,4,2.75,35,0,1.0,4,7,425000.0
2390,4,2.0,66,0,2.0,3,7,307000.0
2300,3,2.5,93,0,1.5,4,8,635000.0
1340,3,1.75,41,0,1.0,4,7,223000.0
2600,3,2.75,21,0,2.0,3,9,425000.0
1640,3,2.25,26,0,1.0,4,7,190000.0
1960,4,1.75,47,0,1.0,4,8,275000.0
1480,3,2.5,9,0,2.0,3,8,450000.0
5010,4,3.25,26,0,2.0,3,12,1468000.0
1540,4,2.0,101,0,1.5,4,7,550000.0
4030,4,2.75,71,0,2.0,3,8,835000.0
3020,6,3.0,62,0,2.0,3,8,900000.0
1590,2,2.0,31,0,1.0,3,7,290000.0
2910,4,2.5,0,0,2.0,3,10,1035000.0
3020,4,2.5,39,0,1.0,4,8,780000.0
2290,3,2.0,35,0,2.0,3,9,572500.0
2180,3,1.75,77,0,1.0,4,7,389000.0
2740,4,1.75,42,0,1.0,3,7,350000.0
2740,4,2.5,21,0,2.0,3,9,476000.0
2330,2,3.0,87,0,2.0,5,10,1046250.0
2300,3,2.25,36,0,1.0,4,8,287000.0
1550,4,4.0,107,0,1.5,5,7,707500.0
1750,4,2.5,67,0,1.0,4,7,464500.0
2180,3,1.5,73,0,1.0,4,8,720000.0
1610,3,2.5,20,0,2.0,5,7,319000.0
1570,3,1.0,61,0,1.0,3,7,330000.0
1140,3,1.75,45,0,1.0,4,7,120750.0
1140,3,1.75,45,0,1.0,4,7,195000.0
2480,4,1.5,69,0,1.0,3,7,650000.0
1690,3,1.75,56,0,1.0,4,8,530000.0
2910,4,3.0,45,0,1.0,5,8,825000.0
1600,4,2.0,42,0,1.0,3,7,436000.0
1010,2,1.0,89,1,1.0,1,5,658000.0
1850,3,2.0,74,0,1.0,4,7,547500.0
2150,3,1.75,108,0,2.0,4,8,762000.0
2650,3,1.75,63,0,1.0,3,7,340000.0
2510,4,1.75,61,0,1.0,4,9,880000.0
3240,4,2.5,6,0,2.0,3,9,1220000.0
3440,4,2.5,3,1,2.0,3,8,1950000.0
1150,3,2.0,62,0,1.0,3,7,382500.0
1890,3,1.75,39,0,1.0,3,7,344500.0
1430,4,2.75,33,0,1.0,3,7,375000.0
370,1,0.75,91,0,1.0,5,5,276000.0
3130,5,3.25,39,0,2.0,3,8,500000.0
2105,4,2.5,11,0,2.0,3,8,330000.0
890,3,1.0,64,0,1.0,3,7,328000.0
1340,3,1.5,43,0,1.0,3,7,450000.0
2290,4,2.25,66,1,1.0,3,7,840500.0
2770,3,2.5,57,0,2.0,3,8,679000.0
1890,3,1.5,57,0,1.0,3,7,270000.0
3160,5,2.25,38,0,2.0,3,8,757500.0
1830,2,2.5,9,0,2.0,3,7,524950.0
2950,4,2.75,54,0,1.0,4,8,424900.0
1430,3,1.0,61,0,1.0,5,7,551100.0
1420,3,2.0,46,0,1.0,5,7,421000.0
2460,4,1.75,62,0,2.0,4,8,635000.0
1340,3,1.0,94,0,1.5,4,7,255000.0
1530,4,1.0,60,0,1.0,3,7,419950.0
2650,6,3.0,37,0,1.0,4,7,325000.0
1677,4,2.25,3,0,2.0,3,7,281000.0
2050,3,1.75,52,0,1.0,3,7,655275.0
2520,3,2.0,83,0,1.0,5,8,861000.0
2620,3,3.5,37,0,2.0,4,9,850000.0
1650,3,2.5,24,0,1.0,3,8,246000.0
700,2,1.0,88,0,1.0,4,6,380000.0
3430,4,2.5,16,0,2.0,3,10,813000.0
3140,4,2.5,26,0,2.0,3,10,990000.0
2350,3,2.5,11,0,2.0,3,7,650000.0
1990,4,3.0,24,0,2.0,3,7,273000.0
2050,4,2.5,25,0,2.0,3,7,398000.0
930,2,1.0,76,0,1.0,4,6,200000.0
1230,3,1.0,59,0,1.0,3,7,839000.0
1870,3,2.5,30,0,1.0,3,7,502000.0
2110,3,2.25,41,0,1.0,4,7,305000.0
3160,5,3.25,34,0,2.0,4,8,574950.0
1120,3,1.0,72,0,1.0,3,7,311000.0
2750,3,2.25,55,1,1.0,5,7,1650000.0
1230,3,1.0,52,0,1.0,5,7,387000.0
1190,3,1.5,66,0,1.5,3,7,375000.0
740,2,1.0,94,0,1.0,5,6,175000.0
1770,4,2.5,11,0,2.0,3,7,248000.0
1720,4,2.25,60,0,1.0,3,8,336750.0
2770,4,2.5,25,0,2.0,4,9,685000.0
2330,4,2.75,10,0,2.0,3,9,645000.0
1660,3,2.5,11,0,2.0,3,7,279000.0
1730,2,2.5,7,0,3.5,3,8,479000.0
1880,3,2.25,53,0,1.0,3,7,466000.0
2190,4,2.75,20,0,2.0,3,7,361500.0
1720,3,1.75,19,0,1.0,3,7,404000.0
2360,4,3.25,25,0,2.0,3,8,319000.0
1490,3,1.5,46,0,1.0,4,6,320000.0
3490,4,3.75,0,0,2.0,3,9,1311000.0
2370,3,2.75,43,0,1.0,4,9,1000000.0
2290,4,2.5,37,0,2.0,4,8,660000.0
1790,4,3.0,114,0,1.5,3,8,546000.0
1820,4,1.75,88,0,1.0,4,6,300000.0
1760,2,1.5,50,0,1.0,4,7,500000.0
2430,4,2.5,11,0,2.0,4,8,381500.0
2630,3,2.25,49,0,2.0,4,9,990000.0
2390,4,2.5,9,0,2.0,3,8,278226.0
1500,2,1.75,68,0,1.0,4,7,340000.0
2510,4,2.5,37,0,1.0,3,8,305000.0
2420,4,2.5,56,0,1.0,3,8,760000.0
2170,4,1.5,62,0,2.0,3,7,195000.0
1960,4,1.75,55,0,1.0,4,7,564000.0
2280,4,2.25,37,0,1.0,3,8,539500.0
1580,4,1.5,69,0,1.0,3,6,299980.0
1850,4,2.5,21,0,2.0,3,7,290000.0
770,2,1.0,68,0,1.0,4,6,257000.0
2120,4,3.0,29,0,1.5,3,8,518500.0
3060,4,2.75,32,0,1.0,3,9,657000.0
2680,3,2.25,30,0,2.0,3,7,590000.0
2220,4,1.75,55,0,1.0,3,7,526000.0
1150,2,1.0,95,0,1.0,3,6,254500.0
980,2,1.0,106,0,1.0,5,7,575000.0
1690,3,1.5,48,0,1.0,4,7,464550.0
1320,3,1.75,45,0,1.0,4,7,409950.0
910,2,1.0,58,0,1.0,3,6,100000.0
820,2,1.5,6,0,2.0,3,7,365000.0
1300,3,1.0,55,0,1.0,4,6,208000.0
1950,4,2.5,16,0,2.0,3,7,497950.0
3672,5,3.5,8,0,2.0,3,9,405000.0
2740,3,2.5,21,0,2.0,3,9,568000.0
890,2,1.0,74,0,1.0,3,6,334000.0
1090,3,2.0,54,0,1.0,4,6,235000.0
1170,2,1.0,51,0,1.0,3,7,295000.0
2600,4,3.0,21,0,1.0,3,8,610000.0
2000,4,1.75,55,0,1.0,3,7,453500.0
3520,4,3.75,101,0,1.5,5,8,1220000.0
1410,2,1.0,47,0,1.0,3,7,175000.0
1410,2,1.0,47,0,1.0,3,7,335000.0
1950,3,1.5,58,0,1.0,4,7,275000.0
980,2,1.0,96,0,1.0,4,6,400000.0
3390,3,2.75,35,0,1.0,4,8,915000.0
2270,4,2.5,42,0,1.0,5,8,619850.0
1510,3,1.0,52,0,1.0,4,7,225900.0
960,2,1.5,104,0,1.0,3,7,525000.0
1900,4,2.25,47,0,1.0,4,7,215000.0
2580,3,2.5,28,0,2.0,3,9,802000.0
2340,4,2.5,17,0,2.0,3,9,330000.0
1580,3,2.25,56,0,1.0,4,7,549800.0
1230,4,1.0,60,0,1.5,4,6,195500.0
1590,3,2.5,22,0,2.0,3,7,338000.0
1770,4,2.25,42,0,1.0,5,7,480000.0
1850,4,2.5,53,0,1.0,3,7,383000.0
1430,3,1.75,40,0,1.0,3,7,257000.0
2190,4,2.75,19,0,2.0,4,8,335000.0
2310,4,2.5,3,0,2.0,3,8,422000.0
2000,3,1.75,51,0,1.0,5,7,560000.0
3620,4,2.75,9,0,2.0,3,10,680000.0
1210,2,1.0,62,0,1.0,3,7,320000.0
2330,3,2.5,18,0,1.0,3,10,665000.0
2840,3,2.5,13,0,2.0,3,9,751000.0
2410,6,2.75,57,0,1.0,5,7,320000.0
1820,4,1.75,97,0,2.5,4,7,290000.0
1470,4,2.0,47,0,1.0,3,7,250000.0
1100,3,1.75,51,0,1.0,5,7,423000.0
2050,4,2.5,39,0,1.0,3,8,601002.0
1240,2,1.5,13,0,2.0,3,7,352900.0
2210,3,2.5,19,0,2.0,3,9,509950.0
1340,2,1.75,6,0,3.0,3,8,360000.0
2580,4,2.75,50,0,2.0,4,8,1075000.0
2390,3,2.5,12,0,2.0,3,7,349950.0
2250,4,2.5,27,0,2.0,3,9,395000.0
2000,3,1.5,48,0,1.0,3,8,273500.0
1870,4,1.75,66,0,1.0,5,8,700000.0
2370,3,2.5,30,0,2.0,4,9,699000.0
2640,4,2.25,35,0,1.0,3,8,537000.0
1240,3,1.5,38,0,1.0,3,6,405000.0
800,2,1.0,15,0,2.0,3,7,269500.0
2050,4,2.5,49,0,1.0,3,7,260000.0
1650,3,2.25,26,0,2.0,3,7,266750.0
4320,5,3.75,76,1,2.0,3,8,1800000.0
2130,2,2.25,64,0,1.0,3,8,779000.0
2840,3,2.5,20,0,1.0,3,9,500000.0
3080,4,1.75,65,0,1.5,4,7,365000.0
1560,2,1.0,72,0,1.5,4,7,724000.0
3220,4,2.75,20,0,2.0,3,11,890000.0
1450,4,2.5,112,0,1.5,3,7,431000.0
960,2,1.0,67,0,1.0,3,6,242000.0
2670,4,2.5,16,0,2.0,3,7,415000.0
2310,7,3.75,30,0,2.0,3,8,727160.0
3520,4,3.25,36,0,1.0,4,9,1110000.0
1090,2,1.75,45,0,1.0,5,8,265000.0
2000,3,1.75,112,0,1.0,4,7,519000.0
1840,4,1.5,50,0,2.0,3,7,262000.0
3160,4,2.5,49,0,2.0,5,10,1190000.0
1520,3,1.75,23,0,1.0,4,7,295000.0
2110,3,1.75,37,0,1.0,3,7,615000.0
3410,4,2.75,56,0,1.0,5,8,1100000.0
2630,4,2.5,22,0,2.0,3,8,575000.0
1350,3,1.75,16,0,3.0,3,7,388000.0
2860,4,2.5,25,0,1.0,4,8,750500.0
2310,3,1.75,37,0,1.0,3,8,527500.0
2590,3,2.0,26,0,2.0,3,8,503000.0
3500,4,3.5,14,0,2.0,3,10,1047000.0
800,2,1.0,61,0,1.0,3,7,325000.0
1580,3,1.75,67,0,1.5,5,7,402000.0
1560,3,1.5,87,0,1.0,4,6,370000.0
1750,3,1.0,58,0,1.0,4,7,329950.0
600,2,1.0,72,0,1.0,3,5,135000.0
1630,4,3.0,24,0,1.0,5,7,482500.0
1260,4,1.5,59,0,1.5,5,7,259000.0
2140,3,2.25,36,0,1.0,4,7,210000.0
2790,4,2.75,14,0,2.0,3,9,459000.0
2530,3,1.75,37,0,1.0,4,7,375000.0
1330,3,2.25,40,0,1.0,3,7,295000.0
2700,3,2.0,52,0,1.0,4,8,910000.0
1740,4,1.0,82,0,1.5,4,7,470000.0
2070,4,2.0,75,0,1.5,4,7,565000.0
2670,4,2.25,59,0,1.0,3,8,339950.0
2200,5,3.0,44,0,1.0,3,7,547000.0
810,2,1.0,72,0,1.0,4,5,125000.0
3970,4,4.75,86,0,2.0,4,11,2300000.0
2370,3,2.5,36,0,1.0,3,8,348000.0
1460,3,1.0,54,0,1.0,2,7,175000.0
1770,3,2.5,24,0,2.0,3,8,439950.0
1120,3,1.0,81,0,1.0,4,6,230000.0
1520,3,2.5,9,0,2.0,3,7,207000.0
3020,5,2.5,36,0,1.0,4,8,320000.0
5600,5,3.25,27,0,2.0,3,10,1089000.0
1320,4,1.5,60,0,1.0,4,7,510000.0
1870,4,1.0,74,0,1.5,4,7,730000.0
2460,3,3.75,38,0,1.0,5,8,750000.0
960,3,1.5,53,0,1.0,3,7,237000.0
3440,3,2.5,24,0,2.0,3,9,560000.0
3010,3,2.75,44,0,1.0,4,8,745000.0
6030,3,3.75,23,0,2.0,3,11,1825000.0
1990,3,2.25,47,0,2.0,3,7,180000.0
1990,3,2.25,47,0,2.0,3,7,309950.0
1710,4,1.0,102,0,1.5,3,7,715000.0
1890,4,2.25,97,0,1.5,3,7,620000.0
1990,3,2.5,18,0,2.0,3,7,330000.0
1600,4,1.75,42,0,1.0,3,7,525000.0
3820,6,2.5,40,0,1.0,4,9,611000.0
2210,4,2.5,24,0,1.0,3,8,294000.0
2020,3,1.75,40,0,1.0,4,7,463000.0
1770,3,2.0,24,0,1.0,4,8,320900.0
2050,4,2.5,9,0,2.0,3,7,369950.0
3130,4,2.75,33,0,2.0,4,9,565000.0
3520,4,1.5,86,0,1.5,4,8,589500.0
1810,4,1.75,37,0,2.0,4,7,400000.0
2150,3,2.25,37,0,1.0,3,8,458000.0
2495,4,2.5,12,0,2.0,3,7,436000.0
1290,3,2.0,64,0,1.0,5,6,310000.0
3004,5,2.5,8,0,2.0,3,9,398000.0
2070,4,2.25,37,0,1.0,5,8,625000.0
4050,5,3.25,24,0,2.0,3,12,1005000.0
960,2,1.0,75,0,1.0,4,6,435000.0
1900,3,2.25,54,0,1.0,3,7,250000.0
1450,3,1.5,54,0,1.0,3,7,430000.0
2720,4,3.5,0,0,2.0,3,9,790000.0
4830,5,5.25,62,0,2.0,5,9,1681000.0
1920,4,2.75,23,0,1.0,3,7,250000.0
2540,5,1.5,60,0,2.0,4,8,1120000.0
1600,3,1.5,50,0,1.0,4,7,383900.0
2210,4,2.5,11,0,2.0,3,8,330000.0
2510,3,2.5,39,0,1.0,4,7,624000.0
2280,5,2.0,64,0,1.0,4,8,383000.0
4400,4,3.25,21,0,2.0,4,9,687000.0
3160,4,3.25,18,0,2.0,3,9,558000.0
1380,3,2.0,43,0,2.0,3,7,275000.0
3320,5,2.75,51,0,1.0,4,7,687500.0
1870,3,2.5,25,0,2.0,3,7,275000.0
3030,3,3.5,43,0,2.0,3,8,700000.0
1210,2,1.75,32,0,1.0,3,7,342500.0
2740,4,2.5,19,0,2.0,3,8,483500.0
1350,3,1.75,102,0,1.0,4,6,190000.0
1350,3,1.75,103,0,1.0,4,6,300000.0
1470,3,2.0,7,0,2.0,3,8,540000.0
1270,3,1.75,34,0,2.0,3,7,140000.0
1680,4,1.75,56,0,1.0,4,7,275000.0
2120,3,2.75,56,0,1.0,4,7,370000.0
1040,2,1.0,78,0,1.0,4,7,227000.0
1730,4,1.0,53,0,1.0,4,7,312000.0
1410,2,1.0,96,0,1.5,3,6,260000.0
1370,3,2.5,107,0,2.0,3,9,797000.0
2840,6,2.0,66,0,1.5,3,6,640000.0
3280,4,1.75,39,0,1.0,3,7,605000.0
2070,3,2.25,28,0,1.0,3,7,329950.0
960,2,1.0,68,0,1.5,3,5,180000.0
1470,3,2.25,29,0,1.0,3,7,220000.0
2430,4,2.25,86,0,1.5,3,8,723000.0
1430,3,1.75,87,0,1.0,4,7,375000.0
1760,3,1.75,53,0,1.0,4,7,388000.0
1730,5,2.0,70,0,1.0,4,6,249950.0
2290,5,1.75,49,0,1.0,4,7,390000.0
1690,4,1.75,55,0,1.0,4,8,705000.0
3220,4,2.5,48,0,1.5,4,8,590000.0
2130,4,1.75,62,0,1.0,3,7,292000.0
2100,3,2.5,24,0,1.0,3,8,506000.0
2770,4,2.5,27,0,2.0,4,9,907500.0
4040,4,3.25,60,0,1.0,4,9,2271150.0
2500,4,2.75,107,0,1.5,4,7,319500.0
1580,5,1.75,102,0,1.0,3,6,265000.0
1130,3,1.0,60,0,1.0,3,7,237000.0
1500,5,1.0,48,0,1.5,5,6,235000.0
2230,4,2.25,87,0,1.5,3,8,740000.0
1550,3,1.5,36,0,1.0,3,7,359000.0
2230,4,2.5,16,0,2.0,3,7,334950.0
790,2,1.0,67,0,1.0,3,6,259950.0
2230,4,2.5,8,0,2.0,3,7,253000.0
1710,3,2.25,10,0,2.0,3,8,561000.0
1260,2,1.5,74,0,1.0,3,7,455000.0
2420,4,2.5,47,0,1.0,3,8,675000.0
1090,3,1.5,47,0,1.0,3,7,267000.0
2689,4,2.5,8,0,2.0,3,9,368000.0
1620,3,1.0,86,0,1.5,5,7,599995.0
940,3,1.0,48,0,1.0,4,7,342500.0
1940,4,1.75,40,0,1.0,4,8,252000.0
1590,3,1.0,53,0,1.0,4,7,247200.0
3020,3,3.5,60,0,2.0,3,9,910000.0
1870,4,1.75,46,0,1.0,3,8,419950.0
880,3,1.0,49,0,1.0,4,6,160000.0
3030,4,3.5,0,0,3.0,3,9,799950.0
2140,3,2.25,28,0,2.0,3,7,400000.0
2050,5,2.0,58,0,1.0,3,6,210000.0
2050,5,2.0,59,0,1.0,3,6,475000.0
2090,3,2.5,7,0,2.0,3,7,355900.0
2520,3,2.25,38,0,1.0,3,7,420000.0
2630,4,2.5,37,0,1.0,4,9,710000.0
2560,4,1.75,41,0,1.0,3,7,518000.0
1200,3,1.0,77,0,1.0,3,6,375000.0
1010,3,1.5,61,0,1.0,3,6,185000.0
1520,3,2.5,28,0,2.0,3,7,402000.0
2170,3,1.75,38,0,1.0,3,7,585000.0
1980,4,2.0,105,0,2.0,4,7,500000.0
3070,4,2.5,87,0,2.0,4,10,1715000.0
5170,5,3.5,16,1,3.0,3,11,1680000.0
1140,2,2.0,1,0,2.0,3,8,570000.0
2530,8,2.75,113,0,2.0,4,7,680000.0
1690,3,2.25,35,0,2.0,4,7,345000.0
2150,4,2.5,5,0,2.0,3,7,355000.0
1180,3,1.5,55,0,1.0,4,7,390000.0
1400,3,1.0,46,0,1.0,3,7,128000.0
1300,3,1.75,102,0,2.0,4,7,448500.0
1590,3,1.75,61,0,1.5,4,6,346000.0
1990,3,1.75,73,0,1.0,3,8,779000.0
1510,3,1.75,67,0,1.0,3,7,335000.0
2910,4,3.25,100,0,2.0,5,9,1850000.0
2850,3,2.5,21,0,2.0,3,10,799990.0
2830,3,2.5,13,0,2.0,3,11,1075000.0
1110,2,1.5,14,0,3.0,3,8,371000.0
1900,4,2.5,47,0,1.0,5,7,620000.0
2290,4,1.75,54,0,1.0,3,7,343000.0
1010,3,1.0,45,0,1.0,5,6,265000.0
4670,5,2.5,16,0,2.0,3,11,1000000.0
3400,3,2.5,59,0,1.0,3,8,825000.0
4070,4,3.5,11,0,2.0,3,10,889000.0
1630,3,2.25,38,0,1.0,4,8,305000.0
1700,2,2.5,38,0,2.0,4,8,407000.0
2070,5,2.5,47,0,1.0,4,7,613000.0
4660,3,3.5,39,1,2.0,3,12,1637500.0
2050,3,3.75,105,0,2.0,5,7,645000.0
4680,4,3.5,9,0,2.0,3,10,1160000.0
2320,3,2.25,34,0,2.0,3,8,610000.0
3800,3,2.5,21,0,2.0,3,10,450000.0
720,3,2.0,67,0,1.0,5,6,300000.0
4400,5,2.75,51,0,1.0,5,9,1120000.0
2260,3,2.5,23,0,2.0,3,9,418200.0
1650,3,2.5,10,0,2.0,3,7,250000.0
2560,3,2.5,12,0,2.0,3,9,619000.0
3720,4,3.0,35,0,3.0,3,7,500000.0
2590,4,2.5,28,0,2.0,3,8,465000.0
1750,4,1.0,72,0,1.0,3,7,322000.0
1620,3,2.5,26,0,2.0,3,7,276900.0
1700,3,2.25,25,0,1.0,4,7,660000.0
2450,3,2.5,24,0,2.0,3,9,480000.0
1610,3,1.75,64,0,1.0,3,7,925000.0
3730,3,3.0,35,0,1.0,3,9,825000.0
1210,2,1.0,75,0,1.0,3,6,326000.0
1300,3,1.0,56,0,1.0,4,7,205000.0
850,2,1.0,64,0,1.5,1,4,150000.0
1770,3,2.5,10,0,2.0,3,9,593567.0
2060,3,2.5,27,0,2.0,3,8,440000.0
3090,3,2.5,22,0,2.0,3,10,751000.0
1050,2,1.75,89,0,1.5,4,6,295000.0
1300,3,2.0,26,0,2.0,3,7,422500.0
1160,3,1.0,55,0,1.0,4,7,480000.0
3420,4,2.5,8,0,2.0,3,9,890900.0
2620,4,2.75,14,0,2.0,3,9,672500.0
1880,4,1.5,88,0,1.0,4,7,605000.0
4560,5,3.25,52,0,1.0,5,9,1675000.0
2330,4,2.5,27,0,2.0,3,9,565000.0
2350,4,1.75,36,0,1.0,3,8,725000.0
1560,3,3.0,8,0,3.0,3,8,640000.0
1380,4,1.0,76,0,1.5,3,6,253750.0
3040,6,2.75,56,0,1.0,4,9,799950.0
1350,4,1.5,55,0,1.0,4,7,595000.0
3180,4,2.5,37,0,2.0,3,9,850000.0
1790,3,2.5,5,0,2.0,3,8,366000.0
1986,4,3.0,92,0,2.0,4,8,715000.0
2400,4,2.5,22,0,2.0,3,8,300000.0
4590,4,3.0,33,0,2.0,3,10,960000.0
1970,3,2.0,102,0,2.0,5,8,812000.0
1360,3,1.0,37,0,1.0,3,6,234950.0
2710,4,2.0,95,0,1.0,4,7,656500.0
920,2,1.5,19,0,2.0,3,7,255000.0
2000,3,2.75,54,0,1.0,5,7,538000.0
1920,3,2.25,53,0,1.0,4,7,260000.0
2678,3,2.5,16,0,2.0,3,9,546200.0
1220,3,1.0,63,0,1.0,3,7,280500.0
1440,3,1.75,35,0,1.0,4,7,295000.0
2420,4,1.75,114,0,1.5,3,7,700000.0
2090,3,2.0,22,0,1.0,3,9,560000.0
4030,4,2.75,18,0,2.0,3,10,912000.0
1310,3,1.75,38,0,1.0,4,7,437000.0
1800,3,2.5,12,0,2.0,3,7,447000.0
1160,4,1.0,101,0,1.0,4,6,500000.0
1160,3,1.0,85,0,1.0,3,7,508300.0
1870,3,1.5,52,0,1.0,3,7,485000.0
3700,7,5.75,66,0,2.0,3,8,540000.0
2280,3,2.25,37,0,2.0,3,8,356000.0
1720,4,2.0,65,0,1.0,4,7,525000.0
3630,4,2.75,16,0,2.0,3,10,962800.0
2040,4,2.5,11,0,2.0,3,8,315000.0
1750,3,2.25,13,0,3.0,3,8,525000.0
1550,2,2.25,8,0,2.0,3,8,325000.0
2500,4,1.75,49,0,1.0,4,8,965800.0
1440,4,1.0,90,0,1.5,4,7,550000.0
1130,4,1.0,85,0,1.5,3,6,182200.0
1210,3,1.0,56,0,1.5,3,7,315000.0
960,2,1.0,114,0,1.0,4,7,500000.0
2160,5,2.5,16,0,2.0,3,7,480000.0
3400,3,1.75,57,0,1.0,5,9,1690000.0
3960,5,3.25,25,0,2.0,4,9,525000.0
1900,4,2.5,27,0,2.0,3,7,407500.0
2620,4,3.0,28,0,2.0,3,9,443000.0
3150,4,2.5,48,0,2.0,4,9,1256500.0
1040,3,1.0,90,0,1.0,3,7,642000.0
1540,3,1.75,51,0,1.0,3,8,520000.0
1820,3,2.0,73,0,1.5,4,8,750000.0
1930,5,1.5,86,0,1.5,3,8,855000.0
1430,4,1.0,80,0,1.5,4,5,275000.0
2920,5,2.75,103,0,1.5,5,7,265000.0
3100,3,2.5,24,0,2.0,3,10,894400.0
1200,2,1.0,67,0,1.0,4,6,546000.0
2390,2,2.5,7,0,1.0,3,8,699950.0
1270,3,2.0,46,0,1.0,4,7,435000.0
1300,4,1.5,45,0,1.0,4,7,259500.0
2290,4,3.25,7,0,2.0,3,9,359950.0
1740,3,1.75,38,0,1.0,3,7,517000.0
1590,3,1.0,66,0,1.0,3,8,579000.0
2420,4,2.0,47,0,1.5,3,7,525000.0
2130,4,2.5,37,0,1.0,3,7,320000.0
1950,4,1.75,45,0,1.0,4,8,635000.0
2150,4,2.5,16,0,2.0,3,8,400000.0
1270,3,1.75,46,0,1.0,4,7,455000.0
1850,3,1.75,107,0,1.5,5,6,572000.0
1440,2,1.5,59,0,1.0,4,8,650000.0
1390,3,1.5,48,0,1.0,3,7,162500.0
1340,2,2.5,6,0,2.0,3,8,400000.0
1190,3,1.0,47,0,1.0,3,7,268300.0
3830,6,4.5,95,0,3.0,3,9,989000.0
1780,3,1.75,33,0,1.0,3,7,342000.0
3130,4,2.5,9,0,2.0,3,7,315000.0
1830,4,2.75,36,0,1.0,3,7,485000.0
2550,4,2.5,38,0,1.0,3,8,277500.0
3790,4,3.5,17,0,2.0,3,11,1295000.0
1800,4,1.75,102,0,1.5,4,6,385000.0
1630,2,1.0,67,0,1.0,3,7,426000.0
1870,4,2.0,58,0,1.5,3,7,310000.0
1870,4,2.0,59,0,1.5,3,7,449000.0
980,2,1.0,95,0,1.0,4,7,375000.0
2860,3,2.25,39,0,1.0,3,10,1187500.0
1470,3,2.25,30,0,2.0,3,7,468000.0
1160,1,1.0,15,0,2.0,3,7,336000.0
1940,4,2.75,24,0,2.0,3,8,392000.0
1630,4,2.25,37,0,1.0,3,7,412500.0
2755,4,2.5,14,0,2.0,3,8,545000.0
1430,5,2.0,67,0,1.5,3,6,133000.0
1430,5,2.0,68,0,1.5,3,6,440000.0
1400,4,2.25,53,0,1.0,3,7,294450.0
2520,4,2.5,27,0,2.0,3,8,335000.0
1290,3,1.0,58,0,1.0,4,7,362000.0
1400,3,1.75,37,0,1.0,3,6,322000.0
740,2,1.0,72,0,1.0,3,6,230500.0
1710,4,2.0,65,0,1.0,3,7,380000.0
2414,4,2.75,8,0,2.0,3,8,292000.0
1040,3,1.0,60,0,1.0,4,6,172500.0
3540,4,2.75,67,0,1.5,4,8,784000.0
2530,4,2.75,72,0,1.0,3,7,525000.0
2320,3,2.5,11,0,2.0,3,8,600000.0
2530,3,2.5,25,0,2.0,3,9,435000.0
2790,5,2.75,50,0,1.5,4,7,359900.0
1950,4,1.75,57,1,1.0,3,7,700000.0
1020,3,2.0,6,0,2.0,3,7,280000.0
3110,4,2.5,17,0,2.0,3,9,655000.0
5310,4,5.0,23,0,1.0,3,12,2480000.0
2580,3,2.5,14,0,2.0,3,9,499950.0
1380,3,2.5,6,0,2.0,3,8,540000.0
3980,4,2.75,13,0,2.0,3,11,970000.0
2080,4,2.5,25,0,1.0,4,8,330000.0
1530,3,1.75,36,0,2.0,3,7,474000.0
1930,4,1.75,47,0,1.0,4,9,670000.0
2330,4,3.25,96,0,2.0,3,9,1300000.0
3860,4,2.5,29,0,2.0,4,10,1160000.0
2880,4,2.5,27,0,2.0,3,9,440000.0
1590,2,2.5,17,0,2.0,3,9,411000.0
2150,3,1.5,86,0,1.5,3,7,500000.0
2300,4,1.75,80,1,1.5,3,7,1335000.0
2900,6,3.25,37,0,2.0,4,8,696000.0
1970,3,2.25,47,0,1.0,4,8,465000.0
1740,4,2.5,38,0,1.0,4,7,518000.0
1220,3,1.75,52,0,1.0,3,7,251000.0
1290,3,2.0,37,0,1.0,3,7,255000.0
780,2,1.0,90,0,1.0,4,6,319000.0
2210,4,2.75,88,0,1.5,5,7,719000.0
5930,5,3.5,18,0,2.0,3,11,1520000.0
1950,4,2.5,15,0,2.0,3,7,322000.0
1340,4,1.0,45,0,1.0,4,7,205000.0
1590,3,1.0,59,0,1.0,3,7,229000.0
1780,3,2.25,54,0,1.0,3,8,395000.0
760,2,1.0,35,0,1.0,4,7,183000.0
1720,3,1.75,36,0,1.0,4,7,583500.0
2070,3,2.5,98,0,1.0,5,6,312000.0
1790,3,1.75,36,0,1.0,4,7,539000.0
3230,4,2.75,13,0,2.0,4,8,409000.0
1400,3,1.75,63,0,1.0,3,7,510250.0
1370,2,2.0,62,0,1.0,3,7,535000.0
1600,3,2.5,18,0,2.0,3,7,280000.0
950,3,1.0,57,0,1.0,3,7,286000.0
2210,3,2.75,47,0,1.0,4,7,710000.0
930,2,1.0,74,0,1.0,4,7,395000.0
810,2,1.0,65,0,1.0,3,6,237500.0
1630,3,2.0,103,0,1.0,5,7,464000.0
1770,3,1.75,46,0,1.0,3,8,495000.0
710,1,1.0,99,0,1.0,4,6,257500.0
3990,4,3.5,16,0,1.0,3,10,570000.0
2310,3,2.5,28,0,2.0,3,8,362000.0
1140,3,1.0,42,0,1.0,3,7,172500.0
1040,2,1.0,105,0,1.0,3,7,596000.0
2170,4,2.5,35,0,1.0,4,8,840000.0
3370,3,2.25,34,1,1.0,3,10,1600000.0
901,2,1.5,13,0,3.0,3,7,435000.0
840,2,1.0,65,0,1.0,3,6,251000.0
1650,4,1.0,50,0,1.0,4,7,282500.0
1380,3,2.25,27,0,1.0,4,7,265000.0
910,3,1.0,45,0,1.0,4,6,330000.0
1230,2,1.0,86,0,1.0,3,7,435000.0
1740,3,1.75,66,0,1.0,3,8,827235.0
1290,4,1.0,57,0,1.5,3,7,249950.0
1950,3,2.5,27,0,2.0,3,8,400000.0
2150,4,2.5,24,0,2.0,3,8,300499.0
1560,4,2.0,56,0,1.0,3,7,449000.0
1120,2,1.0,91,0,1.0,4,7,500000.0
1790,3,1.5,61,0,1.0,3,7,865000.0
3290,4,3.5,8,0,2.0,3,9,899950.0
1540,4,1.0,53,0,1.5,4,7,370000.0
4240,5,3.25,35,0,2.0,3,8,442500.0
1010,3,1.0,41,0,1.0,4,6,310000.0
2970,4,2.75,96,0,1.5,4,7,1565000.0
2190,4,2.25,28,0,2.0,3,7,245000.0
700,2,1.0,65,0,1.0,3,6,254950.0
3300,6,4.5,34,0,2.0,3,8,510000.0
1370,3,2.25,25,0,2.0,3,7,299950.0
2680,4,2.5,3,0,2.0,3,8,379950.0
1390,3,1.0,88,0,1.0,4,7,350000.0
1700,3,2.5,14,0,2.0,3,7,300000.0
2510,3,2.25,82,0,1.5,5,8,994000.0
1700,3,1.5,58,0,1.0,3,7,315000.0
2180,4,2.5,46,0,1.0,4,8,480500.0
1770,3,1.0,88,0,1.5,4,7,373000.0
3290,4,2.5,11,0,2.0,3,9,728000.0
3040,4,3.5,12,0,2.0,3,8,415000.0
2460,4,2.5,11,0,2.0,3,9,427500.0
970,3,2.0,42,0,1.0,5,7,339300.0
1320,3,1.75,66,0,1.0,5,7,313000.0
1900,3,3.5,6,0,2.0,3,8,431500.0
1220,3,1.5,65,0,1.5,4,6,415000.0
1470,3,1.75,37,0,1.0,4,7,490000.0
4630,4,5.0,10,0,2.0,3,11,1425000.0
1400,3,1.5,51,0,1.0,4,6,275000.0
1070,2,1.0,73,0,1.0,5,6,325000.0
3630,5,3.75,10,0,1.5,3,9,1180000.0
1970,4,1.5,105,0,2.5,3,7,690000.0
2010,4,2.0,62,0,2.0,3,7,410000.0
2820,4,2.5,62,0,1.0,5,9,960000.0
2530,3,2.5,24,0,2.0,3,9,299250.0
710,2,1.0,61,0,1.0,4,6,239000.0
1210,2,1.0,65,0,1.0,2,6,235000.0
2370,3,2.25,35,0,2.0,3,7,587000.0
2300,4,2.5,13,0,2.0,3,7,431000.0
3110,3,2.5,68,0,2.0,4,9,1636000.0
1990,3,1.75,53,0,1.0,3,7,285000.0
2630,3,3.0,27,0,1.0,4,9,778000.0
1300,3,1.0,56,0,1.0,4,7,415000.0
1680,2,1.75,11,0,1.0,3,8,550285.0
2180,3,2.25,48,0,1.0,4,8,910000.0
2770,3,2.5,23,0,2.0,3,10,860000.0
2120,3,1.75,94,0,2.0,3,7,765000.0
2830,4,2.5,35,0,2.0,3,10,782000.0
1370,3,3.5,15,0,2.0,3,8,525000.0
2810,3,2.5,19,0,2.0,3,9,745000.0
3520,3,3.5,9,0,2.0,3,8,470000.0
1990,3,1.75,51,0,1.0,3,7,345000.0
2070,3,2.25,51,0,1.0,3,7,279000.0
1320,3,1.5,63,0,1.0,4,7,500000.0
1300,3,1.0,54,0,1.0,4,7,237000.0
1260,3,1.75,51,0,1.0,4,7,200500.0
2400,4,1.75,58,0,1.0,3,7,387500.0
1950,4,2.0,53,0,1.0,3,7,392500.0
1430,3,2.0,58,0,1.0,4,7,305000.0
2110,4,2.5,46,0,1.0,3,8,981000.0
2980,4,2.5,24,0,2.0,3,10,680000.0
2068,4,2.5,38,0,2.0,4,7,276000.0
3380,4,3.5,14,0,2.0,3,8,655500.0
2810,5,2.75,50,0,1.0,3,8,555000.0
930,2,1.0,85,0,1.0,3,6,235000.0
1300,3,1.0,65,0,1.0,3,7,325000.0
1320,3,1.0,71,0,1.0,3,6,268950.0
1580,3,1.5,34,0,1.0,3,7,264500.0
1620,3,2.5,27,0,2.0,3,8,240000.0
2750,3,2.5,15,0,2.0,3,9,819000.0
2210,2,1.5,64,0,1.0,3,8,850000.0
1740,4,2.25,57,0,1.0,3,7,294950.0
2120,3,2.25,41,0,2.0,4,9,693000.0
2780,4,2.5,25,0,2.0,3,8,478000.0
830,2,1.0,65,0,1.0,3,7,222000.0
2070,4,2.5,19,0,2.0,3,8,635000.0
1390,3,3.25,9,0,2.0,3,8,469000.0
2610,4,2.5,9,0,2.0,3,8,350000.0
1460,5,1.0,78,0,1.5,3,6,180000.0
3390,4,2.25,51,0,1.0,4,8,490000.0
1360,3,1.5,103,0,1.0,3,6,360000.0
2807,4,2.5,18,0,2.0,3,8,630000.0
1340,4,1.0,84,0,1.5,3,7,615000.0
1340,3,2.25,25,0,2.0,4,7,279950.0
1160,3,1.0,62,0,1.0,3,7,317000.0
2470,4,2.25,36,0,1.0,3,7,618000.0
2000,5,1.75,53,0,1.0,3,7,620000.0
1110,3,1.0,58,0,1.0,3,7,345000.0
2240,3,1.5,62,0,1.0,3,7,608000.0
1920,4,2.25,47,0,2.0,4,7,325000.0
2270,3,1.75,46,0,1.0,5,8,475000.0
1530,3,3.0,22,0,1.0,3,6,154000.0
3330,5,3.0,37,0,2.0,4,11,1190000.0
2643,4,2.5,2,0,2.0,3,8,376950.0
1250,2,2.0,57,0,1.0,3,7,500000.0
3230,3,2.5,51,0,1.0,4,8,499950.0
880,3,1.0,48,0,1.0,4,6,230000.0
2220,4,2.5,1,0,2.0,3,8,652600.0
1130,3,1.75,36,0,1.0,3,7,185000.0
1450,3,1.0,56,0,1.0,3,6,274950.0
760,2,1.0,95,0,1.0,3,6,447000.0
1150,2,1.0,64,0,1.0,3,6,129000.0
2720,5,3.0,46,0,2.0,4,8,436000.0
2080,3,1.75,108,0,2.0,5,8,825000.0
1080,3,1.0,62,0,1.0,3,6,225000.0
1890,3,2.5,19,0,2.0,3,7,265000.0
1500,3,1.5,31,0,2.0,5,8,765000.0
1960,4,2.0,88,0,1.5,4,7,509000.0
2570,4,1.75,57,0,1.0,4,8,762450.0
1830,5,1.5,59,0,1.0,3,7,465000.0
1980,3,1.75,104,0,1.0,5,7,564000.0
1130,2,1.0,73,0,1.0,4,6,384500.0
2010,3,2.0,28,0,1.5,5,8,415000.0
1820,2,1.75,66,0,1.0,4,6,345000.0
2340,4,2.5,13,0,2.0,3,7,465950.0
1780,3,1.75,35,0,1.0,3,7,325000.0
1780,3,1.75,36,0,1.0,3,7,500000.0
2450,4,2.5,36,0,1.0,3,8,450000.0
2410,4,3.0,45,0,1.0,5,7,475000.0
3380,5,1.75,51,0,1.0,4,8,1346400.0
1710,3,1.5,95,0,2.0,4,7,747000.0
1740,3,1.75,60,0,1.0,4,6,395000.0
1995,3,2.5,9,0,3.0,3,8,505000.0
1760,3,2.0,67,0,1.0,5,7,215000.0
3970,4,3.5,15,0,2.0,3,9,775000.0
3000,4,2.5,1,0,2.0,3,8,540000.0
1540,3,1.75,57,0,1.0,4,7,392500.0
2160,3,2.0,63,0,1.0,3,8,987000.0
2160,3,2.0,64,0,1.0,3,8,1190000.0
1810,3,2.0,27,0,2.0,3,8,252500.0
2440,3,3.5,15,0,2.0,3,7,730000.0
3200,6,2.75,61,0,1.0,4,8,497300.0
2970,4,2.5,16,0,2.0,3,9,640000.0
2290,5,2.0,50,0,1.0,3,7,580000.0
1820,3,1.75,47,0,1.0,4,6,377000.0
3010,4,3.5,15,0,2.0,3,9,1280000.0
1360,3,1.5,11,0,2.0,3,7,396500.0
2080,4,2.5,16,0,2.0,3,8,300000.0
1110,3,1.0,69,0,1.5,3,7,532000.0
1560,2,1.75,11,0,1.0,3,8,579000.0
3520,4,2.5,86,0,2.0,3,10,1400000.0
2280,5,1.75,65,0,1.0,4,8,571000.0
1370,3,1.75,26,0,1.0,4,7,301950.0
2340,3,3.0,89,0,2.0,5,8,660000.0
3170,4,2.5,13,0,2.0,3,9,455000.0
1380,3,1.75,28,0,1.0,3,7,375000.0
2700,4,2.5,16,0,2.0,3,9,470000.0
1300,3,2.5,32,0,2.0,3,8,374990.0
1900,2,2.5,9,0,2.0,3,8,541500.0
3750,3,2.5,14,0,2.0,3,9,782500.0
1552,3,2.25,3,0,2.0,3,7,264000.0
2500,4,2.5,23,0,2.0,3,9,640000.0
1770,3,2.0,63,0,1.0,5,8,660000.0
4210,5,3.5,19,0,2.0,3,12,1365000.0
2170,3,2.5,21,0,2.0,3,9,389950.0
1510,2,1.0,64,0,1.0,3,7,226000.0
1870,3,1.75,55,0,1.0,5,7,390000.0
1570,3,2.25,31,0,2.0,3,8,485000.0
2480,4,2.5,15,0,2.0,3,9,840000.0
3580,5,3.5,77,0,1.5,4,8,600000.0
1480,2,1.0,64,0,1.0,3,7,331000.0
2610,3,2.0,73,0,1.0,5,7,780000.0
1700,3,1.75,21,0,2.0,3,7,300000.0
1240,3,1.75,46,0,1.0,3,7,361810.0
1660,3,1.0,68,0,1.0,5,7,467000.0
1620,3,1.75,96,0,1.5,5,6,399000.0
1130,3,1.75,106,0,1.5,4,7,315450.0
1310,3,1.0,109,0,1.5,3,7,600000.0
1710,4,2.0,38,0,1.0,4,7,247500.0
2140,3,1.0,58,0,1.0,3,7,330000.0
2350,4,2.25,42,0,1.5,4,7,500000.0
1570,3,1.0,51,0,1.0,3,7,367500.0
2780,3,2.5,21,0,1.0,3,9,560000.0
2540,4,1.75,66,0,1.0,3,8,655000.0
2500,5,2.75,46,0,1.0,4,7,530000.0
2080,3,2.25,22,0,1.0,3,7,270000.0
1760,3,2.0,26,0,2.0,3,7,437500.0
1760,3,1.75,58,0,1.0,3,8,575000.0
1940,4,2.5,24,0,2.0,3,7,278000.0
3010,4,2.5,14,0,2.0,3,9,568500.0
2460,4,3.0,3,0,1.0,3,8,280000.0
750,2,1.0,94,0,1.0,3,5,250000.0
1300,3,0.75,65,0,1.0,3,6,247500.0
3710,5,2.75,37,0,1.5,4,9,1250000.0
2360,4,2.5,28,0,1.0,3,9,535000.0
3190,3,2.5,0,0,2.0,3,9,814842.0
2181,4,2.5,9,0,2.0,3,8,340000.0
1890,3,1.75,62,0,2.0,4,7,359950.0
2610,3,1.75,80,0,1.5,3,8,750000.0
3090,4,2.0,96,0,2.5,5,8,1220000.0
860,2,1.0,58,0,1.0,3,7,370000.0
1000,3,1.0,35,0,1.0,3,7,329950.0
2760,3,2.5,25,0,2.0,3,9,500000.0
3490,4,2.5,24,0,2.0,4,9,734000.0
2960,4,2.5,8,0,2.0,3,9,385000.0
1280,2,1.0,98,0,1.0,3,6,230000.0
3230,4,3.5,14,0,1.0,3,10,1385000.0
1830,3,2.0,61,0,1.0,3,7,210000.0
1420,3,1.75,40,0,1.0,4,7,293000.0
1580,3,1.0,114,0,1.5,3,6,465000.0
1960,3,2.25,31,0,1.0,3,7,449000.0
1670,2,1.75,50,0,1.0,3,7,325000.0
1670,3,2.0,56,0,1.0,4,7,180000.0
2960,6,3.0,47,0,1.0,3,8,650000.0
2420,4,2.75,68,0,1.0,5,7,665000.0
1420,3,2.0,48,0,1.0,3,7,324450.0
2170,4,1.75,40,0,1.0,3,7,588000.0
1310,4,1.0,69,0,1.5,3,6,200000.0
1830,4,1.75,52,0,1.0,3,7,383000.0
1360,3,2.0,28,0,1.0,3,7,499950.0
3440,5,2.5,39,0,1.0,4,9,549000.0
2010,5,3.0,25,0,1.0,3,7,465000.0
2450,3,2.5,24,0,2.0,3,10,450000.0
3030,4,2.5,24,0,2.0,3,9,799900.0
2480,4,2.5,42,0,1.0,4,7,495000.0
4310,3,3.5,26,0,2.0,3,10,1200000.0
2120,4,2.5,32,0,2.0,4,8,637000.0
2210,4,1.0,113,0,2.0,3,8,589000.0
1400,3,1.75,38,0,1.0,4,7,305000.0
2760,4,2.25,105,0,2.0,3,7,600000.0
2550,4,2.5,22,0,2.0,3,9,587000.0
2220,2,2.5,14,0,2.0,3,9,1425000.0
1320,4,1.0,101,0,1.0,5,6,250000.0
2440,3,3.0,33,0,2.0,4,8,515000.0
3780,4,2.75,15,0,2.0,3,10,833000.0
4720,3,3.25,16,0,2.0,3,10,860000.0
2360,4,3.0,65,0,1.0,3,8,550000.0
890,2,1.0,96,0,1.0,2,6,180000.0
1770,4,1.75,46,0,1.0,4,7,507000.0
1720,3,2.0,20,0,1.0,3,7,427000.0
2490,3,3.5,15,0,2.0,3,8,616950.0
1890,4,1.75,45,0,1.0,5,7,372000.0
1020,2,1.0,84,0,1.0,3,7,290000.0
2420,4,2.75,18,0,2.0,3,8,329990.0
1600,3,1.75,66,0,1.0,5,7,393500.0
3370,5,3.25,32,0,1.0,5,10,1550000.0
1720,4,2.25,41,0,1.0,4,8,240000.0
1090,3,1.0,41,0,1.0,4,6,285000.0
1090,3,1.5,28,0,1.0,3,8,382500.0
3600,4,3.75,64,0,1.0,3,9,1925000.0
2760,3,2.5,58,0,1.0,3,8,800000.0
2770,4,3.5,48,0,2.0,3,8,550000.0
2520,4,1.75,60,0,1.0,4,7,387846.0
1960,4,2.0,34,0,1.0,3,7,367500.0
1760,5,1.0,112,0,2.0,3,8,780500.0
1090,3,1.75,65,0,1.0,4,7,680000.0
1960,5,1.75,46,0,1.0,4,7,434400.0
1220,2,1.0,67,0,1.0,4,6,370000.0
1730,3,1.75,44,0,1.0,3,8,465000.0
1830,3,2.0,36,0,1.0,4,8,323000.0
1600,4,2.5,6,0,2.0,3,7,270000.0
2040,3,1.75,34,0,1.0,3,10,1320000.0
2710,4,2.5,11,0,2.0,3,9,560000.0
1140,3,1.0,108,0,1.0,3,6,450000.0
930,2,1.0,90,0,1.0,3,6,290000.0
1010,3,2.0,34,0,1.0,3,8,354000.0
2380,5,3.0,106,0,2.0,5,7,705000.0
1860,3,2.25,37,0,1.0,4,7,445000.0
1440,3,1.0,46,0,1.0,3,7,229900.0
2980,4,2.5,14,0,2.0,3,8,610000.0
2670,3,3.25,14,0,2.0,3,9,535000.0
2150,3,1.75,55,0,1.0,4,7,437400.0
3160,5,2.75,36,0,2.0,3,10,540000.0
1890,3,2.0,65,0,1.0,3,7,570000.0
2810,3,2.5,10,0,2.0,3,8,533000.0
2690,3,2.5,11,0,2.0,3,7,555000.0
1230,3,1.75,30,0,1.0,4,7,239950.0
950,3,1.0,38,0,1.0,4,7,350000.0
1200,2,1.0,71,0,1.0,3,6,245000.0
1670,4,1.75,67,0,1.0,5,7,456000.0
2140,4,2.25,37,0,1.0,4,7,465000.0
1440,2,1.75,7,0,1.0,3,8,445000.0
3050,5,2.75,48,0,1.0,4,8,517850.0
2570,5,2.75,18,0,2.0,3,8,329000.0
1840,3,2.5,17,0,2.0,4,7,512500.0
1250,2,1.0,67,0,1.0,4,7,365000.0
1410,3,1.0,67,0,1.0,3,7,450500.0
1560,3,1.0,62,0,1.0,3,7,915000.0
960,3,1.0,54,0,1.0,5,6,205000.0
1870,4,2.5,22,0,2.0,3,8,314000.0
900,2,1.0,68,0,1.0,3,7,496000.0
2050,4,1.0,58,0,1.0,3,7,329950.0
2400,4,2.0,101,0,2.0,3,6,375000.0
1850,3,2.5,25,0,2.0,5,8,623000.0
1220,4,1.5,34,0,1.0,3,6,310000.0
3140,3,3.25,31,0,1.0,3,9,532500.0
2410,4,2.25,85,0,2.0,5,9,960000.0
3130,4,2.5,20,0,2.0,3,9,598000.0
2300,3,2.5,16,0,2.0,3,9,683000.0
2840,5,2.5,53,0,1.0,4,7,425000.0
1800,5,2.75,88,0,1.5,3,7,533000.0
1190,3,1.0,61,0,1.0,4,7,375000.0
1710,3,2.0,26,0,2.0,4,7,250500.0
1900,4,1.75,92,0,1.5,3,7,257000.0
880,3,1.0,69,0,1.0,4,6,218000.0
2060,3,2.0,85,0,1.0,3,7,460000.0
1360,3,1.0,74,0,1.5,4,6,255544.0
1680,2,2.0,6,0,1.0,3,8,560000.0
2980,4,2.5,4,0,2.0,3,8,480000.0
2130,5,1.75,46,0,1.0,3,8,1300000.0
2650,3,2.75,26,0,1.0,3,9,580000.0
1700,3,2.5,16,0,1.0,3,8,475000.0
2680,4,2.5,58,1,1.0,3,9,1309500.0
2530,3,2.5,35,0,1.0,4,8,700000.0
2520,3,2.5,26,0,2.0,3,10,590000.0
1630,3,2.5,25,0,1.0,3,8,264500.0
730,2,1.0,96,0,1.0,4,6,465000.0
910,3,1.0,44,0,1.0,3,7,290000.0
4510,4,4.5,16,0,2.0,3,12,1815000.0
1110,3,1.0,57,0,1.0,4,7,416000.0
1450,4,2.0,53,0,1.0,3,7,360000.0
2910,5,2.75,37,0,1.0,3,8,585083.0
2600,4,2.75,78,0,1.5,3,7,840000.0
730,2,1.0,72,0,1.0,1,5,81000.0
2440,3,2.25,65,0,1.0,4,8,1285000.0
2290,4,1.75,51,0,1.0,3,7,326000.0
720,2,1.0,90,0,1.0,3,6,447000.0
940,3,1.0,56,0,1.5,4,7,185000.0
1540,3,2.5,32,0,2.0,4,8,439950.0
1140,3,1.5,47,0,1.5,4,6,234000.0
2100,4,2.5,50,0,2.0,4,7,485000.0
2670,4,1.75,73,0,2.0,4,8,750000.0
2750,4,2.0,114,0,2.0,3,8,865000.0
2570,4,2.5,35,0,1.0,4,8,287500.0
1660,3,1.75,38,0,1.0,3,7,375000.0
1700,3,2.25,45,0,1.0,5,7,565000.0
1530,4,3.0,5,0,2.0,3,7,260000.0
1260,3,1.0,71,0,1.0,4,6,190000.0
2760,5,2.0,50,0,1.0,5,7,399950.0
1830,3,2.5,25,0,2.0,3,7,275000.0
2160,3,2.75,27,0,1.0,3,7,528000.0
1770,3,2.0,66,0,1.0,3,5,315000.0
2210,2,2.25,46,0,1.0,4,8,614306.0
4560,3,3.5,25,0,2.0,3,12,1490000.0
2110,3,2.5,10,0,2.0,3,9,590000.0
1130,3,1.0,107,0,1.0,3,6,261500.0
1960,4,2.5,13,0,2.0,3,8,300000.0
2230,3,2.25,86,0,1.5,5,8,439000.0
2350,5,2.25,53,0,1.0,3,7,277554.0
1340,3,2.0,83,0,1.0,3,6,215000.0
2160,2,2.25,58,1,2.0,4,9,1200000.0
1700,4,2.0,65,0,1.0,4,7,420000.0
1650,3,2.5,12,0,2.0,3,7,485000.0
1540,3,2.0,60,0,1.0,5,6,202500.0
3920,5,3.25,8,0,2.0,3,9,710000.0
3250,4,2.5,6,0,2.0,3,8,535000.0
1360,4,1.75,48,0,1.0,4,7,260000.0
1480,3,2.0,22,0,1.0,4,7,254000.0
2360,4,2.5,13,0,2.0,3,8,600000.0
1800,3,2.5,13,0,2.0,3,7,285000.0
2540,4,3.75,16,0,2.0,3,10,800000.0
1200,3,1.0,71,0,1.0,3,6,165000.0
710,2,1.0,71,0,1.0,4,6,216500.0
2640,4,2.5,3,0,2.0,3,8,387990.0
3010,4,2.5,8,0,2.0,3,8,500000.0
2770,4,2.5,13,0,2.0,3,7,650000.0
2310,4,2.5,6,0,2.0,3,8,646000.0
2060,4,3.0,23,0,1.0,3,8,323400.0
1880,3,2.5,7,0,2.0,3,7,300000.0
2280,5,2.0,67,0,1.5,4,7,712500.0
1380,3,1.75,114,0,1.5,3,7,550000.0
1180,3,1.0,46,0,1.0,3,7,400000.0
1650,4,1.75,37,0,1.0,3,7,255000.0
2030,3,1.75,51,0,2.0,4,7,660000.0
2110,4,2.25,74,0,1.0,4,8,925000.0
2130,4,2.25,49,0,1.0,5,7,534000.0
1690,3,1.0,45,0,1.0,4,7,215000.0
2510,3,2.5,46,0,1.5,3,10,1950000.0
3530,5,4.25,13,0,2.0,3,10,1400000.0
1470,3,1.75,25,0,1.0,3,7,212000.0
1840,3,1.75,48,0,1.0,3,8,265000.0
1860,3,1.75,96,0,1.5,5,6,400000.0
1940,4,2.5,23,0,2.0,3,8,311500.0
4420,4,3.5,12,0,2.0,3,11,2328000.0
800,2,1.0,70,0,1.0,4,6,225000.0
3700,4,2.5,26,0,1.0,3,11,1250000.0
1400,3,1.0,67,0,1.0,4,7,380000.0
2250,4,2.5,23,0,2.0,3,8,600000.0
2230,3,2.25,27,0,2.0,4,9,600000.0
1950,3,2.5,13,0,2.0,3,7,315000.0
2550,5,1.0,109,0,2.5,4,9,847000.0
2750,4,2.5,17,0,2.0,3,10,730000.0
2290,4,2.0,59,0,1.0,4,8,1058000.0
2350,4,2.25,38,0,2.0,4,9,1620000.0
1720,2,1.75,67,0,1.0,3,6,664000.0
2810,4,3.0,8,0,2.0,3,9,454450.0
940,3,1.0,60,0,1.0,3,7,341000.0
1190,4,1.0,68,0,1.5,4,7,276693.0
1390,2,1.0,45,0,1.0,4,7,185000.0
1660,2,2.5,33,0,2.0,3,7,160000.0
1920,4,2.5,16,0,2.0,3,8,270000.0
1460,4,1.5,56,0,1.0,3,7,300000.0
1370,3,1.5,57,0,1.0,4,7,264950.0
1050,2,1.0,72,0,1.0,4,6,209950.0
3360,3,2.5,9,0,2.0,3,9,850000.0
3160,4,2.5,31,0,2.0,3,9,645000.0
2480,4,2.25,42,0,2.0,4,9,855000.0
2720,4,1.5,20,0,2.0,3,10,632500.0
2070,3,2.5,27,0,2.0,3,8,289950.0
2170,2,1.75,62,0,1.0,4,8,850000.0
3260,4,2.75,1,0,2.0,3,9,565000.0
2250,3,2.5,16,0,2.0,3,8,792000.0
1950,3,2.25,27,0,1.0,4,7,260000.0
2220,3,2.0,24,0,1.0,3,7,585000.0
1330,3,1.75,33,0,1.0,3,7,295500.0
1190,4,2.0,68,0,1.5,5,7,329000.0
2770,3,1.75,39,0,1.0,3,8,750000.0
2310,4,2.5,18,0,2.0,3,9,495000.0
1580,3,1.75,68,0,1.0,4,8,672500.0
2800,5,3.25,82,0,1.5,5,10,1307000.0
1500,3,2.5,20,0,2.0,3,7,405000.0
2140,3,1.75,68,0,1.0,3,7,620000.0
2330,4,2.25,41,0,1.0,4,8,615000.0
3830,6,2.25,52,0,1.0,5,9,887000.0
4510,4,2.75,73,0,2.5,3,8,1057000.0
2160,4,1.75,40,0,1.0,4,8,753000.0
3170,3,2.25,39,0,2.0,5,10,1600000.0
1520,3,1.5,60,0,1.0,3,7,365000.0
3410,4,2.75,32,0,2.0,4,10,870000.0
1830,4,2.5,11,0,2.0,3,7,321000.0
1550,3,2.5,15,0,2.0,3,7,280000.0
1520,3,2.5,10,0,2.0,3,7,288000.0
1240,3,2.0,76,0,1.0,3,7,248500.0
2380,4,2.5,15,0,2.0,3,7,330000.0
2720,5,3.5,26,0,2.0,3,9,740000.0
2210,3,2.5,16,0,2.0,3,8,445000.0
1050,2,1.0,56,0,1.0,4,6,198500.0
1940,7,2.5,20,0,2.0,3,7,280000.0
1420,3,2.25,33,0,2.0,4,7,336500.0
1690,3,2.5,26,0,2.0,4,7,267000.0
1160,3,1.0,46,0,1.0,3,7,315000.0
2040,4,2.5,26,0,2.0,3,8,545000.0
1840,3,1.75,25,0,1.0,3,8,274950.0
1440,2,1.0,66,0,1.0,3,7,500000.0
1390,3,1.0,60,0,1.5,4,7,299000.0
1470,3,2.5,10,0,2.0,3,8,420000.0
1776,3,2.5,9,0,3.0,3,8,620000.0
1640,3,2.25,47,0,1.0,3,7,575950.0
2860,4,2.5,14,0,2.0,3,9,666500.0
1740,4,1.5,52,0,1.0,3,7,180000.0
1390,3,1.75,52,0,1.0,4,7,261350.0
2730,4,3.5,67,0,1.0,5,9,1030000.0
1435,3,1.75,46,0,1.0,4,8,390000.0
1640,3,1.0,60,0,1.0,4,7,253500.0
2630,4,2.5,28,0,2.0,3,8,625000.0
1580,4,2.5,55,0,1.0,4,7,255000.0
1740,3,2.5,5,0,2.0,3,8,257000.0
1900,2,1.75,60,1,1.0,3,7,869000.0
3130,4,2.5,24,0,2.0,3,10,745000.0
3500,4,3.5,15,0,2.0,3,10,1350000.0
2130,3,1.75,58,0,1.0,4,7,350000.0
950,3,2.5,11,0,2.0,3,8,475000.0
1720,3,2.5,27,0,2.0,3,8,540000.0
830,2,1.0,18,0,1.0,3,7,175000.0
660,2,0.75,102,0,1.0,4,4,100000.0
2590,5,1.0,107,0,2.0,4,8,890000.0
1600,3,2.5,14,0,2.0,3,7,280000.0
4390,4,4.25,11,0,2.0,3,10,1050000.0
3560,4,2.5,26,0,2.0,3,10,486000.0
2860,5,2.5,56,0,2.0,5,8,670000.0
1640,3,2.5,27,0,2.0,3,8,480000.0
1500,3,1.75,67,0,1.0,4,6,440000.0
3990,3,3.25,92,0,2.0,3,9,1500000.0
2610,4,2.5,26,0,2.0,3,10,743700.0
1470,3,1.75,26,0,1.0,3,7,449950.0
700,2,1.0,69,0,1.0,3,7,367000.0
3960,4,3.25,13,0,2.0,3,11,1185000.0
900,3,1.0,56,0,1.0,4,6,201000.0
2010,3,1.75,92,0,2.0,2,7,575000.0
1940,3,2.5,36,0,1.0,3,7,295000.0
1510,3,1.0,69,0,1.0,4,6,190000.0
2020,2,3.0,63,0,1.0,3,8,742500.0
4430,6,3.5,14,0,2.0,3,9,875000.0
4010,4,3.5,25,0,2.0,4,11,1387000.0
3070,4,2.25,44,0,2.0,4,8,600000.0
1460,3,1.5,58,0,1.0,3,7,207000.0
3260,4,2.75,12,0,2.0,3,9,650000.0
830,2,1.0,93,0,1.0,3,6,275000.0
2390,4,2.5,91,0,2.0,3,9,1200000.0
1130,3,2.0,70,0,1.0,4,6,262500.0
1120,2,1.0,68,0,1.0,3,7,399000.0
1410,4,1.5,49,0,1.0,4,7,139000.0
1750,3,2.5,23,0,2.0,4,7,575000.0
1040,2,1.0,88,0,1.0,3,7,580000.0
1630,3,2.25,10,0,2.0,3,7,468000.0
1380,3,1.0,52,0,1.0,4,7,230000.0
3680,4,4.0,24,0,2.0,3,10,675000.0
1250,3,1.0,44,0,1.0,3,7,318000.0
2660,5,3.5,18,0,2.0,3,8,332100.0
620,2,1.0,52,0,1.0,3,6,175000.0
2600,4,2.25,35,0,2.0,4,8,817000.0
2150,4,3.0,62,0,2.0,3,8,1200000.0
1470,3,1.75,99,0,1.0,3,7,525000.0
1380,3,1.0,100,0,1.5,5,6,189000.0
1680,3,2.5,1,0,2.0,3,9,629950.0
1000,1,1.0,65,1,1.0,3,7,641500.0
1630,3,2.25,31,0,1.0,3,7,490000.0
1790,3,1.75,39,0,1.0,3,7,415000.0
890,2,1.0,63,0,1.0,3,6,250000.0
1290,3,1.5,62,0,1.0,4,7,781000.0
2420,4,2.25,41,0,1.0,4,7,400000.0
3680,4,3.0,6,0,2.0,3,10,935000.0
3020,4,2.5,35,0,1.0,3,9,575000.0
4240,4,3.25,8,0,2.0,3,10,1660000.0
3130,5,2.75,41,0,1.0,4,8,302300.0
900,2,1.0,75,0,1.0,3,7,355000.0
2880,3,2.25,56,0,1.0,3,9,1538000.0
2390,4,1.75,51,0,1.0,4,8,926250.0
1450,3,1.75,60,0,1.0,4,7,300000.0
1070,3,1.75,36,0,1.0,4,7,361500.0
1740,3,1.5,51,0,1.0,4,8,616000.0
1210,2,1.75,1,0,2.0,3,8,395000.0
2100,3,1.5,60,0,1.0,4,7,245000.0
1060,3,1.0,52,0,1.0,4,6,206000.0
3280,4,2.5,42,0,1.0,3,9,706000.0
1660,3,1.5,78,0,1.5,3,7,578000.0
3070,5,3.0,9,0,2.0,3,8,341950.0
1150,3,1.0,92,0,1.0,2,7,305000.0
1710,3,2.75,105,0,1.0,3,7,575000.0
1180,3,1.0,55,0,1.0,4,6,330000.0
2130,4,2.25,43,0,2.0,3,7,445000.0
1050,3,1.0,63,0,1.0,3,7,333000.0
2520,4,2.5,9,0,2.0,3,8,598500.0
700,2,1.0,71,0,1.0,3,6,225000.0
2640,4,2.5,16,0,2.0,3,8,570000.0
2330,5,2.0,58,0,1.0,3,7,630000.0
2830,5,2.25,38,0,2.0,4,8,779000.0
3720,4,3.5,11,0,2.0,3,10,760000.0
1890,5,1.75,55,0,1.0,4,7,322968.0
2910,4,2.5,16,0,2.0,3,8,595000.0
1300,4,1.0,73,0,1.0,4,7,321000.0
2770,3,2.25,30,0,2.0,3,8,653000.0
2520,4,1.75,54,1,1.0,3,8,750000.0
1340,3,1.0,104,0,1.0,3,7,530000.0
1060,2,1.75,6,0,2.0,3,7,352750.0
2480,4,2.5,23,0,2.0,3,8,424950.0
2220,5,2.75,41,0,1.0,3,7,427000.0
3220,4,2.5,14,0,2.0,3,9,558000.0
1600,2,2.0,60,0,1.0,3,7,438200.0
640,1,1.0,96,0,1.0,3,6,340000.0
3610,4,3.75,20,0,3.0,3,11,830005.0
3420,4,3.25,6,0,2.0,3,10,548000.0
1840,3,1.75,62,0,1.0,5,7,411715.0
2790,4,4.0,15,0,2.0,4,9,865000.0
5860,6,4.25,2,0,2.0,3,10,1750000.0
3450,3,3.0,31,0,2.0,3,10,688000.0
2350,4,2.5,12,0,2.0,3,8,399950.0
1250,3,1.0,112,0,1.5,3,6,555000.0
2000,3,2.0,98,0,1.0,4,7,677000.0
2260,3,2.0,29,0,1.0,3,8,539000.0
1510,3,1.75,75,0,1.0,4,6,410000.0
1800,2,2.25,36,0,2.0,4,9,472000.0
2420,3,2.5,57,0,1.0,3,9,755000.0
1750,5,1.75,48,0,1.0,5,7,269900.0
2660,4,2.5,37,0,2.0,4,8,667400.0
2640,3,2.25,19,0,1.0,3,10,1220000.0
1460,3,2.5,7,0,2.0,3,8,544000.0
1570,2,1.0,91,0,1.5,4,8,800000.0
1010,3,1.0,39,0,1.0,4,7,315000.0
1200,4,1.0,70,0,1.5,3,6,227000.0
4040,4,2.5,14,0,2.0,3,10,765000.0
1820,3,3.0,8,0,3.0,3,8,625000.0
5810,4,5.0,10,0,2.0,3,10,1875000.0
3010,4,2.5,36,0,1.0,3,9,822600.0
1910,4,2.5,45,0,1.0,4,8,515000.0
1640,4,2.0,33,0,1.0,4,7,377000.0
1480,3,1.0,61,0,1.0,3,8,600000.0
2520,4,1.75,49,0,1.0,3,8,525300.0
2840,4,3.0,40,0,1.0,4,9,760000.0
840,2,1.0,107,0,1.0,4,5,202000.0
1730,3,2.0,17,0,1.0,3,8,470000.0
3140,3,2.5,23,0,2.0,3,10,810000.0
1480,3,1.0,48,0,1.0,3,7,175000.0
1920,4,1.75,62,0,1.0,3,7,440000.0
770,2,1.0,64,0,1.0,2,6,197000.0
1010,3,1.0,72,0,1.0,5,6,254000.0
1460,3,1.0,12,0,1.5,3,7,405000.0
940,2,1.0,66,0,1.0,5,7,416000.0
2840,4,2.75,0,0,3.0,3,9,779950.0
1910,4,2.75,35,0,1.0,4,7,200000.0
2430,4,2.5,22,0,2.0,3,9,658100.0
1610,2,1.75,18,0,1.0,3,7,397000.0
2780,3,3.75,15,0,2.0,3,10,815000.0
1160,2,1.0,65,0,1.0,4,7,345000.0
1850,4,2.5,25,0,2.0,4,7,305500.0
2120,3,2.25,17,0,1.0,3,8,340000.0
2620,5,2.5,36,0,1.0,3,7,330000.0
2060,4,2.5,11,0,2.0,3,7,269000.0
1060,3,1.0,48,0,1.0,3,7,349950.0
1500,3,1.0,62,0,1.0,4,7,431000.0
2380,4,1.75,68,0,2.0,4,7,735000.0
3045,5,3.0,15,0,2.0,3,8,414000.0
1700,3,2.5,22,0,2.0,3,8,619500.0
1240,3,1.75,57,0,1.0,4,7,675000.0
1410,3,1.0,44,0,1.0,4,7,380500.0
880,3,1.5,69,0,1.0,5,6,253000.0
740,2,1.0,65,0,1.0,3,5,157500.0
2030,4,2.0,38,0,1.0,4,8,627000.0
2090,4,2.5,13,0,1.0,4,7,469500.0
920,2,1.0,75,0,1.0,3,7,319950.0
1180,3,1.0,47,0,1.0,4,7,249500.0
1260,3,1.0,108,0,1.5,3,7,485000.0
3690,5,3.0,47,0,1.0,4,9,1125000.0
1700,3,1.75,36,0,1.0,3,7,314500.0
770,2,1.0,67,0,1.0,3,6,220000.0
2020,3,2.5,56,0,1.0,4,7,444950.0
2030,4,2.5,29,0,1.0,3,8,598000.0
2690,4,3.5,12,0,2.0,3,9,699850.0
1750,3,2.5,23,0,2.0,4,7,595000.0
3270,4,2.5,21,0,2.0,3,9,735000.0
2330,4,2.5,36,0,2.0,4,8,542500.0
1720,3,1.75,37,0,1.0,3,7,450000.0
2420,3,2.0,55,0,1.0,4,7,298500.0
710,2,1.0,71,0,2.0,4,7,403950.0
710,2,1.0,72,0,1.0,4,6,271000.0
1510,2,1.0,91,0,1.0,4,7,335000.0
1610,2,2.25,35,0,2.0,5,7,305000.0
1880,3,3.0,8,0,2.0,3,8,630000.0
1220,2,1.75,93,0,1.0,5,7,253000.0
2060,4,1.75,57,0,1.0,4,7,395000.0
1340,3,2.5,33,0,1.0,4,7,265000.0
1030,2,1.0,55,0,1.0,4,6,225000.0
2717,4,2.5,9,0,2.0,3,8,338500.0
1360,2,1.75,39,0,1.0,3,7,300000.0
1260,2,1.0,69,0,2.0,3,6,255000.0
2240,4,3.0,22,0,2.0,3,7,337000.0
2080,3,2.25,27,0,2.0,3,8,324900.0
2760,3,2.75,47,0,1.0,4,8,821000.0
3000,4,2.75,39,0,1.0,4,8,500000.0
3310,4,3.5,5,0,2.0,3,8,885000.0
1630,4,2.0,46,0,1.0,5,7,360000.0
900,3,1.0,42,0,1.0,4,7,304000.0
880,2,1.0,97,0,1.0,3,6,376000.0
1620,4,1.5,58,0,1.0,3,7,425000.0
1610,3,1.75,41,0,1.0,3,8,1180500.0
1730,3,2.5,9,0,2.0,3,7,187000.0
1640,2,1.5,98,0,1.5,5,7,710000.0
1840,3,1.75,41,0,1.0,3,8,585000.0
4700,5,4.0,13,0,2.0,3,11,1400000.0
4500,4,3.5,25,0,1.0,3,12,1980000.0
1780,3,1.75,35,0,1.0,4,8,250000.0
3800,4,2.75,28,0,2.0,4,10,950000.0
2980,3,2.5,22,0,2.0,3,10,725000.0
2780,4,2.5,36,0,1.0,3,8,505000.0
560,1,1.0,68,0,1.0,3,4,90000.0
2060,4,2.0,47,0,2.0,3,7,400000.0
1140,3,1.0,61,0,1.0,3,8,407000.0
1890,3,1.5,95,0,1.5,5,7,651000.0
2090,3,2.25,37,0,1.0,3,7,485000.0
3460,4,2.75,83,0,2.0,4,8,460000.0
1320,2,1.0,73,0,1.0,4,7,369000.0
1240,2,1.0,71,0,1.0,3,6,355000.0
810,2,1.0,34,0,1.0,3,7,155000.0
1880,3,1.0,90,0,1.5,4,8,1000000.0
2680,4,2.5,27,0,2.0,4,9,419625.0
2040,3,2.0,61,0,2.0,4,7,435000.0
2180,4,1.75,38,0,1.0,4,7,379000.0
1870,4,2.25,6,0,2.0,3,7,293000.0
2310,4,2.75,25,0,1.0,4,8,592100.0
1120,3,1.75,70,0,1.0,3,7,362000.0
1340,3,1.0,55,0,1.0,3,7,227000.0
1260,3,1.75,44,0,1.0,3,7,335500.0
1200,3,1.75,37,0,1.5,5,7,213000.0
2400,5,2.5,11,0,2.0,3,7,338000.0
940,3,1.0,60,0,1.0,4,7,163500.0
860,2,1.0,65,0,1.0,3,7,199988.0
2390,3,2.25,66,0,1.0,3,10,1185000.0
3130,4,2.5,10,0,2.0,3,7,320000.0
3550,6,2.25,66,0,1.0,4,8,450000.0
1470,2,2.0,9,0,2.0,3,6,249900.0
910,2,1.0,57,0,1.0,3,6,223000.0
2630,4,4.0,52,0,1.0,3,7,631000.0
1780,4,2.25,52,0,1.0,5,7,350000.0
1430,3,1.75,89,0,1.0,3,7,279000.0
2730,5,2.0,53,0,1.0,5,7,310000.0
900,2,1.0,60,0,1.0,4,6,185000.0
1740,3,2.5,38,0,1.0,4,8,445000.0
2905,4,2.5,11,0,2.0,3,9,365000.0
2230,3,1.5,56,0,1.0,3,7,333500.0
1680,3,2.25,54,0,1.0,3,8,385000.0
1240,3,1.5,60,0,1.0,4,7,345000.0
3230,3,3.0,16,0,2.0,3,10,1260000.0
2560,4,2.5,49,0,1.0,4,7,440000.0
2600,3,2.5,12,0,2.0,3,7,444500.0
1200,4,1.0,42,1,1.0,3,6,340000.0
1660,4,1.0,100,0,1.5,5,7,680000.0
1140,3,1.75,32,0,1.0,4,7,420000.0
3050,3,2.25,26,0,2.0,4,9,438500.0
800,2,1.0,72,0,1.0,3,6,109500.0
1700,4,2.75,51,0,1.0,4,7,461000.0
2630,4,1.75,51,0,1.0,4,9,968000.0
1960,3,1.75,64,0,1.0,4,7,355000.0
1180,3,1.5,53,0,1.0,4,7,249000.0
1960,5,2.5,46,0,1.0,4,7,256500.0
4250,5,2.5,31,0,1.0,4,11,1810000.0
1950,3,2.25,48,0,1.0,4,8,269000.0
3600,4,3.5,67,0,2.0,3,9,1350000.0
2060,3,2.25,39,0,1.0,4,9,885000.0
1640,3,2.0,44,0,1.0,4,7,455000.0
2730,4,2.5,105,0,1.5,5,8,980000.0
1530,3,1.75,72,0,1.0,3,6,412500.0
3060,4,3.5,7,0,2.0,3,9,740000.0
2860,4,2.25,81,0,2.0,3,10,1298000.0
1030,2,1.5,7,0,3.0,3,8,326000.0
2460,4,2.5,16,0,2.0,3,8,568500.0
2500,4,2.5,1,0,2.0,3,9,620000.0
1830,3,1.75,68,0,2.0,3,7,283000.0
2820,6,3.25,97,0,2.0,4,8,875000.0
3750,4,2.25,91,0,2.0,5,8,1310000.0
2070,3,2.5,11,0,2.0,3,7,289950.0
1780,3,2.5,40,0,1.0,4,7,252500.0
2200,4,2.25,55,0,1.0,5,8,376000.0
3240,4,2.5,37,0,1.0,3,9,635700.0
2880,4,2.5,18,0,2.0,3,10,710000.0
1570,3,1.75,68,0,1.0,3,7,440000.0
3180,3,2.5,8,0,1.0,3,8,439000.0
1310,2,1.5,44,0,1.5,3,6,455000.0
910,2,1.0,33,0,1.0,4,7,225000.0
1460,3,1.0,55,0,1.0,4,7,250000.0
3410,4,3.25,23,0,2.0,4,9,585000.0
2720,3,1.75,90,0,1.5,4,7,685000.0
2280,5,2.75,55,0,1.0,3,8,420000.0
670,2,1.0,54,0,1.0,5,6,245000.0
1480,4,2.0,57,0,1.0,4,7,275000.0
2330,3,2.0,28,0,1.0,3,7,270000.0
2170,4,3.0,17,0,2.0,3,8,767250.0
1760,3,2.0,71,0,1.0,4,7,229000.0
1240,3,1.0,87,0,1.5,3,8,400000.0
5210,5,3.25,103,0,2.5,5,10,2195000.0
2800,5,2.0,51,0,1.0,4,8,665000.0
2060,4,2.25,27,0,2.0,3,7,500000.0
2360,5,2.0,47,0,1.0,4,7,355500.0
2370,4,2.5,16,0,2.0,3,9,369000.0
720,2,1.0,64,0,1.0,2,5,338500.0
950,3,1.0,66,0,1.0,3,7,256000.0
1980,3,2.5,21,0,2.0,3,8,470000.0
2540,3,2.5,74,0,2.0,4,9,675000.0
2760,4,2.75,17,0,1.0,3,8,369950.0
2950,5,3.5,9,0,2.0,3,9,615000.0
3640,5,3.0,19,0,2.0,3,10,1200690.0
2150,3,1.75,93,0,2.0,3,8,950000.0
2760,4,2.5,21,0,2.0,3,8,799500.0
840,2,1.0,62,0,1.0,3,6,187000.0
2890,5,2.25,37,0,2.0,3,9,598000.0
2060,3,2.25,48,0,1.0,4,8,429950.0
1700,5,2.25,53,0,1.5,4,7,347950.0
3560,3,2.5,27,0,2.0,3,10,851000.0
1210,3,1.0,57,0,1.0,3,6,205000.0
1590,3,2.25,36,0,1.0,4,7,225000.0
2620,4,2.25,35,0,1.0,3,8,705000.0
3190,5,2.5,12,0,2.0,3,8,535000.0
1450,3,2.0,25,0,2.0,3,7,222500.0
1270,2,1.5,9,0,2.0,3,8,313500.0
2730,3,2.25,23,0,2.0,3,9,632000.0
1840,3,2.0,3,0,2.0,3,7,467000.0
1970,3,2.25,37,0,1.0,4,8,339000.0
3200,3,2.75,10,0,2.0,3,9,712000.0
1060,3,1.0,47,0,1.0,4,7,335000.0
1740,3,3.25,7,0,2.0,3,8,470000.0
810,3,1.0,46,0,1.0,3,7,367000.0
2460,3,2.5,7,0,2.0,3,7,440500.0
2100,4,1.0,46,0,1.0,4,7,305000.0
1530,3,1.75,66,0,1.0,3,7,635000.0
1670,3,2.25,111,0,1.5,3,8,1020000.0
1175,2,2.5,9,0,2.0,3,8,342000.0
2130,3,2.25,36,0,1.0,3,8,283000.0
2470,4,2.75,37,0,1.0,3,8,430000.0
1700,4,2.5,14,0,2.0,3,7,245000.0
2600,3,2.5,10,0,2.0,3,8,355500.0
1460,3,1.0,81,0,1.0,4,7,395000.0
2010,4,2.25,26,0,2.0,4,8,324900.0
1320,3,1.75,96,0,1.5,5,7,660000.0
3150,3,2.5,24,0,2.0,3,10,570000.0
1960,3,2.5,30,0,2.0,4,8,552321.0
2050,2,1.75,64,0,1.0,4,8,1100000.0
1800,3,1.5,64,0,1.0,4,7,237000.0
1210,2,1.0,93,0,1.5,3,7,402000.0
1830,3,2.25,51,0,1.0,5,8,470000.0
1880,3,1.75,88,0,1.0,3,7,395900.0
860,2,1.75,66,0,1.0,3,7,442000.0
2890,4,2.75,17,0,2.0,3,10,795000.0
1390,3,2.0,34,0,1.0,3,7,190500.0
3340,4,2.75,18,0,2.0,3,9,808000.0
2040,4,2.5,16,0,2.0,3,8,500000.0
3010,4,2.75,18,0,2.0,3,11,775000.0
2110,5,1.75,52,0,1.0,3,7,300000.0
2110,5,1.75,53,0,1.0,3,7,496000.0
2510,4,2.5,8,0,2.0,3,9,448000.0
2770,2,2.25,45,0,1.0,4,8,645000.0
1120,3,1.75,89,0,1.5,4,7,464600.0
1530,3,1.0,113,0,2.0,3,8,590000.0
1800,3,2.5,10,0,2.0,3,7,399000.0
1030,2,1.0,89,0,1.0,3,7,305000.0
1210,3,1.75,38,0,1.0,3,7,478000.0
1090,1,1.0,56,0,1.0,4,6,598800.0
1790,4,2.25,41,0,1.0,4,7,430000.0
1550,4,1.5,51,0,1.0,4,7,433000.0
2400,4,2.75,54,0,1.0,3,8,420000.0
2470,4,1.75,77,0,2.0,3,8,585000.0
1170,3,1.0,45,0,1.0,4,7,255000.0
1120,3,1.0,54,0,1.0,3,6,305000.0
1040,4,1.0,71,0,1.5,3,6,396000.0
2460,4,2.5,25,0,2.0,3,9,347500.0
3690,4,2.5,27,0,2.0,3,11,900000.0
1960,3,1.75,32,0,1.0,4,7,425000.0
1920,3,2.5,19,0,2.0,3,8,429000.0
1670,3,2.25,13,0,2.0,3,8,540000.0
1340,3,2.0,41,0,1.0,4,7,324950.0
2610,3,2.25,89,0,2.0,4,7,1049000.0
1540,4,1.75,48,0,1.0,3,7,221000.0
1640,3,2.0,66,0,1.0,3,8,405000.0
2100,3,2.5,62,0,1.0,4,8,1150000.0
1930,4,1.75,42,0,1.0,4,8,588000.0
1430,3,2.0,20,0,1.0,3,7,234950.0
2430,4,1.5,86,0,1.5,4,7,580000.0
2460,5,3.0,23,0,1.0,3,9,637000.0
2490,4,2.25,61,0,1.0,4,8,704000.0
880,2,1.0,76,0,1.0,5,6,210000.0
2110,4,2.5,14,0,2.0,3,8,772000.0
1850,4,1.75,74,0,2.0,5,8,763000.0
2060,2,1.5,85,0,1.5,4,7,213500.0
1360,2,1.0,90,0,1.0,4,6,255000.0
2000,3,2.0,36,0,1.0,3,8,423500.0
1810,3,1.5,60,0,1.0,3,8,520000.0
2230,3,2.75,37,0,1.0,4,8,550000.0
1820,3,2.75,18,0,1.0,3,9,795000.0
2740,4,3.0,11,0,2.0,3,8,495000.0
2710,4,2.5,18,0,2.0,3,9,455000.0
910,2,1.0,68,0,1.0,3,5,85000.0
1980,4,2.0,90,0,1.5,2,6,239000.0
1040,3,1.0,55,0,1.0,3,6,184900.0
2810,4,2.25,36,0,1.0,3,8,386000.0
2000,4,2.5,15,0,2.0,3,8,415000.0
1530,3,1.0,53,0,1.0,3,7,387000.0
5110,6,4.0,109,0,2.5,4,11,2140000.0
3133,4,2.25,50,0,2.0,3,9,685000.0
2020,4,2.5,73,0,1.0,3,7,340000.0
750,2,1.0,89,0,1.0,4,6,422000.0
1980,3,2.5,20,0,2.0,3,8,442000.0
1200,3,1.0,71,0,1.0,3,6,280000.0
3580,5,2.5,14,0,2.0,3,9,1150000.0
2010,3,2.5,24,0,2.0,3,7,279000.0
1730,4,2.0,90,0,1.0,5,7,569000.0
5960,5,3.5,30,0,2.0,3,10,1355000.0
860,2,1.0,55,0,1.0,3,7,209950.0
1370,3,1.5,76,0,1.0,3,7,468000.0
1360,3,1.75,52,0,1.0,3,7,237100.0
2530,4,2.5,21,0,2.0,3,8,336000.0
1680,4,2.0,114,0,2.0,4,7,500000.0
1580,3,2.5,20,0,2.0,3,7,290000.0
3890,7,3.5,47,0,2.0,3,9,1185000.0
1600,5,2.0,87,0,1.5,3,7,365000.0
1200,3,1.0,40,0,1.0,5,6,146300.0
1760,3,1.75,37,0,1.0,3,8,554000.0
1670,3,2.0,42,0,1.0,3,7,424000.0
4640,4,3.5,8,0,2.0,3,10,1348000.0
1800,4,1.5,64,0,1.5,4,7,508500.0
1210,3,1.75,30,0,1.0,3,7,244500.0
1280,2,2.5,9,0,2.0,3,7,206000.0
1650,3,2.0,69,0,2.0,3,8,643500.0
1590,4,1.75,92,0,2.0,4,7,372500.0
1900,5,2.0,57,0,1.0,3,8,630000.0
1500,2,2.5,9,0,2.0,3,8,418000.0
2689,4,2.5,9,0,2.0,3,9,425000.0
3250,4,2.75,8,0,2.0,3,9,800000.0
960,2,1.0,63,0,1.0,3,7,208000.0
1650,3,1.75,37,0,1.0,4,7,476000.0
1690,3,2.5,12,0,2.0,3,8,277500.0
2790,3,1.75,44,0,1.0,4,8,478000.0
2310,4,2.75,35,0,3.0,5,8,890000.0
1790,3,3.5,15,0,3.0,3,8,450000.0
1230,3,1.0,49,0,1.0,3,6,205000.0
1620,3,2.0,85,0,1.5,5,8,665000.0
2440,4,2.75,48,0,1.0,5,8,518000.0
2100,4,2.25,35,0,2.0,3,8,465000.0
3040,3,2.5,11,0,2.0,3,7,330000.0
2490,4,3.0,7,0,2.0,3,7,449400.0
2690,3,2.75,8,0,1.0,3,9,829000.0
2190,4,1.75,51,0,1.0,3,8,450000.0
1490,3,1.75,55,0,1.0,5,7,310000.0
2530,3,2.25,29,0,2.0,4,9,615000.0
2060,3,2.0,67,0,1.0,4,8,605000.0
1970,3,2.25,37,0,2.0,4,9,437500.0
1400,3,1.75,89,0,1.5,4,7,545000.0
3680,3,2.5,29,0,1.0,3,10,770000.0
3000,5,2.25,39,0,2.0,4,8,600000.0
1440,3,1.0,104,0,2.0,3,7,560000.0
7730,5,5.75,11,0,2.0,3,12,1920000.0
1170,3,1.0,90,0,1.5,4,7,457000.0
1770,2,1.0,65,0,1.5,3,6,585000.0
1860,3,2.0,29,0,1.0,3,8,560000.0
770,2,1.0,98,0,1.0,4,5,345000.0
3820,4,3.5,59,0,2.0,3,8,550000.0
3190,4,2.5,8,0,2.0,3,10,589950.0
1320,3,1.5,44,0,1.0,3,7,327000.0
1730,2,2.25,67,1,2.0,4,7,800000.0
1010,3,1.0,48,0,1.0,3,6,150000.0
1140,2,2.5,7,0,3.0,3,8,425000.0
860,3,1.0,41,0,1.0,3,7,350000.0
1540,3,1.75,37,0,2.0,4,6,273000.0
2160,4,2.25,54,0,1.0,3,8,750000.0
1450,3,1.5,51,0,1.0,4,7,240000.0
1830,3,1.75,37,0,1.0,4,8,400000.0
1630,3,1.5,34,0,1.0,5,7,230000.0
2500,4,2.5,25,0,2.0,3,8,372000.0
1470,3,1.75,30,0,1.0,3,7,459500.0
2380,3,2.5,19,0,2.0,4,8,582000.0
2170,4,2.5,45,0,1.0,3,7,465000.0
2120,3,2.0,23,0,1.0,3,9,386000.0
1530,3,2.5,16,0,2.0,3,8,546000.0
2710,3,1.75,49,0,1.0,4,7,278000.0
2860,3,2.5,10,0,2.0,3,8,540000.0
2800,4,1.75,80,0,2.0,3,7,529000.0
1120,4,1.0,68,0,1.5,3,7,554000.0
1730,3,1.0,51,0,1.0,3,7,210000.0
1010,2,1.0,89,0,1.0,4,6,225000.0
2350,4,2.5,24,0,2.0,3,9,561600.0
2860,6,5.25,36,0,2.0,3,7,300000.0
4285,4,3.5,68,0,2.0,5,10,1650000.0
4060,4,3.75,12,0,2.0,3,10,1017100.0
1310,3,1.0,52,0,1.0,3,7,150000.0
2320,2,1.75,66,0,1.0,3,7,400950.0
2210,4,2.25,30,0,2.0,3,9,620000.0
2090,4,2.75,73,0,1.5,4,8,449000.0
2240,4,2.5,88,0,1.0,3,7,630000.0
1180,2,1.0,66,0,1.0,4,6,336000.0
1560,4,1.75,49,0,1.0,4,7,299950.0
1970,4,2.0,53,0,1.0,3,8,352500.0
840,2,1.0,89,0,1.0,3,6,150000.0
840,2,1.0,90,0,1.0,3,6,175000.0
1830,3,2.0,25,0,1.0,3,8,305000.0
4475,4,3.75,15,1,2.0,3,12,2574000.0
1800,3,1.5,73,0,1.0,3,7,607500.0
1250,2,1.0,94,0,1.0,3,7,505000.0
2440,3,1.75,52,0,1.0,4,7,280500.0
2910,3,2.5,21,0,2.0,3,10,610000.0
3060,5,2.75,11,0,2.0,3,8,381000.0
2230,5,2.25,36,0,1.0,3,8,482000.0
1270,3,1.0,37,0,1.0,3,7,379950.0
4300,4,4.5,29,0,2.0,3,11,2500000.0
1580,3,2.25,22,0,1.0,3,7,425000.0
2570,4,2.25,34,0,2.0,4,8,580000.0
860,2,1.0,63,0,1.0,3,7,605000.0
820,1,1.0,7,0,1.0,3,8,194000.0
2090,4,2.25,28,0,2.0,3,8,546200.0
3560,4,3.5,0,0,2.0,3,10,1395000.0
1860,3,1.75,54,0,1.0,4,7,315000.0
900,3,1.5,73,0,1.5,5,6,465000.0
1160,2,1.0,51,0,1.0,3,6,330000.0
3100,4,2.75,16,0,2.0,3,10,795000.0
2300,4,2.25,37,0,1.0,3,7,265000.0
3110,4,2.5,25,0,2.0,3,11,1300000.0
1130,3,1.0,73,0,1.0,3,6,126500.0
2920,4,2.5,10,0,2.0,3,9,760000.0
1230,2,1.25,5,0,2.0,3,9,540000.0
2190,5,2.75,36,0,1.0,5,7,446000.0
850,1,0.75,112,0,1.0,3,6,170000.0
1500,3,2.5,42,0,1.0,3,7,379000.0
4620,9,4.0,100,0,2.5,3,11,1400000.0
3150,4,2.75,10,0,2.0,3,9,800000.0
1300,3,1.0,53,0,1.0,3,7,260000.0
3160,5,2.5,55,0,1.0,4,7,820000.0
2070,3,1.75,16,0,1.0,4,7,449950.0
1790,3,2.25,40,0,1.0,3,7,392000.0
1650,3,2.5,16,0,2.0,3,8,465000.0
2070,4,2.5,37,0,1.0,4,7,449950.0
1580,3,1.5,92,0,1.5,5,7,520000.0
2170,4,2.25,39,0,1.0,3,8,546800.0
2220,4,2.75,62,0,1.0,3,7,825000.0
1440,3,1.75,30,0,1.0,3,7,337000.0
720,2,1.0,72,0,1.0,3,6,333000.0
1120,2,2.0,10,0,2.0,3,8,380000.0
1970,3,2.5,23,0,2.0,3,8,280000.0
1420,3,1.5,24,0,1.0,4,6,202000.0
2250,4,2.5,14,0,2.0,3,8,585000.0
2630,4,2.0,58,0,1.0,4,8,435000.0
4740,4,3.5,11,0,2.0,3,11,1200000.0
1280,2,2.25,22,0,2.0,3,7,364000.0
1260,3,1.0,68,0,1.0,3,6,300000.0
1930,2,1.75,9,0,1.0,3,8,558000.0
1048,1,1.5,72,0,1.0,3,7,199950.0
1640,3,2.25,52,0,1.0,4,8,515000.0
2380,4,2.5,10,0,2.0,3,8,590000.0
2530,4,2.0,50,0,1.0,5,8,813500.0
2700,4,2.5,23,0,2.0,4,8,725000.0
2330,3,2.25,44,0,1.5,3,8,490000.0
2160,3,2.25,20,0,2.0,3,7,277000.0
1470,4,1.5,38,0,1.0,3,7,325000.0
2280,4,2.5,19,0,2.0,3,8,649800.0
1280,3,1.0,111,0,1.5,3,7,425000.0
850,2,1.0,40,0,1.0,3,7,460000.0
4610,3,3.25,30,0,2.0,4,9,750000.0
2690,5,2.5,54,0,1.0,3,8,469000.0
2440,4,1.75,60,0,1.0,3,8,566000.0
1930,3,2.5,18,0,2.0,3,8,407500.0
800,2,1.0,72,0,1.0,3,6,353500.0
2430,3,2.25,40,0,1.0,3,8,524000.0
1990,4,2.5,20,0,2.0,3,7,264950.0
2550,3,2.5,24,0,2.0,3,9,547500.0
1370,3,2.25,21,0,2.0,3,7,264500.0
2020,3,2.0,51,0,1.0,3,7,507500.0
1560,3,3.5,8,0,2.0,3,8,560000.0
5610,5,4.0,18,0,2.0,3,11,995000.0
3560,6,2.0,115,0,2.5,3,9,835000.0
2120,3,1.5,65,0,1.0,4,8,440000.0
2920,3,2.5,59,0,1.0,5,8,1015000.0
1340,2,1.0,67,0,1.0,3,7,300000.0
1230,3,1.0,98,0,1.5,1,6,125000.0
2840,4,3.5,104,0,2.0,3,10,986000.0
2080,4,2.5,64,0,1.0,3,7,315000.0
2070,4,2.5,18,0,2.0,3,7,320000.0
4010,4,3.25,11,0,2.0,3,11,972000.0
2190,3,2.5,57,0,1.0,4,7,760000.0
1730,4,3.0,94,0,2.0,3,6,265000.0
1250,2,1.0,66,0,1.0,3,7,355000.0
1300,3,1.0,87,0,1.0,3,6,300000.0
2080,5,2.5,39,0,1.0,4,7,474950.0
2180,4,2.0,37,0,2.0,4,7,470000.0
1630,3,1.0,45,0,1.0,3,7,437500.0
1840,2,1.5,86,0,1.0,3,8,520000.0
1370,2,1.0,64,0,1.0,4,6,237600.0
950,2,1.0,42,0,1.0,4,8,162950.0
1690,3,1.75,111,0,1.0,3,8,457000.0
1780,3,2.5,34,0,1.0,4,8,635000.0
2840,4,3.0,83,0,1.5,4,8,735000.0
2000,2,2.5,22,0,2.0,3,9,910000.0
1570,3,3.25,8,0,2.0,3,8,346500.0
2370,4,2.5,30,0,1.0,3,9,655000.0
1610,3,1.75,37,0,1.0,3,7,425000.0
1300,3,1.0,56,0,1.0,4,6,137000.0
2620,3,2.5,26,0,2.0,3,9,557500.0
3060,4,2.25,22,0,2.0,3,8,415000.0
2780,5,2.25,36,0,2.0,4,9,830000.0
4270,4,3.0,24,0,2.0,3,11,949000.0
1310,3,1.0,28,0,1.0,5,7,420000.0
1100,2,1.0,64,0,1.0,3,7,353000.0
1480,3,1.75,34,0,1.5,3,8,560000.0
1270,3,2.5,13,0,3.0,3,8,445700.0
1270,4,1.0,96,0,1.5,3,7,226000.0
890,3,1.0,54,0,1.0,4,7,358000.0
1480,3,1.75,61,0,1.0,5,7,501000.0
3240,4,2.5,43,0,1.0,3,9,609000.0
4280,4,3.25,12,0,2.0,3,10,734950.0
3210,5,2.5,46,0,1.0,4,8,725000.0
1870,3,2.25,39,0,1.0,3,7,350500.0
3990,5,2.5,52,0,1.0,4,8,610000.0
1160,2,1.0,74,0,1.0,3,7,605125.0
2940,4,2.25,45,0,2.0,4,9,1388000.0
1850,3,2.25,34,0,2.0,3,8,550000.0
1060,2,1.75,11,0,2.0,3,7,335000.0
1100,3,2.0,45,0,1.0,4,7,397000.0
1190,3,2.0,20,0,1.0,3,7,240000.0
1030,3,2.0,44,0,1.0,5,7,240000.0
1140,2,1.5,65,0,1.0,3,7,262500.0
2260,3,1.5,74,0,1.0,3,7,440000.0
1140,3,1.0,105,0,1.5,4,6,160000.0
1860,4,1.0,113,0,1.5,1,7,427000.0
4080,4,3.5,9,0,2.0,3,9,920000.0
3280,4,2.5,103,0,2.0,3,10,2300000.0
2870,4,2.5,37,0,2.0,4,9,480000.0
2300,4,1.75,37,0,1.0,4,9,615000.0
2230,3,2.0,99,0,1.5,4,7,736500.0
1920,3,2.5,10,0,2.5,3,8,542500.0
700,2,1.0,63,0,1.0,5,6,191000.0
2740,4,2.5,23,0,2.0,4,8,730000.0
3440,5,2.25,113,0,2.0,5,9,1225000.0
650,1,1.0,47,0,1.0,4,5,129000.0
1500,3,1.5,57,0,1.0,4,7,284000.0
2490,3,2.5,12,0,2.0,3,9,645000.0
1330,3,1.5,46,0,1.0,4,7,218000.0
3190,4,3.5,15,0,2.0,3,8,675000.0
1590,3,2.5,30,0,2.0,3,7,575000.0
830,2,1.0,64,0,1.0,4,6,225000.0
1810,3,2.25,26,0,2.0,3,8,626000.0
2910,4,2.5,14,0,2.0,3,9,499950.0
2180,4,1.75,58,0,1.0,3,7,405000.0
1090,3,1.0,45,0,1.0,4,6,152500.0
2160,4,2.5,20,0,2.0,3,8,325000.0
2110,3,1.0,90,0,1.0,5,7,475300.0
2180,3,1.75,48,0,1.0,4,7,485000.0
2100,3,2.5,96,0,2.0,4,7,720000.0
1410,3,1.75,90,0,1.0,3,7,465000.0
1020,3,1.5,84,0,1.0,3,7,489000.0
2090,3,2.25,38,0,1.0,4,7,288000.0
1350,3,1.75,46,0,1.0,4,7,225000.0
2650,3,1.75,63,0,1.0,3,8,499000.0
3520,5,3.0,29,0,2.0,4,8,632000.0
2040,3,2.5,22,0,2.0,3,8,580000.0
2340,4,1.5,103,0,2.0,3,8,730000.0
1770,4,2.25,17,0,2.0,3,7,325000.0
1100,3,1.75,51,0,1.0,5,7,421000.0
1490,3,2.5,17,0,2.0,3,8,316000.0
1460,2,1.0,100,0,1.0,4,6,415000.0
1350,3,2.25,11,0,2.0,3,7,401000.0
1030,3,0.75,71,0,1.0,4,5,229950.0
1820,3,1.75,49,0,1.0,4,8,539950.0
1170,3,2.0,95,0,1.0,3,6,335000.0
1450,3,2.5,10,0,2.0,3,7,339000.0
2200,4,1.75,96,0,1.0,4,7,414950.0
1610,4,2.0,48,0,1.0,4,8,650000.0
2690,3,2.5,20,0,2.0,3,8,445000.0
1850,3,2.25,41,0,2.0,3,9,295000.0
2250,4,2.25,103,0,2.0,4,9,975000.0
1580,3,1.5,53,0,1.0,4,7,296500.0
2030,4,2.75,35,0,1.0,3,8,440000.0
1890,5,1.5,52,0,1.0,3,7,420000.0
2140,3,2.5,20,0,2.0,3,8,302000.0
1770,4,1.75,29,0,1.0,4,8,350000.0
3320,3,1.75,81,0,1.5,4,8,667000.0
1640,3,2.0,74,0,1.0,4,7,645000.0
1820,4,2.75,26,0,1.0,4,7,430000.0
1410,4,1.0,89,0,1.0,3,7,413000.0
1240,3,1.0,46,0,1.0,3,7,420000.0
1780,3,2.25,35,0,1.0,4,7,495000.0
4240,4,4.5,10,0,2.0,3,10,2187730.0
3570,4,2.5,25,0,2.0,3,10,965000.0
1900,4,2.5,6,0,1.0,3,8,500000.0
1010,3,1.0,95,0,1.5,3,7,636100.0
2870,4,2.5,28,0,2.0,4,9,720000.0
1620,3,1.75,53,0,1.0,3,8,298000.0
1480,2,1.75,89,0,1.0,4,6,409000.0
2650,4,2.5,9,0,2.0,3,9,370000.0
1410,5,1.0,47,0,1.0,5,7,230000.0
1360,3,2.0,63,0,1.0,3,7,290000.0
2930,4,2.25,38,0,1.0,4,8,420000.0
3500,4,2.5,19,0,2.0,3,10,917000.0
3160,5,3.25,9,0,2.0,3,10,957000.0
1710,3,2.25,25,0,2.0,3,7,482000.0
2180,3,1.75,24,0,2.0,3,9,488000.0
2870,5,2.5,0,0,2.0,3,9,760369.0
1500,2,1.0,64,0,1.0,3,8,170000.0
2120,3,2.5,39,0,1.0,4,8,625000.0
1590,3,1.5,38,0,1.0,3,7,357000.0
1830,3,2.25,26,0,1.0,3,8,583000.0
1210,3,2.0,60,0,1.0,4,7,173250.0
1590,4,2.0,58,0,1.5,4,7,414050.0
1050,3,1.75,86,0,1.5,4,6,400000.0
1550,3,2.0,33,0,1.5,3,8,537000.0
2070,4,2.25,37,0,2.0,4,7,465000.0
1740,3,2.25,45,0,1.0,5,8,425000.0
1700,4,2.0,74,0,1.0,4,6,445000.0
1200,2,1.0,56,0,1.0,3,6,179950.0
1710,3,2.5,19,0,2.0,3,7,275000.0
1840,4,2.5,20,0,2.0,3,7,190000.0
1900,3,1.75,32,0,1.0,3,7,385000.0
2300,4,1.0,87,0,1.0,3,6,303000.0
970,3,1.0,48,0,1.0,4,6,165000.0
1270,2,2.0,71,0,1.0,3,6,600000.0
3130,3,2.25,36,0,2.0,4,8,710000.0
4230,5,3.25,25,0,2.0,3,10,875000.0
1480,3,2.5,18,0,2.0,4,7,269950.0
3310,4,2.5,13,0,2.0,3,9,838000.0
1590,4,2.0,63,0,1.0,3,7,670500.0
1690,4,1.5,55,0,1.0,3,7,420000.0
1690,3,1.5,62,0,1.0,2,7,370000.0
1500,3,1.75,57,0,1.0,3,7,360000.0
2320,4,2.5,23,0,2.0,3,8,562500.0
3300,3,2.5,53,0,1.0,5,8,360500.0
1445,3,2.25,11,0,2.0,3,7,389999.0
1890,4,3.0,47,0,1.0,4,7,450000.0
1760,4,2.0,53,0,1.0,3,7,247500.0
1050,3,1.0,67,0,1.0,5,5,208000.0
1980,3,2.5,21,0,2.0,3,7,455000.0
2120,4,1.75,64,0,1.0,4,7,379400.0
760,3,1.5,108,0,1.0,3,6,190000.0
1300,3,1.0,37,0,1.0,3,7,326188.0
1160,2,2.5,16,0,2.0,3,7,168000.0
2340,4,2.5,11,0,2.0,3,8,314000.0
2710,4,2.75,14,0,2.0,3,9,630000.0
1440,3,1.75,58,0,1.0,4,7,550000.0
1980,4,2.25,33,0,2.0,3,8,530000.0
1680,3,1.75,49,0,1.0,4,7,637500.0
1390,3,2.5,16,0,2.0,3,8,400000.0
3100,5,2.75,64,0,2.0,4,8,700000.0
1680,3,2.5,23,0,2.0,3,7,272000.0
2710,4,2.5,11,0,2.0,3,8,600000.0
840,2,1.0,72,0,1.5,4,7,450600.0
2090,3,2.25,26,0,2.0,3,10,550000.0
1120,3,1.0,28,0,1.0,5,6,225000.0
1210,3,1.5,46,0,1.0,5,6,132825.0
1210,3,1.5,46,0,1.0,5,6,219950.0
1940,5,2.0,69,0,1.0,5,7,580000.0
1930,3,1.75,34,0,1.0,3,7,568000.0
1270,3,1.75,25,0,1.0,4,7,406000.0
1680,3,1.75,85,0,1.5,3,7,469000.0
2090,3,2.5,14,0,2.0,3,8,415000.0
1000,3,1.5,58,0,1.0,4,7,390000.0
1350,3,1.75,48,0,1.0,3,8,251000.0
3280,3,2.5,14,0,2.0,3,9,750000.0
2390,4,2.5,27,0,2.0,3,9,845000.0
1860,3,1.5,48,0,1.0,4,7,350000.0
1380,3,1.0,71,0,1.0,3,7,322000.0
3070,4,2.25,5,0,2.0,3,8,664500.0
2190,3,1.75,92,0,1.5,4,8,988000.0
1990,2,1.75,62,0,1.0,5,7,625000.0
930,2,1.0,63,0,1.0,3,6,675000.0
2070,3,1.75,48,0,1.0,4,7,503000.0
2170,4,2.25,54,0,1.0,4,8,431000.0
1910,3,1.75,50,0,1.0,4,7,250000.0
2100,4,2.5,8,0,2.0,3,8,268500.0
3560,6,3.25,63,0,2.0,4,9,1070000.0
2290,4,2.5,13,0,2.0,3,7,295000.0
2130,3,2.25,37,0,1.0,4,8,780000.0
2160,3,2.5,16,0,2.0,3,8,354000.0
860,2,1.0,65,0,1.0,3,6,305000.0
2880,5,2.75,10,0,2.0,3,8,733000.0
2100,4,2.75,46,0,1.0,4,8,640000.0
2360,4,2.5,42,0,1.0,3,8,840000.0
3680,5,3.25,87,0,1.5,4,10,1475000.0
1560,3,1.0,63,0,1.0,4,8,525000.0
1680,4,2.75,48,0,1.0,4,7,625000.0
2610,4,2.75,104,0,3.0,5,8,650000.0
870,2,1.0,64,0,1.0,3,7,435000.0
1210,3,1.0,59,0,1.0,3,8,660000.0
1150,3,1.0,45,0,1.0,4,6,350000.0
3110,3,2.5,48,0,1.0,3,8,435000.0
2550,6,1.5,56,0,1.0,4,8,375900.0
2430,3,3.0,31,0,1.0,4,8,272000.0
1460,3,1.75,36,0,1.0,2,7,233000.0
1330,4,1.5,99,0,1.5,3,7,500000.0
2040,4,1.75,38,0,1.0,3,8,540000.0
2375,3,2.5,12,0,2.0,3,9,712000.0
2480,4,2.5,9,0,2.0,3,7,425000.0
1580,3,1.75,70,0,1.0,5,7,242000.0
2740,5,3.25,37,0,1.0,5,7,515000.0
1920,4,1.75,44,0,2.0,4,7,415000.0
2200,3,2.75,37,0,1.0,4,8,375000.0
910,3,1.0,43,0,1.0,4,7,182500.0
1860,3,1.5,52,0,1.0,3,7,310000.0
1510,3,1.75,67,0,1.0,3,7,360000.0
3920,4,3.5,11,0,2.0,3,9,889000.0
1330,2,1.0,63,0,1.0,3,7,450500.0
1964,4,2.25,2,0,2.0,3,9,342000.0
1520,3,2.0,18,0,1.0,3,8,413000.0
3720,5,4.0,9,0,2.0,3,10,960000.0
770,2,1.0,67,0,1.0,3,7,180000.0
3210,4,2.5,19,0,2.0,3,10,770000.0
1070,3,1.75,20,0,1.0,3,7,224400.0
1430,3,1.5,59,0,1.0,3,7,280000.0
1670,3,2.5,15,0,2.0,3,8,500000.0
710,2,1.0,72,0,1.0,5,6,153000.0
1920,3,2.25,93,0,1.0,4,7,385000.0
750,2,1.0,67,0,1.0,3,7,325000.0
2210,4,3.0,11,0,2.0,3,7,315000.0
1660,4,2.5,20,0,2.0,3,7,294999.0
1910,3,1.75,51,0,1.5,4,8,175000.0
1910,3,1.75,52,0,1.5,4,8,299000.0
780,2,1.0,78,0,1.0,3,6,146000.0
1650,3,2.25,52,0,1.0,3,7,290000.0
3230,3,3.25,9,0,2.0,3,10,1776000.0
810,2,1.0,95,0,1.0,3,6,367500.0
2750,4,2.5,21,0,2.0,3,8,535000.0
1650,3,2.5,16,0,2.0,3,7,334999.0
1960,3,1.75,62,0,1.0,4,7,655000.0
2790,4,3.5,29,0,1.5,5,8,1298000.0
2230,4,2.25,38,0,1.0,4,7,480000.0
1280,3,1.5,74,0,1.0,4,7,465000.0
1240,3,2.0,47,0,1.0,3,7,297950.0
1860,3,2.0,100,0,1.5,3,7,590000.0
2410,4,2.75,64,0,1.0,5,8,805000.0
1960,3,2.25,31,0,1.0,4,7,204250.0
1710,3,2.25,20,0,2.0,4,8,500000.0
3480,4,2.5,37,0,1.0,4,9,490000.0
3480,4,3.75,64,0,1.0,3,9,2500000.0
2960,3,2.5,24,1,2.0,4,9,750000.0
2670,4,2.5,13,0,2.0,3,9,405000.0
700,2,1.0,61,0,1.0,5,5,209995.0
2830,4,2.5,16,0,2.0,3,9,680000.0
1120,3,1.75,66,0,1.0,4,6,355000.0
1310,2,1.0,73,0,1.0,3,6,280000.0
1710,3,2.25,36,0,1.0,3,7,385000.0
2200,4,2.75,52,0,1.0,4,8,505000.0
3310,4,3.25,23,0,2.0,3,9,429900.0
2280,4,2.5,25,0,2.0,3,9,560000.0
1640,3,2.0,37,0,1.0,4,7,231000.0
750,2,1.0,72,0,1.0,4,6,135000.0
3520,4,3.0,60,0,1.0,3,8,800000.0
2720,3,2.5,12,0,2.0,3,8,420000.0
1660,3,1.0,51,0,1.0,3,7,360000.0
2560,4,2.5,22,0,2.0,3,9,642000.0
1080,3,2.0,30,0,1.0,3,7,379950.0
2050,3,1.75,55,0,1.5,5,9,745000.0
2670,4,2.0,84,0,1.5,4,9,630000.0
1730,3,2.5,30,0,2.0,4,7,250000.0
990,3,1.0,46,0,1.0,3,7,275000.0
3560,6,3.0,58,0,1.0,4,7,435000.0
700,2,1.0,74,0,1.0,3,5,175000.0
1880,4,1.75,70,0,1.5,4,7,560000.0
1870,4,2.25,55,0,1.0,4,7,325000.0
2500,3,2.75,109,0,2.0,5,9,1185000.0
2570,3,2.5,25,0,2.0,3,9,399950.0
2940,4,2.5,23,0,2.0,4,9,752000.0
3930,4,3.5,12,0,2.0,3,10,1200000.0
2150,4,1.5,62,0,1.0,4,7,400000.0
1330,3,2.0,114,0,1.0,4,7,240000.0
3220,5,2.5,11,0,2.0,3,8,640000.0
2710,3,2.5,17,0,2.0,3,9,564450.0
1630,3,1.5,67,0,1.0,4,6,300000.0
1680,3,2.5,12,0,2.0,3,8,286000.0
1930,3,2.5,11,0,2.0,3,7,531800.0
2140,4,2.25,37,0,1.0,3,7,502000.0
4070,4,2.25,46,0,2.0,4,10,993500.0
1350,3,1.0,60,0,1.0,4,7,450000.0
4270,4,3.5,6,0,2.0,3,9,997950.0
1320,3,1.0,101,0,1.5,5,7,526000.0
2100,3,1.75,63,0,1.0,4,7,335000.0
710,2,1.0,88,0,1.0,5,6,187250.0
2350,3,2.25,66,0,1.0,5,7,735000.0
1180,3,1.0,64,0,1.0,3,7,425000.0
1250,3,1.0,69,0,1.0,5,6,110000.0
1490,3,2.0,20,0,1.0,3,7,305000.0
1000,3,1.0,53,0,1.0,3,6,212000.0
4050,5,4.25,36,0,1.0,4,10,1380000.0
2300,5,2.25,51,0,1.0,3,8,298950.0
1330,3,1.75,38,0,1.0,4,7,525000.0
3200,4,3.25,10,0,2.0,3,9,707000.0
2590,3,2.75,21,0,2.0,3,10,695000.0
2590,3,2.75,21,0,2.0,3,10,796500.0
2030,4,2.5,41,0,1.0,3,7,420000.0
2700,5,2.5,59,0,1.0,4,8,625000.0
1670,3,1.75,57,0,1.0,4,8,620000.0
3090,5,2.75,61,0,1.0,4,9,1450000.0
2650,5,2.5,31,0,2.0,3,9,549950.0
1440,4,2.0,72,0,1.0,3,5,275000.0
2820,3,2.5,35,0,1.0,3,9,705000.0
1690,3,1.75,38,0,1.0,4,7,197000.0
1420,3,1.75,24,0,1.0,3,8,265000.0
1790,4,1.75,63,0,1.0,4,7,297000.0
1320,3,1.75,44,0,1.0,4,7,207500.0
1509,3,2.5,0,0,3.0,3,8,410000.0
1610,3,2.0,20,0,1.0,3,7,268000.0
1550,4,1.75,47,0,1.0,4,6,330000.0
1160,3,1.0,97,0,1.0,4,6,417500.0
2500,4,2.25,35,0,2.0,4,8,760000.0
1540,3,2.5,19,0,3.0,3,8,499000.0
1910,4,2.5,27,0,2.0,3,8,620000.0
2340,3,2.5,22,0,2.0,3,7,315000.0
2060,3,2.5,21,0,2.0,4,8,624950.0
1960,3,2.25,54,0,1.0,4,7,525000.0
1150,2,1.5,32,0,2.0,3,7,300000.0
2330,4,2.75,38,0,1.0,4,8,299900.0
2210,3,2.5,48,0,1.0,4,7,299000.0
3260,4,2.75,46,0,1.0,4,10,1880000.0
1900,4,1.75,56,0,1.0,5,6,265000.0
1610,2,1.75,66,0,1.5,2,6,280000.0
1340,3,1.0,36,0,1.0,4,6,124740.0
3170,3,2.75,58,0,1.0,5,9,1085000.0
4440,8,3.5,55,0,2.0,5,10,1970000.0
1370,4,1.0,67,0,1.5,4,6,219000.0
1420,5,1.0,89,0,1.5,4,8,569950.0
1030,2,2.0,76,0,1.0,4,6,212500.0
1820,3,2.25,54,0,1.0,5,7,680000.0
2650,4,1.5,105,0,2.0,4,9,1457000.0
910,3,1.0,43,0,1.0,4,7,300000.0
1680,3,2.5,1,0,2.0,3,9,629950.0
1550,2,1.75,45,0,1.0,3,6,349900.0
2780,4,2.5,13,0,2.0,3,8,690000.0
4070,5,4.0,1,0,2.0,3,10,1454000.0
3240,3,2.5,28,0,2.0,3,11,1288000.0
3650,4,3.5,18,0,2.0,3,9,696000.0
2180,3,2.25,39,0,2.0,3,8,650000.0
2480,3,3.5,16,0,2.0,3,8,640000.0
3180,5,2.5,36,0,1.0,3,9,499950.0
3630,4,2.5,17,0,2.0,3,10,490000.0
3160,5,2.5,11,0,2.0,3,9,685000.0
1370,4,1.0,73,0,2.0,3,6,387500.0
1070,2,1.5,10,0,2.0,3,8,401750.0
2180,4,2.0,37,0,1.0,5,7,254950.0
2420,4,2.25,38,0,2.0,4,8,500000.0
3290,4,2.5,11,0,2.0,3,10,856500.0
1430,3,1.0,95,0,1.0,4,6,552000.0
1890,4,2.5,36,0,1.0,4,7,506500.0
1760,3,2.25,26,0,2.0,3,8,500000.0
2230,4,2.75,46,0,1.0,3,7,280000.0
1630,3,1.75,36,0,1.0,4,7,308000.0
2350,3,2.5,26,0,2.0,3,8,613500.0
1550,3,1.75,38,0,1.0,3,7,255000.0
3550,3,2.5,37,0,2.0,3,10,545000.0
2720,4,2.5,48,0,1.0,5,7,620000.0
1740,3,1.75,65,0,1.5,4,7,450000.0
1840,4,1.75,39,0,1.0,3,7,279000.0
2010,3,2.5,6,0,2.0,3,9,625000.0
1670,3,1.75,27,0,1.0,3,7,274950.0
1820,3,1.75,62,0,1.0,4,7,423000.0
720,2,1.0,65,0,1.0,5,6,350000.0
2370,4,1.75,47,0,1.0,3,7,305000.0
2120,3,1.75,48,0,1.0,4,7,368000.0
1290,3,1.75,30,0,1.0,3,7,232000.0
1800,4,3.0,14,0,2.0,3,7,250000.0
1230,3,1.75,49,0,1.0,4,7,220000.0
1380,3,2.0,28,0,1.0,3,7,435000.0
740,2,1.0,92,0,1.0,4,6,350000.0
1720,5,2.5,44,0,1.5,3,7,206325.0
1720,5,2.5,45,0,1.5,3,7,339000.0
2100,4,2.5,46,0,1.0,5,7,399000.0
1210,2,1.0,65,0,1.0,3,6,529000.0
2210,4,2.5,16,0,2.0,3,9,640000.0
2470,4,2.5,10,0,3.0,3,8,735000.0
2760,5,2.5,54,0,1.0,4,8,378000.0
2540,3,2.0,109,0,1.5,4,8,775000.0
5150,3,4.25,60,0,2.5,3,11,2250000.0
3420,4,4.5,1,0,3.0,3,9,1350000.0
2270,4,2.5,47,0,1.0,3,8,380000.0
2270,4,2.5,48,0,1.0,3,8,624900.0
1470,3,2.5,9,0,2.0,3,8,379770.0
1280,3,1.75,38,0,1.0,3,8,340000.0
2830,4,2.75,10,0,2.0,3,8,515500.0
1970,4,2.25,106,0,1.5,3,7,600000.0
1390,1,1.0,54,0,1.0,3,6,400000.0
1020,4,1.0,67,0,1.5,5,6,364000.0
2250,4,2.5,25,0,2.0,3,8,440000.0
800,2,1.0,60,0,1.0,3,6,285000.0
1560,3,1.0,100,0,1.5,5,7,669000.0
2100,4,2.0,52,0,1.0,5,7,475000.0
990,2,1.0,104,0,1.0,4,7,747000.0
1060,3,1.5,34,0,1.0,2,7,317000.0
1270,2,1.0,73,0,1.0,4,6,390000.0
2740,4,2.5,3,0,2.0,3,9,1070000.0
2470,4,2.75,54,0,1.0,3,9,1205000.0
1970,3,1.75,107,0,1.0,3,7,580000.0
2070,4,2.5,45,0,1.0,3,8,518000.0
1010,3,1.75,45,0,1.0,3,7,147500.0
2220,4,2.25,50,0,1.0,4,8,555000.0
1090,2,2.0,6,0,3.0,3,8,427500.0
4310,3,2.5,32,0,1.5,5,10,1735000.0
1490,3,2.5,12,0,2.0,3,7,265950.0
700,2,1.0,64,0,1.0,3,6,247500.0
1450,4,1.0,71,0,1.0,3,6,244000.0
2120,3,2.5,26,0,2.0,4,8,578550.0
1670,4,2.5,9,0,2.0,3,7,451000.0
1810,2,1.75,10,0,2.0,3,8,489000.0
710,2,1.0,100,0,1.0,2,5,190000.0
2540,3,3.0,37,0,1.0,3,7,475000.0
1420,3,2.0,109,0,1.5,3,7,485000.0
2440,3,2.75,27,0,2.0,3,8,530000.0
2570,4,2.5,21,0,2.0,3,9,379000.0
3090,5,2.5,51,0,2.0,4,9,1629000.0
2050,3,1.75,89,0,1.5,4,8,739000.0
920,3,1.0,45,0,1.0,5,6,189950.0
2320,4,3.0,15,0,2.0,3,8,637500.0
3450,3,3.0,66,0,1.0,4,9,2225000.0
1660,3,1.0,51,0,1.0,4,7,209950.0
1130,3,1.0,71,0,1.0,3,6,460000.0
2550,4,2.5,16,0,2.0,3,8,543500.0
2420,4,2.75,9,0,2.0,3,8,376000.0
1470,3,2.25,9,0,2.0,3,8,430000.0
2030,4,2.5,61,0,1.0,4,7,515000.0
2310,7,2.75,99,0,1.5,3,6,580000.0
3370,5,3.5,17,0,2.0,3,9,600000.0
1900,3,1.75,95,0,1.5,4,6,476800.0
1940,3,1.5,99,0,2.0,4,8,815000.0
2420,3,2.5,16,0,2.0,3,7,455600.0
1010,3,1.0,45,0,1.0,3,7,270000.0
2710,5,4.0,40,0,3.0,3,10,1200000.0
1340,2,1.5,111,0,1.5,3,7,525000.0
1310,3,1.75,35,0,1.0,3,7,242000.0
2650,4,2.5,54,0,1.0,4,8,715000.0
1890,3,2.75,16,0,2.0,3,8,475000.0
2580,4,3.0,15,0,2.0,3,8,370000.0
3500,4,2.75,9,0,2.0,3,9,788600.0
1040,2,1.0,102,0,1.0,5,6,160000.0
1930,5,1.75,84,0,2.0,3,7,800000.0
2190,4,3.0,22,0,2.0,4,8,520000.0
1530,3,1.75,29,0,2.0,3,8,725000.0
1480,4,1.0,100,0,1.5,4,7,335000.0
3620,4,2.5,22,0,1.0,3,10,919000.0
3370,3,2.75,29,0,2.0,3,9,425000.0
2100,5,2.5,32,0,1.0,3,7,420000.0
3370,4,3.0,33,0,2.0,4,10,905000.0
2240,2,1.0,74,0,1.0,4,7,435000.0
1650,3,2.5,11,0,2.0,3,7,438000.0
2630,4,2.75,20,0,2.0,3,8,725000.0
2330,4,1.75,90,0,2.0,5,8,840000.0
1970,3,2.5,36,0,2.0,3,8,425500.0
2820,3,2.5,29,0,1.0,3,9,853505.0
590,2,1.0,31,0,1.5,3,5,398000.0
2060,3,2.5,7,0,2.0,3,7,418500.0
1890,3,1.5,85,0,1.5,3,9,826000.0
2810,4,2.5,17,0,2.0,3,10,742000.0
1470,4,1.0,90,0,1.5,3,6,180000.0
2190,4,1.75,37,0,2.0,2,8,286000.0
1440,3,2.5,11,0,2.0,3,7,421200.0
2480,3,3.0,20,0,1.0,3,8,390000.0
2780,4,2.5,12,0,2.0,3,9,739000.0
2180,4,3.0,46,0,2.0,4,7,499900.0
3340,3,2.25,64,0,1.0,3,8,670000.0
2560,3,2.25,104,0,1.5,3,8,842500.0
1600,2,2.25,36,0,2.0,4,7,492500.0
2230,3,2.5,18,0,3.0,3,9,836500.0
900,2,1.0,70,0,2.0,4,7,334000.0
1010,3,1.0,37,0,1.0,3,6,179900.0
1580,3,2.0,74,0,1.0,3,7,563000.0
1890,3,2.5,12,0,2.0,3,7,310000.0
2160,4,2.25,49,0,1.0,3,7,335000.0
2160,4,2.25,50,0,1.0,3,7,499950.0
1410,2,1.0,87,0,1.5,3,8,658500.0
1430,2,1.5,15,0,3.0,3,7,297000.0
2380,6,1.75,97,0,2.0,3,8,725000.0
2206,3,2.25,31,0,1.0,3,6,780000.0
1030,3,1.0,67,0,1.0,3,7,252500.0
1070,3,2.5,9,0,2.0,3,7,330000.0
2320,3,2.5,25,0,1.0,3,9,525000.0
1270,2,1.75,32,0,1.0,4,7,365000.0
2570,4,3.0,85,0,2.0,3,7,500000.0
920,3,1.0,45,0,1.0,5,6,179950.0
1790,3,2.0,7,0,1.0,3,7,440000.0
480,1,0.75,66,0,1.0,2,4,145000.0
2483,4,3.0,10,0,2.0,3,8,331000.0
2140,3,2.25,109,0,2.0,3,9,780000.0
1900,3,1.75,50,0,1.0,3,7,855000.0
1650,3,2.25,28,0,1.0,3,8,225000.0
1510,3,1.0,48,0,1.0,3,7,199000.0
2910,3,1.75,35,0,1.5,3,8,550000.0
4960,4,4.25,105,0,2.5,3,11,1425000.0
2710,3,2.0,85,0,1.5,4,8,805000.0
1810,3,1.5,31,0,1.0,3,7,261000.0
940,3,1.0,46,0,1.0,3,7,347000.0
1600,3,2.25,35,0,1.0,3,7,390000.0
2640,4,2.5,14,0,2.0,3,7,436000.0
3890,5,3.25,38,0,1.0,3,10,1802750.0
1630,3,2.5,10,0,3.0,3,8,557000.0
830,3,1.0,56,0,1.0,3,7,135000.0
1800,3,2.5,22,0,2.0,3,8,425000.0
2060,3,2.25,51,0,1.0,5,8,648752.0
4040,4,3.0,42,0,1.0,3,9,1388000.0
1910,4,2.75,38,0,1.0,5,7,630100.0
2800,4,2.5,15,0,2.0,3,9,739000.0
1320,3,1.5,28,0,2.0,3,7,269000.0
1220,3,1.0,73,0,1.0,5,6,250000.0
3100,5,2.75,8,0,2.0,3,7,475000.0
550,1,1.0,98,0,1.0,2,6,290000.0
1080,3,1.0,61,0,1.5,3,7,219000.0
880,2,1.0,96,0,1.0,5,6,416000.0
720,2,1.0,66,0,1.0,3,6,179000.0
2030,4,2.75,26,0,1.0,4,7,302000.0
2040,4,2.0,54,0,2.0,3,7,565000.0
1570,3,1.0,53,0,1.0,3,7,281700.0
1500,2,1.0,112,0,1.0,3,7,480000.0
3180,4,2.5,26,0,2.0,3,9,775000.0
1260,3,1.75,67,0,1.0,5,7,375000.0
1390,3,1.5,35,0,2.0,3,7,345000.0
2850,3,3.0,38,0,1.0,3,8,300000.0
2070,4,2.5,13,0,2.0,3,8,364950.0
2650,3,3.25,58,0,1.0,4,8,410000.0
1220,3,1.75,37,0,1.0,3,7,231000.0
1630,3,2.0,27,0,1.0,3,9,445000.0
1785,2,2.5,39,0,2.0,3,7,530000.0
1260,3,2.5,6,0,2.0,3,8,353500.0
1380,3,1.5,54,0,1.0,3,7,209950.0
2330,3,1.75,65,0,1.0,4,8,650000.0
840,2,1.0,66,0,1.0,3,7,325000.0
1730,3,2.25,36,0,1.0,3,8,257000.0
2230,4,2.5,12,0,2.0,4,7,337000.0
1790,3,2.5,9,0,2.0,3,8,541000.0
2280,3,2.5,30,0,2.0,3,9,577500.0
2430,3,2.5,36,0,1.0,3,8,560000.0
3730,5,3.0,87,0,1.5,3,7,979700.0
2230,5,3.0,54,0,1.0,3,8,750000.0
770,2,1.0,91,0,1.0,3,7,407500.0
1814,4,1.75,63,0,1.0,4,7,530000.0
1920,4,1.75,38,0,1.0,4,7,235000.0
1860,4,2.5,87,0,1.5,3,7,715000.0
2750,5,3.0,58,0,1.0,4,7,795000.0
1930,4,2.5,46,0,1.0,4,9,465000.0
1950,3,2.5,24,0,2.0,3,7,287600.0
2470,6,3.0,32,0,2.0,3,8,630000.0
1630,3,2.25,29,0,1.0,3,7,445000.0
2110,4,2.25,37,0,1.0,3,8,490000.0
1490,3,1.75,61,0,1.0,3,8,565000.0
1740,3,2.5,6,0,2.0,3,8,330000.0
1900,4,2.75,53,0,1.0,3,7,463000.0
4510,5,4.0,45,0,2.0,3,10,1870000.0
1090,3,1.0,102,0,1.5,5,5,219500.0
1720,3,1.75,55,0,1.0,3,7,622200.0
1400,2,3.25,14,0,3.0,3,8,474800.0
2090,4,2.5,49,0,1.0,5,7,465000.0
1580,3,1.75,48,0,1.0,3,8,389950.0
2620,4,2.5,30,0,2.0,4,8,650000.0
1500,3,2.0,11,0,1.0,3,7,395000.0
2030,4,2.5,13,0,2.0,3,8,304500.0
1020,3,1.0,66,0,1.0,3,6,307000.0
1540,3,2.5,77,0,1.0,3,7,485000.0
3910,5,3.0,54,0,1.0,4,9,1562000.0
3920,5,4.25,60,0,2.0,3,7,650500.0
3180,4,2.5,29,0,2.0,4,9,960000.0
2330,3,2.5,18,0,2.0,3,9,710000.0
2600,3,2.5,103,1,1.5,3,8,540000.0
1950,4,1.75,63,0,1.0,5,7,601000.0
3250,5,1.75,50,0,1.0,3,8,463828.0
1130,4,1.0,71,0,1.5,4,6,293000.0
2620,3,2.5,12,0,2.0,3,7,597500.0
1120,2,1.0,83,0,1.0,4,5,240000.0
1800,3,1.75,46,0,1.0,3,7,284000.0
2180,4,1.75,49,0,1.0,3,8,440000.0
1960,3,1.75,66,0,1.0,3,7,340000.0
1960,3,1.75,67,0,1.0,3,7,363000.0
1150,2,1.0,104,0,1.0,3,6,270000.0
2800,4,2.5,17,0,2.0,4,7,365000.0
1310,3,2.0,28,0,1.0,3,7,428000.0
2340,3,1.75,27,0,1.0,3,8,600000.0
1430,3,2.5,54,0,1.0,3,7,405000.0
2340,4,2.5,33,0,1.0,3,8,339900.0
1290,3,1.0,58,0,1.0,3,7,275000.0
760,2,1.0,73,0,1.0,3,6,361600.0
2780,6,2.0,60,0,2.5,4,7,325000.0
2090,3,2.0,83,0,1.5,4,8,1050000.0
3060,4,3.0,57,0,1.0,4,8,959750.0
1110,3,1.0,52,0,1.0,3,7,210000.0
1790,3,2.0,16,0,1.5,3,7,258000.0
1830,3,1.5,52,0,1.0,5,7,468000.0
2850,4,3.5,110,0,2.0,3,8,710000.0
1420,3,1.0,74,0,1.0,3,6,268000.0
790,2,1.0,85,0,1.0,3,5,115000.0
2300,3,2.5,17,0,2.0,3,8,500000.0
2440,3,2.5,18,0,1.0,4,9,431000.0
1310,3,2.0,20,0,1.0,3,7,241500.0
1380,3,1.0,52,0,1.0,3,7,300000.0
2790,4,2.5,27,0,2.0,3,9,982000.0
1360,3,2.5,27,0,2.0,3,8,248500.0
2510,4,2.5,16,0,2.0,3,9,665000.0
4560,3,3.0,13,0,2.0,3,10,1215000.0
780,2,1.0,96,0,1.0,3,6,380000.0
1410,3,2.0,74,0,1.0,4,7,220000.0
2530,4,2.0,104,0,1.5,4,8,631500.0
1270,3,2.0,42,0,1.0,5,7,386100.0
3180,4,4.5,85,0,2.0,4,9,1050000.0
1450,2,1.75,112,0,1.5,4,7,650000.0
2040,4,1.75,56,0,1.0,5,7,545000.0
2650,4,2.5,30,0,2.0,4,9,870000.0
1240,3,1.75,41,0,1.0,4,7,380000.0
820,2,1.0,58,0,1.0,3,6,265000.0
1890,2,1.0,105,0,1.5,4,7,645500.0
1270,3,2.0,103,0,2.0,5,7,570000.0
3350,4,2.5,20,0,1.0,3,10,1200000.0
1550,2,1.0,87,0,1.5,3,8,605000.0
920,3,1.0,52,0,1.0,4,7,199500.0
950,2,1.0,74,0,1.0,3,6,445000.0
2040,4,1.75,97,0,1.0,4,7,495000.0
1870,4,1.75,77,0,2.0,4,7,594000.0
1720,3,1.75,71,0,1.0,4,8,465000.0
1020,2,1.0,100,0,1.0,5,6,160000.0
2690,4,2.5,16,0,2.0,3,9,340000.0
3090,4,2.0,24,0,1.0,3,7,870000.0
1070,3,1.5,74,0,1.0,4,6,249000.0
2050,4,2.25,21,0,2.0,3,8,500000.0
1660,3,1.5,33,0,2.0,3,7,220000.0
2810,5,1.75,49,0,1.0,4,7,368500.0
2460,4,2.25,37,0,1.0,4,8,439950.0
1230,3,1.75,44,0,1.0,3,6,179900.0
2360,4,2.5,11,0,2.0,3,8,490000.0
1730,4,1.75,59,0,1.0,2,7,425000.0
2770,4,2.5,23,0,2.0,3,9,533300.0
1770,4,2.0,91,0,2.0,3,7,447500.0
3030,5,2.75,34,0,2.0,4,8,768000.0
2380,3,1.75,79,0,1.5,3,7,285000.0
1780,3,1.75,35,0,1.0,4,6,336900.0
1540,4,1.5,47,0,2.0,3,7,415000.0
1580,3,2.25,20,0,2.0,4,8,500000.0
3200,4,2.5,11,0,2.0,3,8,337000.0
2220,4,2.5,12,0,2.0,3,7,419950.0
2240,4,2.75,69,0,2.0,5,7,290000.0
1640,2,1.75,66,0,1.0,4,7,349950.0
1170,3,1.5,54,0,1.0,4,7,330000.0
3160,4,2.25,33,0,1.0,4,10,965000.0
2100,3,2.5,28,0,2.0,3,8,515000.0
2600,4,2.5,18,0,2.0,3,9,665000.0
1630,3,1.75,29,0,1.5,4,7,265000.0
2850,3,2.0,10,0,1.0,3,8,545400.0
2560,4,3.0,10,0,2.0,3,9,350000.0
980,2,1.5,13,0,2.0,3,7,260000.0
5480,3,3.25,24,1,2.0,3,11,2510000.0
2160,3,2.0,14,0,1.5,3,8,355000.0
3030,3,3.0,85,0,1.5,4,9,879000.0
3560,4,3.5,8,0,2.0,3,10,833000.0
760,2,1.0,72,0,1.0,3,6,261590.0
2260,3,3.0,105,0,2.0,3,7,512500.0
1560,2,1.75,69,0,1.0,5,7,600000.0
2270,5,3.0,19,0,1.0,3,7,417500.0
3480,5,3.0,50,0,2.0,4,8,970000.0
1900,3,2.25,22,0,2.0,4,7,316000.0
2350,4,3.0,26,0,1.0,3,9,397500.0
2390,3,2.5,62,0,1.0,3,9,1350000.0
3730,4,2.5,17,0,2.0,3,10,840000.0
1780,2,1.0,60,0,1.0,4,9,270000.0
1630,4,2.5,11,0,2.0,3,7,312900.0
1130,2,1.0,70,0,1.5,3,6,325000.0
2140,3,1.75,62,0,1.0,3,7,680000.0
3220,4,2.5,21,0,2.0,3,10,763000.0
800,1,1.0,64,0,1.5,5,5,375000.0
1800,3,2.5,11,0,2.0,3,7,475000.0
809,2,2.5,11,0,2.0,3,7,219000.0
1820,3,2.25,38,0,1.0,3,7,415000.0
580,2,1.0,71,0,1.0,3,5,90000.0
580,2,1.0,72,0,1.0,3,5,220000.0
2900,3,2.0,56,0,1.0,3,8,616000.0
1140,2,1.0,46,0,1.0,4,6,269500.0
1060,2,1.0,98,0,1.0,4,6,395350.0
2320,4,3.0,72,0,1.0,3,7,770000.0
3450,4,2.5,15,0,2.0,3,9,840000.0
1760,2,1.0,64,0,1.0,3,8,428950.0
3370,4,3.75,9,0,2.0,3,9,800000.0
1940,4,1.0,67,0,1.5,3,7,401000.0
2520,4,2.0,60,0,1.0,3,7,303697.0
1360,3,1.0,58,0,1.0,3,7,355000.0
800,2,1.0,54,0,1.0,3,6,350000.0
3010,4,2.5,23,0,2.0,3,10,754999.0
2340,3,1.75,27,0,2.0,3,9,982218.0
1780,3,2.0,22,0,1.0,3,8,406500.0
4200,4,3.25,22,0,2.0,4,10,1650000.0
1720,2,1.75,90,0,1.0,5,7,565000.0
830,2,1.0,94,0,1.0,3,6,160000.0
1090,3,1.0,61,0,1.0,3,6,220000.0
5040,5,4.25,11,0,2.0,3,11,1284000.0
3500,5,2.75,87,0,2.0,3,9,970000.0
1080,3,1.0,64,0,1.0,2,5,115000.0
1080,3,1.0,64,0,1.0,2,5,124000.0
1080,3,1.0,65,0,1.0,2,5,157000.0
870,3,1.0,45,0,1.0,5,6,183000.0
2830,4,2.5,14,0,2.0,3,9,527000.0
1880,4,2.0,36,0,2.0,3,8,407193.0
3600,4,2.75,11,0,2.0,3,9,970000.0
2340,4,2.5,93,0,2.0,3,7,535000.0
2040,3,2.0,104,0,1.0,3,6,245000.0
1310,3,1.75,21,0,1.0,3,7,337000.0
1470,3,2.0,65,0,1.0,3,8,630000.0
1370,3,1.75,31,0,1.0,4,7,320000.0
1080,3,1.0,73,0,1.5,3,6,228500.0
1990,3,2.5,25,0,2.0,3,7,293000.0
1310,3,1.0,56,0,1.0,4,7,447000.0
1640,3,1.75,26,0,1.0,3,7,226500.0
1770,3,2.25,38,0,1.0,4,7,436000.0
2050,3,2.5,9,0,2.0,3,8,451000.0
1170,3,1.0,29,0,2.0,3,5,315000.0
1340,2,1.0,63,0,1.0,4,7,450000.0
2240,3,1.5,59,0,1.0,5,7,635000.0
880,2,1.0,64,0,1.0,4,5,292500.0
2170,3,2.5,10,0,2.0,3,8,329900.0
1260,2,1.5,88,0,1.5,4,7,531000.0
1880,3,1.75,47,0,1.0,3,7,725000.0
1620,3,2.5,59,0,1.0,5,7,355300.0
1610,3,2.5,19,0,2.0,3,7,280000.0
3330,4,2.75,19,0,2.0,4,10,1095000.0
1370,4,2.0,63,0,2.0,3,9,605004.0
690,2,1.0,66,0,1.0,3,6,260000.0
3170,4,2.5,89,0,2.0,4,7,748000.0
1990,2,2.0,74,0,1.0,4,7,776000.0
1080,4,1.0,90,0,1.5,4,6,425000.0
1870,4,1.0,87,0,1.5,3,6,230000.0
1670,3,1.75,57,0,1.0,3,7,418000.0
2800,4,2.5,13,0,2.0,3,9,440000.0
3460,5,2.75,3,0,2.0,3,9,858450.0
1930,3,2.0,45,0,1.0,3,7,390000.0
2370,4,3.0,45,0,2.0,3,9,957000.0
1180,3,1.0,64,0,1.0,3,7,507000.0
1320,2,1.0,87,0,1.5,4,7,575000.0
1350,3,1.75,90,0,1.5,4,7,700000.0
1068,2,1.5,25,0,2.0,3,7,239950.0
1580,3,1.0,36,0,1.0,4,7,253000.0
1690,4,1.0,108,0,1.5,3,7,540000.0
5120,3,4.0,7,0,3.0,3,11,1550000.0
3960,4,2.5,14,0,2.0,3,10,805000.0
2420,4,3.25,103,0,1.5,5,9,920000.0
1910,3,2.5,26,0,2.0,3,8,496600.0
1440,3,2.25,31,0,1.0,3,8,246000.0
2320,5,3.0,52,0,1.0,3,7,350000.0
1670,3,2.0,83,0,1.5,3,8,585000.0
1390,3,1.75,49,0,1.0,4,7,450000.0
2620,3,2.5,22,0,2.0,3,9,746000.0
3040,3,2.5,10,0,2.0,3,9,598555.0
2990,3,2.5,38,1,1.0,3,9,820000.0
1740,3,2.25,16,0,1.0,3,7,266500.0
2360,2,1.0,68,0,1.0,2,6,370000.0
2240,3,2.75,113,0,2.5,3,7,625000.0
1610,4,2.0,35,0,1.0,4,7,243500.0
700,2,1.0,70,0,1.0,3,6,340000.0
2730,5,3.0,0,0,1.0,3,8,559950.0
1780,3,2.75,35,0,1.0,3,7,315000.0
3070,3,2.5,12,0,2.0,3,9,753000.0
2060,3,3.0,108,0,2.0,3,8,800000.0
1360,3,2.25,80,0,1.5,5,7,550000.0
1430,3,2.0,61,0,1.0,3,7,465000.0
1840,3,2.25,11,0,2.0,3,7,465000.0
2000,4,2.25,39,0,2.0,5,8,710000.0
1820,3,2.5,26,0,2.0,3,8,505000.0
2330,3,1.75,51,0,2.0,3,9,690000.0
1070,2,2.0,34,0,1.0,4,7,217500.0
930,2,1.0,105,0,1.0,4,7,500000.0
1040,2,2.0,94,0,1.0,4,6,325000.0
1960,4,2.25,30,0,2.0,3,8,500000.0
2970,3,3.25,24,0,2.0,3,9,721500.0
2200,3,1.5,82,0,1.5,3,9,924000.0
3810,6,4.5,45,0,1.0,5,10,2005000.0
830,2,1.5,6,0,2.0,3,8,345000.0
3920,4,3.5,16,0,2.0,3,10,825000.0
2870,3,2.0,34,0,1.0,4,9,560000.0
2560,3,2.0,27,0,1.0,3,8,599000.0
1350,3,1.5,73,0,1.0,5,6,211000.0
1240,4,2.25,41,0,1.0,3,8,425000.0
3210,4,2.75,39,0,1.0,4,7,750000.0
1690,3,2.5,12,0,2.0,3,7,479000.0
2550,4,2.5,23,0,2.0,3,9,612500.0
3240,5,1.75,52,0,2.0,4,7,605000.0
3560,4,2.5,14,0,2.0,3,10,1364000.0
2160,3,2.5,7,0,1.0,3,7,389900.0
3060,4,2.5,8,0,2.0,3,9,710000.0
1690,3,2.5,23,0,2.0,4,7,295000.0
1520,3,2.25,22,0,2.0,4,7,275250.0
2040,4,2.5,20,0,2.0,3,7,250000.0
2360,3,2.0,64,0,1.0,4,8,709000.0
1360,4,1.75,86,0,1.5,4,7,399500.0
2000,3,2.5,22,0,2.0,4,7,225000.0
1650,3,2.5,14,0,2.0,3,8,500000.0
2500,3,3.0,17,0,2.0,3,8,364900.0
1140,3,1.5,38,0,1.0,3,7,356000.0
2140,3,1.5,37,0,1.5,3,9,616750.0
2870,3,2.75,30,0,2.0,3,8,755000.0
830,2,1.0,64,0,1.0,5,6,327500.0
1960,3,2.25,31,0,2.0,3,8,605000.0
1130,4,1.5,47,0,1.0,3,6,179950.0
3630,5,2.75,14,0,2.0,3,11,633000.0
1764,4,2.0,73,0,1.0,5,7,349950.0
2770,3,2.75,56,0,1.0,4,8,1080000.0
2650,3,2.5,13,0,2.0,3,9,425000.0
2500,3,2.75,35,0,2.0,5,9,990000.0
2710,3,1.0,64,0,2.0,4,7,410000.0
2490,3,2.25,39,0,2.0,4,8,590000.0
1500,3,1.75,36,0,1.0,3,7,242000.0
1160,3,2.0,83,0,1.0,5,5,775000.0
1880,4,1.5,60,0,1.0,5,8,680000.0
1340,3,2.5,13,0,2.0,3,7,217000.0
1960,3,2.5,16,0,2.0,3,8,395000.0
2030,3,2.25,30,0,1.0,4,8,572500.0
2200,5,3.0,27,0,1.0,3,7,559900.0
2540,3,2.0,84,0,1.5,5,9,845000.0
1520,3,2.0,21,0,1.0,3,8,241000.0
2360,3,2.25,101,0,2.0,4,8,1325000.0
1340,3,1.75,96,0,1.5,3,7,475000.0
1400,2,1.5,75,0,2.0,3,7,575000.0
3030,4,2.75,55,0,1.0,4,8,455000.0
3200,3,2.5,14,0,1.0,3,10,839000.0
1580,4,1.5,60,0,1.0,4,7,475000.0
2120,2,1.0,91,0,1.0,4,7,600000.0
1640,2,1.0,77,0,1.0,4,7,515000.0
1890,3,2.25,38,0,1.0,3,8,425000.0
1710,4,2.0,107,0,1.5,4,7,565000.0
1140,2,2.0,90,0,1.0,3,6,498000.0
2720,4,3.0,95,0,2.0,5,8,739000.0
1650,2,1.75,67,0,1.0,4,7,355000.0
1790,3,1.75,35,0,1.0,4,8,263000.0
1680,4,1.75,66,0,1.5,3,7,375000.0
2200,3,1.75,50,0,1.0,4,7,322000.0
830,2,1.0,74,0,1.0,3,6,325000.0
770,2,1.0,71,0,1.0,3,7,290000.0
3280,4,2.5,13,0,2.0,3,10,809950.0
2080,3,3.25,30,0,2.0,4,8,969500.0
2790,4,2.5,25,0,2.0,4,9,665000.0
4150,5,3.5,9,0,2.0,3,11,635000.0
1780,3,2.25,27,0,2.0,3,7,272450.0
1460,4,1.75,48,0,1.0,4,7,427000.0
1410,3,1.0,57,0,1.0,3,8,261500.0
2170,4,2.25,38,0,1.0,4,8,488800.0
690,2,1.0,97,0,1.0,3,6,340000.0
3000,4,3.0,11,0,2.0,3,8,398950.0
870,3,1.0,46,0,1.0,5,6,217000.0
3170,4,2.5,37,0,1.0,4,9,799000.0
1540,4,1.0,45,0,1.0,4,6,160000.0
1270,3,1.0,46,0,1.0,3,7,447000.0
2190,3,1.75,58,0,1.0,3,8,765000.0
4410,4,3.5,25,0,2.0,3,11,1320000.0
2790,4,2.5,10,0,2.0,3,9,445000.0
1510,3,1.0,62,0,1.0,3,8,310000.0
1800,2,1.75,63,0,1.0,4,7,380000.0
2410,4,1.0,57,0,1.0,3,7,325000.0
2250,4,2.75,39,0,1.0,4,8,345000.0
950,3,1.0,85,0,1.5,3,6,300000.0
2860,4,1.75,36,0,1.0,3,8,530000.0
2860,4,1.75,37,0,1.0,3,8,583500.0
1560,2,1.0,61,0,1.0,4,7,410000.0
1940,2,1.5,77,0,1.0,3,7,535000.0
3580,4,3.25,100,1,1.5,4,7,2050000.0
2040,4,2.5,15,0,2.0,3,7,345000.0
1700,5,1.0,61,0,1.5,4,7,539000.0
3700,4,2.5,41,0,1.0,5,8,590000.0
1050,2,1.75,40,0,1.0,4,8,187000.0
1690,3,2.0,45,0,1.0,4,7,270000.0
1120,2,1.0,76,0,1.0,4,7,546000.0
1490,3,1.75,6,0,2.0,3,10,520000.0
2220,5,2.0,89,0,1.5,4,7,515000.0
2160,3,2.5,75,0,1.5,4,8,990000.0
870,2,1.0,78,0,1.0,3,7,382000.0
1900,3,1.75,59,0,1.0,4,8,1210000.0
3370,4,3.5,6,0,2.0,3,8,900000.0
3370,3,2.75,105,0,1.5,4,7,675000.0
880,2,1.0,105,0,1.0,4,7,460000.0
940,2,1.0,62,0,1.0,4,5,234000.0
1340,3,1.0,41,0,1.0,3,7,399000.0
1440,3,1.5,56,0,1.0,4,7,253500.0
1750,3,1.5,62,0,1.0,4,7,475000.0
3990,5,3.5,11,0,2.0,3,8,740000.0
2860,3,2.5,14,0,2.0,3,8,799000.0
1940,4,2.5,12,0,2.0,3,8,390000.0
1400,2,1.5,67,0,1.0,5,7,421000.0
1770,3,2.5,28,0,2.0,4,7,296500.0
1710,4,2.0,88,0,1.5,4,8,895000.0
2810,4,2.5,11,0,2.0,3,8,386000.0
1580,3,1.0,59,0,1.0,4,8,424000.0
1580,3,1.0,88,0,1.5,3,7,749000.0
1440,3,1.0,77,0,1.5,3,7,523000.0
2420,4,2.5,16,0,2.0,3,10,389000.0
1930,4,1.5,68,0,1.0,5,7,270000.0
1190,3,1.0,71,0,1.0,5,7,275000.0
2240,4,2.5,35,0,1.0,3,7,287500.0
2550,2,2.5,21,0,2.5,3,7,345000.0
920,2,1.0,104,0,1.0,3,6,427000.0
1520,4,1.75,59,0,1.0,4,7,508450.0
1460,3,2.0,102,0,1.5,4,7,705000.0
1900,1,1.5,37,0,1.5,5,9,550000.0
1430,3,1.5,60,0,1.0,1,7,380000.0
2500,3,2.5,13,0,2.0,3,8,539900.0
720,2,1.0,71,0,1.0,3,5,330000.0
1140,2,1.0,67,0,1.0,3,7,455000.0
3530,4,4.0,22,0,2.0,3,10,510000.0
1220,3,2.0,45,0,1.0,3,6,315000.0
1320,3,1.0,47,0,1.0,4,7,206000.0
2170,4,3.0,46,0,1.0,4,8,592500.0
2020,3,2.5,33,0,2.0,4,8,744000.0
1990,3,2.5,25,0,2.0,3,8,334500.0
2660,4,2.0,91,0,1.5,4,7,886000.0
2360,4,2.5,41,0,1.0,4,8,600000.0
2740,3,2.0,16,0,1.0,3,9,850000.0
1360,3,1.75,77,0,1.0,4,7,550000.0
1230,2,1.0,103,0,1.0,5,6,184900.0
1260,3,1.5,59,0,1.0,4,7,245000.0
1040,2,1.0,68,0,1.0,3,7,370000.0
2700,4,2.5,37,0,1.0,3,8,480000.0
1800,3,1.75,108,0,2.0,4,7,579000.0
1590,3,1.5,50,0,1.0,3,7,339275.0
1360,3,2.75,60,0,1.0,4,7,425000.0
1370,3,1.75,56,0,1.0,3,7,170000.0
3320,4,2.5,19,0,2.0,3,10,950000.0
2980,4,2.5,37,0,1.0,4,8,623000.0
1350,3,2.5,9,0,3.0,3,8,477000.0
1160,3,1.0,47,0,1.0,4,7,330000.0
1480,3,2.25,100,0,2.0,4,8,600000.0
1640,3,2.0,90,0,1.0,4,7,570000.0
2680,4,2.5,10,0,2.0,3,8,515000.0
2440,4,2.25,63,0,1.0,3,7,805000.0
2920,4,2.5,18,0,2.0,3,9,555000.0
1780,3,2.25,30,0,2.0,4,7,245000.0
2170,4,2.5,36,0,1.0,3,8,638150.0
5550,4,4.5,12,0,2.0,3,9,1650000.0
2060,4,2.5,46,0,1.0,3,7,269950.0
1050,3,1.5,45,0,1.0,5,6,195000.0
790,2,1.0,71,0,1.0,3,6,159100.0
1010,3,1.0,73,0,1.0,3,6,550000.0
1040,2,1.0,64,0,1.0,4,6,299000.0
3130,4,3.5,1,0,2.0,3,9,1375000.0
900,2,1.0,64,0,1.0,3,6,249500.0
1470,4,1.0,97,0,1.5,3,7,700000.0
1080,4,1.0,114,0,1.5,5,5,275000.0
2440,3,2.25,53,0,1.0,3,7,565000.0
2520,4,1.75,59,0,1.0,4,7,425000.0
1760,4,1.75,69,0,1.0,3,7,620047.0
1820,3,2.25,37,0,1.0,3,8,480000.0
1820,3,2.25,38,0,1.0,3,8,515000.0
3040,4,2.5,15,0,2.0,3,8,420000.0
3490,5,3.25,58,0,1.0,4,8,610000.0
2440,4,1.5,64,0,1.0,4,8,849000.0
2280,3,1.75,65,0,2.0,3,8,718000.0
1980,3,2.25,40,0,1.0,4,9,295000.0
2360,5,1.75,75,0,1.0,5,7,871000.0
3890,3,3.75,71,0,1.0,3,8,430000.0
2300,4,2.5,53,0,1.0,4,7,440000.0
910,2,1.0,72,0,1.0,3,7,405000.0
1140,3,2.0,20,0,1.0,3,7,340000.0
2390,4,2.5,8,0,2.0,3,9,675000.0
1150,3,1.0,71,0,1.0,3,7,480000.0
2330,5,2.0,53,0,1.0,4,7,362500.0
2420,3,2.5,27,0,2.0,4,9,752888.0
960,4,1.75,65,0,1.0,5,6,255000.0
1010,1,1.75,46,0,1.0,4,6,283700.0
2370,4,2.5,13,0,2.0,3,8,335000.0
2880,3,1.75,56,0,1.0,3,8,285000.0
2400,4,2.25,50,0,1.5,3,8,278000.0
3670,5,2.5,42,0,1.5,3,8,731000.0
1140,3,1.5,30,0,1.0,3,7,335000.0
1410,3,1.75,35,0,1.0,3,7,334200.0
1530,6,1.0,94,0,1.5,4,7,642000.0
1720,4,1.75,89,0,1.5,4,7,540000.0
1620,3,2.5,55,0,1.0,4,6,299000.0
1570,3,1.75,75,0,1.0,3,7,560000.0
1990,5,2.75,101,0,1.5,4,7,852000.0
930,2,1.0,74,0,1.0,3,7,306000.0
1550,3,1.75,33,0,1.0,4,7,440000.0
1650,4,1.0,49,0,1.0,3,7,517000.0
800,2,1.0,74,0,1.0,3,7,379000.0
930,2,1.0,95,0,1.0,4,6,360000.0
2550,4,1.5,88,0,1.5,4,7,645000.0
720,2,1.0,72,0,1.0,5,5,217000.0
620,2,1.0,73,0,1.0,3,6,255000.0
2360,3,2.5,27,0,2.0,3,10,625000.0
1760,3,1.75,54,0,1.0,4,8,680000.0
2100,3,1.75,57,0,1.0,4,7,440000.0
2480,5,2.25,36,0,2.0,3,9,615000.0
1040,3,1.0,72,0,2.0,3,6,239000.0
1656,3,2.5,30,0,1.0,4,7,462500.0
2090,4,2.0,87,0,1.5,5,7,619400.0
2520,6,2.75,60,1,2.0,3,7,975000.0
700,2,1.0,71,0,1.0,3,6,330000.0
4030,4,3.25,26,0,2.0,3,11,985000.0
760,2,1.0,69,0,1.0,3,6,430000.0
6500,4,5.25,13,0,2.0,3,11,2458000.0
1840,3,2.0,68,0,2.0,5,7,778000.0
1090,3,2.0,24,0,1.0,4,7,219000.0
2980,4,2.5,86,1,1.5,5,8,1595000.0
1900,4,2.25,49,0,1.0,4,9,715000.0
2790,4,2.5,50,0,2.0,4,10,950000.0
1280,2,1.0,63,0,1.0,4,8,425000.0
1510,3,1.0,52,0,1.0,3,7,239000.0
920,1,1.0,70,0,1.5,3,6,310000.0
700,2,1.0,88,0,1.0,3,7,400000.0
1980,2,1.75,37,0,2.0,5,7,428000.0
1440,3,1.0,85,0,1.5,3,8,600000.0
2740,4,4.0,25,0,2.0,4,9,415000.0
1400,2,1.0,65,0,1.0,3,7,401000.0
2270,3,1.75,66,0,1.0,3,7,292000.0
1310,3,2.25,64,0,1.0,3,7,291750.0
1680,3,1.75,47,0,1.0,4,8,227000.0
2260,3,2.25,37,0,1.0,3,9,675000.0
1350,3,2.25,7,0,2.0,3,8,397500.0
1820,2,1.5,93,0,2.0,3,7,206000.0
3380,3,3.5,6,0,3.0,3,10,1190000.0
2140,4,1.75,55,0,1.0,5,7,360000.0
2430,4,2.5,4,0,2.0,3,8,427500.0
940,2,1.0,71,0,1.0,3,6,115000.0
2070,3,1.5,66,0,1.0,4,7,559000.0
1510,4,1.0,108,0,1.5,3,7,420000.0
2550,4,1.75,32,0,1.0,3,8,550000.0
700,2,1.0,66,0,1.0,3,7,282150.0
1150,3,1.0,105,0,1.0,3,6,260000.0
2340,3,2.5,10,0,2.0,3,7,428000.0
1510,3,3.25,7,0,3.0,3,7,319950.0
2070,3,2.0,68,0,1.0,3,7,1350000.0
1150,2,1.0,90,0,1.0,4,7,552000.0
2190,4,2.75,86,0,1.5,5,7,637000.0
1980,4,1.75,36,0,1.0,2,7,213000.0
960,3,1.0,57,0,1.0,4,6,215000.0
2180,3,1.75,66,0,1.0,3,8,590000.0
2560,4,2.5,25,0,2.0,3,8,390000.0
2270,4,2.25,55,0,1.0,4,7,287000.0
3550,5,2.75,54,0,2.0,3,7,580000.0
1330,3,2.0,26,0,1.0,3,8,424000.0
2110,4,2.5,27,0,2.0,3,8,610000.0
3470,4,3.25,25,0,1.0,3,11,1320000.0
1550,4,3.0,96,0,1.0,3,7,623500.0
570,2,1.0,78,0,1.0,3,6,260000.0
2030,3,2.5,2,0,3.0,3,9,906000.0
1500,3,2.0,28,0,1.0,3,7,330000.0
920,2,1.0,60,0,1.0,3,6,275000.0
1470,3,1.0,61,0,1.0,3,7,290000.0
1150,2,1.0,97,0,1.0,3,7,599950.0
4180,4,3.0,28,0,2.0,3,11,550000.0
1690,3,1.75,27,0,1.0,3,7,289000.0
2150,4,2.75,38,0,1.0,5,8,411000.0
2330,3,3.25,51,0,1.0,3,10,826000.0
2680,4,2.0,71,0,2.0,4,7,400000.0
1740,3,2.5,6,0,2.0,3,8,342000.0
1320,2,1.75,59,0,1.0,3,7,475000.0
3150,4,3.5,0,0,2.0,3,9,1205000.0
2480,4,3.0,101,0,1.0,5,7,455000.0
3330,4,3.0,56,0,1.0,3,8,850000.0
1010,3,1.0,44,0,1.0,3,7,185000.0
4920,6,3.25,54,0,1.0,4,9,850000.0
1570,4,1.75,54,0,1.0,3,7,239900.0
3580,5,3.75,15,0,2.0,3,10,765000.0
2220,3,1.75,47,0,1.0,4,8,437000.0
1010,3,1.5,45,0,1.0,3,7,240000.0
1440,2,1.0,66,0,1.0,4,7,395000.0
1230,3,1.0,60,0,1.0,3,7,320000.0
1710,3,1.75,33,0,1.0,3,8,525000.0
2390,3,3.0,27,0,2.0,3,8,260000.0
2840,3,2.75,27,0,1.0,3,9,450000.0
2300,4,2.5,24,0,2.0,3,9,560000.0
2270,5,3.0,26,0,1.0,3,7,310000.0
2290,3,2.5,18,0,2.0,3,9,440000.0
1330,4,1.0,57,0,1.0,4,7,458450.0
1200,3,1.0,97,0,1.5,2,7,200000.0
2160,3,2.25,27,0,2.0,4,7,430000.0
1120,3,1.0,49,0,1.0,4,7,360000.0
2090,4,2.5,53,0,1.0,3,7,311000.0
1470,3,3.25,11,0,3.0,3,8,615000.0
2270,3,1.75,35,0,2.0,3,8,575000.0
4100,4,3.75,80,0,1.5,5,11,2027000.0
1440,3,1.75,97,0,1.0,4,6,430000.0
1200,3,1.5,52,0,1.0,4,7,400000.0
1720,3,1.75,57,0,1.0,3,7,340000.0
930,1,0.75,91,0,1.0,3,6,351000.0
2400,4,2.5,12,0,2.0,3,8,440000.0
1960,4,2.5,16,0,2.0,3,8,298000.0
1890,4,1.75,51,0,1.0,3,8,300000.0
1590,3,2.25,13,0,2.0,3,7,310000.0
2590,4,2.5,21,0,2.0,4,9,500000.0
860,3,1.0,88,0,1.5,3,7,399900.0
1270,3,2.5,10,0,2.0,3,8,343000.0
1130,2,2.25,4,0,2.0,3,8,415000.0
1860,3,2.5,17,0,2.0,3,8,410000.0
1802,2,1.0,54,0,1.0,3,7,320000.0
4480,5,3.0,112,0,2.5,5,12,1990000.0
1310,2,1.0,34,0,1.0,4,7,253000.0
2320,3,2.5,22,0,2.0,3,9,630000.0
1130,2,1.0,62,0,1.0,4,7,216000.0
2180,3,2.5,32,0,1.0,3,8,540000.0
1830,3,1.5,84,0,1.5,4,5,212000.0
2340,3,2.75,37,0,1.0,3,8,300000.0
2830,3,2.5,0,0,3.0,3,10,969950.0
1610,3,1.0,58,0,1.0,3,6,715000.0
2410,5,2.75,46,0,2.0,3,10,1321620.0
2660,4,2.75,46,0,1.0,3,8,1444000.0
1030,3,1.0,90,0,1.0,3,7,305000.0
1390,3,4.0,8,0,2.0,3,9,458000.0
1580,3,1.75,73,0,1.0,3,6,275000.0
2330,3,2.75,84,0,2.0,3,8,550000.0
1540,3,3.25,3,0,3.0,3,9,742000.0
1570,3,1.0,106,0,2.0,5,8,700000.0
2940,4,3.0,59,0,1.0,5,8,640000.0
1240,3,0.75,68,0,1.0,3,7,352000.0
1410,3,1.0,46,0,1.0,3,7,301500.0
2190,4,2.5,35,0,1.0,4,8,630000.0
3040,3,2.5,16,0,2.0,3,7,340000.0
1860,4,1.75,62,0,1.0,3,7,477500.0
1690,3,2.5,17,0,1.0,3,7,285000.0
1900,3,2.75,56,0,1.0,4,7,255000.0
1600,3,2.5,21,0,2.0,3,8,315000.0
2530,6,3.0,36,0,1.0,3,6,830000.0
1860,3,2.25,1,0,3.0,3,8,539950.0
2390,3,2.25,73,0,2.0,3,8,980000.0
3100,4,2.5,24,0,2.0,3,9,735000.0
2650,5,2.25,50,0,1.0,3,8,536000.0
1520,3,2.0,70,0,1.5,3,7,575000.0
1510,2,1.0,90,0,1.0,3,6,500000.0
1960,4,1.75,47,0,1.0,4,8,285500.0
2270,4,2.75,41,0,1.0,4,7,498000.0
910,2,1.0,75,0,1.0,4,7,412000.0
2100,4,2.5,40,0,1.0,4,8,607000.0
1000,3,1.0,23,0,1.0,3,6,199000.0
2760,4,2.75,36,0,1.0,3,7,492500.0
2840,4,2.5,13,0,2.0,3,8,585000.0
1860,3,2.5,14,0,2.0,3,7,326995.0
1920,4,2.25,46,0,1.0,4,8,372500.0
840,2,0.75,77,1,1.0,4,6,528000.0
2390,3,1.5,39,0,1.0,3,7,400000.0
2100,4,2.5,21,0,2.0,5,7,344000.0
2430,4,3.0,11,0,2.0,3,8,409950.0
1880,3,2.0,64,0,1.0,3,8,625000.0
1350,3,1.75,28,0,1.0,3,7,304950.0
2160,2,2.0,29,0,1.0,3,9,381500.0
1430,3,1.75,68,0,1.0,4,7,215000.0
2840,5,1.75,90,0,2.0,4,7,345000.0
2510,3,0.75,54,0,2.0,4,7,363000.0
1690,3,1.0,102,0,1.5,4,7,240000.0
1930,2,2.0,10,0,1.0,3,8,548050.0
720,2,1.0,73,0,1.0,3,6,314000.0
2990,4,2.5,24,0,2.0,3,11,800000.0
2300,5,1.75,109,0,2.0,3,7,400000.0
460,1,1.0,77,0,1.0,3,4,247000.0
1240,2,1.75,109,0,1.0,4,7,540000.0
1900,4,2.5,19,0,2.0,3,8,410000.0
2120,3,1.75,33,0,1.0,3,8,525000.0
2440,4,2.5,86,0,2.0,4,8,820000.0
3300,4,2.25,82,0,1.5,3,8,1250000.0
1180,2,1.0,59,0,1.0,4,7,244000.0
520,1,1.0,84,0,1.0,3,5,275000.0
2070,2,1.75,68,0,1.0,3,7,577000.0
2250,5,2.5,37,0,1.0,4,7,446950.0
2050,3,2.5,10,0,2.0,3,8,457000.0
1310,4,1.5,89,0,1.5,4,7,320000.0
1250,3,1.5,45,0,1.0,4,7,210000.0
2130,4,2.5,36,0,1.0,3,8,220000.0
2250,3,2.0,89,0,1.0,4,7,589000.0
1880,4,2.0,110,0,1.0,3,7,435000.0
1520,3,1.0,61,0,1.0,3,7,375000.0
4010,4,3.5,7,0,2.0,3,10,1735000.0
1660,2,1.75,9,0,1.0,3,8,545000.0
3400,3,2.25,31,0,2.0,3,10,970000.0
2320,2,1.75,68,0,1.0,5,8,705000.0
3740,5,3.25,31,0,2.0,4,9,915557.0
1810,4,1.5,55,0,1.5,3,7,259000.0
3170,2,2.25,114,0,2.0,5,10,1695000.0
1680,3,1.75,45,0,1.0,4,7,427000.0
930,2,1.0,103,0,1.0,3,6,390000.0
2390,3,2.5,20,0,2.0,3,8,363000.0
2680,4,2.5,86,0,1.5,4,7,612000.0
1790,4,1.75,49,0,1.0,4,8,380000.0
1680,4,3.0,17,0,1.0,3,7,230000.0
1570,3,1.75,84,0,1.5,4,8,580000.0
2230,3,1.0,96,0,2.0,3,8,770000.0
1260,4,2.0,23,0,1.0,3,6,207200.0
1790,3,2.0,30,0,1.0,3,7,525000.0
2440,3,2.5,54,0,1.0,3,7,925000.0
2410,4,2.25,104,0,2.0,5,8,883000.0
1780,4,2.5,12,0,2.0,3,7,455000.0
1900,3,2.5,10,0,2.0,3,7,343500.0
960,2,1.0,64,0,1.0,5,6,244000.0
1640,3,1.75,47,0,1.0,5,7,397000.0
850,2,1.0,39,0,1.0,3,6,180500.0
2150,3,2.75,89,0,1.0,4,7,310000.0
2780,4,2.5,10,0,2.0,3,7,315000.0
1030,3,1.0,62,0,1.0,5,7,718000.0
1930,3,1.75,37,0,1.0,4,7,279950.0
2080,3,2.5,74,0,1.0,4,8,689000.0
3520,4,2.5,16,0,2.0,3,10,828000.0
890,2,1.0,72,0,1.0,3,6,150000.0
1640,3,1.75,89,0,1.0,4,7,505400.0
4860,5,3.25,25,0,2.0,4,11,1680000.0
1040,3,1.0,55,0,1.0,3,7,217450.0
2820,4,2.5,10,0,2.0,3,9,677000.0
1320,2,2.5,11,0,1.0,3,8,361000.0
2590,3,2.5,10,0,2.0,3,8,620000.0
1540,3,2.25,25,0,1.0,2,7,176000.0
960,3,1.0,46,0,1.0,4,7,330000.0
1190,3,2.5,28,0,1.0,3,7,290000.0
2770,4,2.5,26,0,2.0,4,9,711000.0
1060,3,1.75,32,0,2.0,4,7,295000.0
4010,5,3.25,11,0,2.0,3,11,1096500.0
1140,3,2.0,23,0,1.0,4,7,257500.0
1910,4,1.0,80,0,1.5,3,6,240000.0
2340,4,2.5,24,0,2.0,3,9,645000.0
1170,2,1.75,111,0,1.0,4,7,499000.0
1290,3,1.0,53,0,1.5,3,7,321000.0
1810,3,2.5,16,0,3.0,3,8,449000.0
1820,3,2.5,66,0,1.0,4,7,515000.0
2220,4,1.5,36,0,1.0,3,8,456000.0
3830,3,3.75,37,0,2.0,3,9,865000.0
2920,4,2.5,11,0,2.0,3,9,515500.0
2630,4,2.5,10,0,2.0,3,8,576925.0
1320,3,1.75,19,0,1.0,3,7,243000.0
1400,3,2.0,46,0,1.0,5,7,253400.0
1600,3,2.5,15,0,2.0,3,7,292000.0
1490,3,2.5,38,0,1.0,3,7,271500.0
2170,2,2.5,2,0,1.0,3,8,765000.0
1280,3,3.25,10,0,2.0,3,8,375000.0
1620,3,2.0,47,0,1.0,4,7,382880.0
2630,3,2.5,47,0,1.0,4,9,852500.0
1240,3,1.5,55,0,1.0,3,7,475000.0
1300,3,1.75,95,0,1.0,5,7,462000.0
2430,3,1.75,65,0,1.0,3,8,762400.0
1890,4,1.5,48,0,1.0,4,7,330000.0
1890,3,2.25,36,0,1.0,3,8,473000.0
2440,3,1.5,65,0,1.0,3,7,550000.0
1780,3,2.25,42,0,1.0,3,7,449500.0
2830,4,2.75,16,0,2.0,3,10,744000.0
2490,4,2.0,63,0,1.0,4,7,700000.0
1560,4,2.5,49,0,1.5,4,7,511100.0
1980,3,2.5,2,0,2.0,3,7,317950.0
2070,3,2.5,26,0,2.0,3,8,542950.0
1490,3,1.75,39,0,1.0,3,8,490000.0
3090,4,3.5,23,0,2.0,3,8,760000.0
1580,3,2.25,54,0,1.0,4,7,475000.0
5190,5,4.5,27,0,2.0,3,11,1702500.0
2692,3,2.75,8,0,2.0,3,9,435000.0
1740,3,2.5,14,0,2.0,3,8,399000.0
1940,3,2.0,87,0,1.0,4,7,627000.0
2150,4,2.5,23,0,1.5,3,7,346500.0
1320,3,1.5,58,0,1.0,3,7,412000.0
3360,4,2.5,21,0,2.0,4,10,845000.0
1850,3,1.75,55,0,1.0,3,7,373000.0
2880,4,2.25,49,0,2.0,4,8,725000.0
2420,6,2.5,49,0,1.0,4,7,376000.0
2020,3,1.0,85,0,1.5,4,7,552500.0
2280,5,2.0,90,0,1.5,3,6,365000.0
3010,4,2.5,18,0,2.0,3,9,700000.0
2550,4,2.25,48,0,1.0,4,8,315000.0
1540,4,2.0,58,0,1.0,3,7,262500.0
2280,3,2.25,30,0,2.0,3,8,660000.0
2450,4,2.5,9,0,2.0,3,7,340000.0
2950,5,2.5,96,0,1.5,5,7,660500.0
690,1,1.0,86,0,1.0,3,6,280000.0
800,1,1.0,95,0,1.0,4,6,267000.0
1470,2,1.0,82,0,1.5,3,4,230000.0
1840,3,2.25,21,0,2.0,3,8,417000.0
1170,3,1.0,46,0,1.0,3,7,252000.0
2344,5,1.75,94,0,1.5,4,7,791000.0
1230,1,1.0,90,0,1.0,4,6,415000.0
1150,3,1.75,48,0,1.0,5,7,339000.0
1140,3,1.0,73,0,1.0,3,6,158000.0
1660,3,1.0,57,0,1.0,3,7,535000.0
1080,3,1.0,96,0,1.0,3,7,818900.0
1720,4,2.0,65,0,1.0,3,7,550000.0
590,2,1.0,62,0,1.0,3,6,240000.0
1290,3,3.25,6,0,2.0,3,9,590000.0
1480,3,1.5,48,0,1.0,4,7,369300.0
2600,4,2.5,34,0,1.0,3,7,510000.0
2040,3,2.5,27,0,2.0,3,8,542500.0
970,3,1.0,35,0,1.0,4,7,262500.0
2620,6,3.0,58,0,1.0,3,7,900000.0
4560,4,3.5,19,0,2.0,3,9,1100000.0
1750,3,1.75,63,0,1.0,4,7,368000.0
3620,4,3.5,11,0,2.5,3,9,825000.0
1660,3,2.0,13,0,1.0,3,7,343500.0
1360,4,1.0,70,0,1.0,4,6,273500.0
2044,3,2.5,19,0,2.0,4,9,1000000.0
2370,5,3.0,88,0,1.5,3,8,770000.0
1170,3,2.0,90,0,1.5,4,7,400000.0
1660,3,1.0,51,0,1.0,3,7,225000.0
2020,4,1.0,60,0,1.0,4,7,345000.0
2530,3,2.5,13,0,2.0,3,8,450000.0
870,2,1.0,66,0,1.0,3,7,334850.0
3670,5,3.0,60,0,1.0,3,8,605000.0
3180,5,3.5,17,0,2.0,5,10,760000.0
1870,2,1.5,88,0,1.5,4,6,390000.0
1940,3,2.5,13,0,2.0,3,8,488000.0
4820,5,4.5,25,0,2.0,4,11,1063000.0
2400,3,2.0,40,0,2.0,3,8,608000.0
2930,3,2.25,14,0,2.0,3,11,1385000.0
800,2,1.0,110,0,1.0,3,6,299950.0
2200,3,3.25,72,0,2.0,3,7,818000.0
2400,3,2.5,24,0,1.0,3,9,355000.0
5570,5,3.25,62,0,2.0,5,9,1855000.0
1980,3,3.25,27,0,3.0,3,7,660000.0
3530,3,2.25,84,1,1.0,3,9,2367000.0
3430,4,2.5,31,0,2.0,3,10,1211000.0
1720,3,2.5,22,0,2.0,3,7,255950.0
1930,3,1.5,31,0,1.0,3,7,475000.0
2140,4,1.75,54,0,1.0,4,7,362950.0
1110,3,1.75,48,0,1.0,4,7,452000.0
1970,3,1.75,50,0,1.0,3,7,315000.0
1630,3,2.5,12,0,2.0,3,7,330950.0
2520,5,2.25,36,0,2.0,4,8,535000.0
2270,4,2.25,75,0,1.5,4,7,479000.0
1212,3,2.5,10,0,3.0,3,7,340000.0
1890,4,2.0,48,0,1.0,3,7,312000.0
1370,3,2.25,22,0,2.0,4,7,305000.0
1770,3,2.5,18,0,2.0,3,7,270000.0
1710,3,2.5,11,0,2.0,5,8,529999.0
1190,2,1.0,68,0,1.0,3,7,587100.0
1690,3,2.0,30,0,1.0,3,7,459800.0
1680,4,1.75,48,0,1.0,3,7,451000.0
4340,3,3.25,21,0,2.0,3,11,2475000.0
2040,3,2.25,31,0,2.0,4,7,525000.0
1110,2,1.0,63,0,1.0,3,6,250000.0
2040,5,2.0,106,0,2.0,4,7,475000.0
1920,4,1.5,53,0,1.0,4,7,235000.0
1330,3,1.5,47,0,1.0,5,7,230000.0
1630,4,1.0,93,0,1.5,3,7,581000.0
1520,3,1.0,58,0,1.0,3,7,415000.0
1520,3,1.0,58,0,1.0,3,7,522500.0
1340,3,1.5,48,0,1.0,4,8,383000.0
2500,3,1.75,56,0,1.0,4,7,315000.0
1460,3,2.0,112,0,2.0,3,7,591000.0
3140,4,2.25,35,0,2.0,3,9,750000.0
2150,3,1.75,58,0,1.0,3,7,430000.0
3140,4,2.5,20,0,1.5,3,10,712000.0
2310,3,2.5,34,0,1.0,4,8,510000.0
710,2,1.0,65,0,1.0,2,6,480000.0
1460,3,1.0,108,0,1.0,3,7,538000.0
730,2,2.75,85,0,1.0,3,7,464000.0
1440,3,2.5,14,0,2.0,3,7,476000.0
1130,3,2.0,68,0,1.0,4,7,349500.0
1810,3,2.25,34,0,2.0,4,8,270000.0
2710,3,2.5,36,0,2.0,3,10,740000.0
2740,4,2.5,24,0,2.0,4,9,395000.0
1690,3,2.5,11,0,2.0,3,7,498000.0
1470,3,2.5,16,0,2.0,3,7,339900.0
2830,3,2.5,8,0,2.0,3,9,539000.0
1410,3,1.0,32,0,1.0,3,8,400000.0
2170,3,2.5,48,0,1.0,4,7,225000.0
1340,3,2.25,107,0,1.5,3,6,330000.0
2480,3,3.0,64,0,2.0,3,10,1387800.0
1990,3,2.75,29,0,1.0,3,8,490000.0
2240,4,2.75,47,0,1.0,3,7,260000.0
2990,4,2.5,23,0,2.0,4,9,469900.0
2120,6,1.75,89,0,1.5,4,7,493000.0
2920,4,2.25,16,0,2.0,4,9,740000.0
1700,4,1.75,47,0,1.0,3,7,148900.0
1620,2,2.5,33,0,2.0,3,7,475000.0
760,2,1.0,70,0,1.0,3,7,415000.0
1230,3,1.0,47,0,1.0,4,7,229500.0
4960,5,3.75,13,0,2.0,3,11,1355000.0
2030,4,2.5,45,0,1.0,3,7,385000.0
1830,3,2.25,50,0,1.0,3,7,230000.0
970,2,1.0,88,0,1.0,4,7,425000.0
1000,2,1.0,100,0,1.0,5,5,189900.0
750,2,1.0,72,0,1.0,3,6,238000.0
2620,4,2.5,64,0,1.0,4,7,968060.0
2220,4,1.5,60,0,1.0,4,7,921000.0
3000,5,1.75,56,0,1.0,5,7,380000.0
1060,1,1.0,79,1,1.0,3,5,285000.0
1980,4,2.5,16,0,2.0,3,8,449000.0
1600,4,1.0,68,0,1.5,4,7,625000.0
2000,4,2.25,36,0,1.0,4,8,318989.0
1310,3,1.5,12,0,2.0,3,8,445000.0
1120,3,1.0,63,0,1.0,3,7,750000.0
3320,3,2.5,36,0,1.0,5,10,959000.0
2370,3,2.5,24,0,2.0,3,9,330000.0
830,2,1.5,10,0,2.0,3,7,425000.0
940,3,1.0,66,0,1.0,3,6,280000.0
2250,4,2.5,16,0,2.0,3,8,476500.0
2020,3,2.25,16,0,2.0,3,8,556000.0
5240,4,5.25,8,0,2.0,3,10,1862000.0
4083,4,3.5,9,0,2.0,3,10,637000.0
1450,3,2.0,45,0,1.0,4,7,405000.0
1170,5,1.0,70,0,1.0,4,6,397000.0
3555,4,2.75,0,0,2.0,3,9,895990.0
1610,3,2.0,81,0,2.0,3,7,259000.0
960,2,1.0,59,0,1.0,3,7,420000.0
1680,3,2.5,6,0,2.0,3,8,518000.0
1380,3,1.75,72,0,1.0,5,7,425000.0
1040,2,1.0,41,0,1.0,3,6,182500.0
1380,3,1.5,85,0,1.5,4,7,549900.0
1850,3,1.75,34,0,1.0,4,7,445000.0
1740,2,1.75,68,0,1.0,4,7,452000.0
1920,5,1.75,63,0,1.0,3,7,715000.0
2010,3,2.5,25,0,2.0,3,8,559000.0
1860,4,1.75,37,0,1.0,4,7,250000.0
4390,5,4.0,6,0,2.0,3,9,1230000.0
2380,4,2.25,55,0,1.0,4,7,276500.0
2880,4,2.5,27,0,2.0,4,9,440000.0
2820,6,2.25,74,0,1.5,5,7,543200.0
750,1,1.0,96,0,1.0,3,6,250000.0
1750,4,2.5,37,0,1.0,3,8,625000.0
1540,3,1.0,88,0,1.5,3,7,530100.0
1140,2,1.75,0,0,2.0,3,8,549900.0
1560,4,1.5,53,0,1.0,4,7,430000.0
2960,3,2.5,5,0,2.0,3,10,835000.0
2140,4,2.75,46,0,1.0,3,7,409500.0
1600,4,2.5,67,0,1.0,3,7,329000.0
2080,4,2.75,102,0,1.5,3,8,940000.0
1560,3,2.0,104,0,1.5,3,7,539950.0
2880,4,2.5,31,0,1.0,5,8,579950.0
2510,5,3.0,89,0,1.5,5,8,881000.0
960,3,1.0,98,0,1.5,3,6,362500.0
1120,2,1.0,54,0,1.0,5,6,243950.0
3310,4,2.75,6,0,2.0,3,9,658000.0
1080,3,1.5,46,0,1.0,3,7,218250.0
2860,4,2.5,15,0,2.0,3,10,655000.0
1490,3,2.0,25,0,1.0,3,7,255000.0
1210,3,1.0,97,0,1.0,3,7,215000.0
2240,3,1.75,74,0,1.5,4,8,1265000.0
4575,4,4.75,88,0,2.5,5,10,2920000.0
1600,3,2.5,105,0,2.0,5,8,424305.0
2090,4,1.75,89,0,1.5,4,7,494000.0
2260,4,2.5,11,0,2.0,3,9,560000.0
1200,3,1.0,106,0,2.0,1,7,130000.0
2480,4,2.5,88,0,1.5,5,8,468000.0
2240,5,3.0,62,0,1.0,5,7,480000.0
1550,3,1.75,88,0,1.5,4,7,475000.0
2130,4,1.75,48,0,1.0,4,7,285000.0
2870,5,3.0,50,0,1.0,3,7,765000.0
1160,2,1.0,91,0,1.0,4,6,208000.0
2430,3,2.5,13,0,2.0,3,8,372000.0
900,2,1.0,67,0,1.0,3,7,470000.0
2830,5,2.75,47,0,1.5,3,7,451000.0
1620,4,1.75,40,0,1.0,3,8,442200.0
2510,4,2.5,23,0,2.0,4,8,330000.0
1790,3,1.75,65,0,1.0,4,6,335000.0
1640,3,2.0,19,0,1.0,3,7,280000.0
2240,3,1.75,64,0,1.0,4,8,625000.0
1870,3,2.5,11,0,2.0,3,8,345000.0
1500,4,1.0,50,0,1.0,5,7,255950.0
1490,4,1.0,97,0,1.5,3,7,570000.0
2230,3,1.5,55,0,2.0,3,8,685000.0
1710,3,1.75,40,0,1.0,4,7,273148.0
1620,3,2.5,25,0,2.0,3,7,246500.0
2250,5,2.5,32,0,1.0,3,7,349950.0
1700,4,2.0,89,0,1.0,3,6,545000.0
1502,3,2.5,10,0,3.0,3,7,403000.0
1900,4,2.5,12,0,2.0,3,7,299950.0
3320,3,2.5,25,0,1.0,3,10,792000.0
1980,5,2.5,85,0,1.0,4,7,418000.0
1670,4,1.0,71,0,1.5,3,6,332500.0
2235,3,2.5,40,0,1.0,5,7,337000.0
1070,2,1.0,66,0,1.0,3,6,212000.0
1800,2,2.25,36,0,2.0,4,9,542000.0
2980,4,2.5,14,0,2.0,3,9,622500.0
1670,3,1.75,29,0,1.0,3,7,260000.0
2620,3,1.75,38,0,1.0,4,8,525000.0
5470,5,3.5,38,0,2.0,3,11,975000.0
3080,4,1.75,73,0,1.0,4,9,1140000.0
940,3,1.0,51,0,1.0,4,7,500000.0
1870,5,2.25,53,0,1.0,4,8,554000.0
2070,4,2.5,10,0,2.0,3,7,343000.0
950,2,1.75,6,0,1.0,3,8,515000.0
1290,2,1.0,92,0,1.0,4,6,492000.0
2570,4,3.0,31,0,1.0,4,8,655000.0
1600,3,2.5,15,0,2.0,3,7,290000.0
2550,4,1.5,104,0,2.0,4,10,952500.0
1010,2,1.0,73,0,1.0,3,7,235000.0
1720,3,1.5,60,0,1.0,3,8,323000.0
2200,3,2.5,6,0,2.0,3,9,1050000.0
1400,2,1.0,74,0,1.5,4,6,200000.0
1830,3,2.25,46,0,1.0,4,7,419995.0
3110,3,3.0,35,0,1.0,4,10,1500000.0
1600,3,2.5,27,0,2.0,3,7,455000.0
3600,3,3.5,19,0,2.0,4,8,660000.0
1390,3,1.0,46,0,1.0,4,7,319000.0
2092,3,1.75,33,0,1.0,3,7,390000.0
1200,3,1.5,62,0,1.0,3,8,718500.0
1090,2,1.0,88,0,1.0,3,7,474000.0
2140,4,2.0,69,0,2.0,3,7,615750.0
2010,3,2.5,20,0,2.0,3,8,551000.0
1500,3,2.25,31,0,1.0,3,7,230000.0
3500,4,2.5,10,0,2.0,3,9,790000.0
2660,3,2.5,8,0,3.0,3,9,1230000.0
1440,3,2.25,19,0,2.0,3,7,325000.0
2780,4,2.75,13,0,2.0,3,8,705000.0
1580,4,1.75,35,0,2.0,3,7,259000.0
1250,3,1.5,55,0,1.0,4,7,306000.0
970,3,1.0,86,0,1.0,3,6,315000.0
1100,3,1.0,63,0,1.0,3,7,392500.0
3240,4,2.25,46,0,2.0,4,9,1065000.0
1290,2,2.5,15,0,3.0,3,8,350500.0
3810,4,3.5,76,0,2.0,3,9,825000.0
1500,4,1.0,70,0,1.5,3,6,235000.0
2660,3,2.0,39,0,1.0,4,8,650000.0
2400,4,3.0,50,0,1.0,4,7,675000.0
1860,4,1.0,59,0,1.0,4,7,265000.0
1450,2,1.0,90,0,1.0,3,7,822500.0
2260,3,2.75,59,0,2.0,4,8,705000.0
5540,6,4.75,105,0,2.5,4,11,2630000.0
1300,2,1.5,71,0,1.0,3,7,685000.0
1610,4,2.0,68,0,2.0,5,7,630000.0
3820,4,3.25,24,0,2.0,4,11,1250000.0
1820,4,2.5,39,0,1.0,3,8,359000.0
5820,4,5.0,22,0,2.0,3,11,784500.0
2470,3,2.0,53,0,2.0,3,9,850000.0
3040,3,2.5,9,0,2.0,3,9,410000.0
1120,4,1.75,48,0,1.0,4,7,252000.0
1880,5,1.75,59,0,1.0,4,7,618000.0
1070,3,1.0,67,0,1.0,3,6,265000.0
1560,3,2.0,45,0,1.0,3,8,465000.0
870,2,1.0,68,0,1.0,3,6,240000.0
1000,3,1.0,55,0,1.0,3,7,217000.0
2520,4,2.25,105,0,1.5,4,7,415000.0
1700,2,2.0,34,0,1.0,4,7,274000.0
2150,5,3.0,12,0,1.0,3,7,420000.0
1590,4,2.75,90,0,1.5,4,8,1062500.0
4670,4,5.25,25,0,2.0,3,12,1415000.0
1800,3,2.0,72,0,1.0,4,7,618500.0
1670,3,1.5,59,0,1.0,4,8,295000.0
1010,3,2.0,35,0,1.0,3,8,400000.0
2550,3,2.5,13,0,2.0,3,8,595000.0
3700,4,3.0,38,0,1.0,4,10,1728000.0
1350,3,1.75,27,0,1.0,3,7,261000.0
1660,5,2.5,85,0,1.5,5,8,780000.0
1390,3,1.5,67,0,1.0,3,7,589000.0
1720,3,1.75,34,0,1.0,4,7,230000.0
2980,4,3.5,8,0,2.5,3,10,690000.0
2190,4,2.25,34,0,2.0,3,8,524000.0
1230,2,2.5,3,0,2.0,3,7,380000.0
1000,3,1.0,69,0,1.0,4,7,357500.0
2500,3,2.0,20,0,1.0,3,8,330000.0
2240,5,1.75,95,0,1.0,4,7,635000.0
2820,9,3.0,97,0,2.0,3,7,934000.0
1400,2,1.75,10,0,2.0,3,8,358500.0
1470,3,1.5,59,0,1.0,3,8,401000.0
1820,3,2.0,23,0,1.0,3,8,270000.0
2060,4,2.0,60,0,1.0,4,8,705000.0
1670,3,2.0,26,0,1.0,3,7,325000.0
1540,3,1.0,105,0,1.0,4,7,384950.0
1210,3,1.0,61,0,1.0,4,7,310000.0
3430,4,2.5,22,0,2.0,3,10,829950.0
2550,3,2.5,13,0,2.0,3,7,353000.0
1060,2,1.0,33,0,1.0,3,7,170500.0
3670,4,2.5,15,0,2.0,3,10,885250.0
4420,4,3.25,13,1,2.0,3,11,2700000.0
1550,3,1.5,57,0,1.0,5,7,245000.0
1190,3,2.5,6,0,3.0,3,8,469000.0
1300,3,1.0,87,0,1.5,3,7,455000.0
2430,4,2.5,12,0,2.0,3,8,305000.0
4290,7,4.5,32,0,1.5,5,10,840000.0
3500,5,3.5,18,0,2.0,3,10,905000.0
1680,3,2.0,46,0,1.5,4,7,219200.0
1250,3,1.5,50,0,1.0,3,7,455000.0
1020,2,1.0,74,0,1.0,3,6,195000.0
1510,3,1.0,112,0,2.0,3,8,799000.0
910,2,1.0,66,0,1.0,4,6,285000.0
1320,3,1.5,35,0,1.0,3,7,300000.0
900,2,1.0,96,0,1.0,3,5,83000.0
890,2,1.0,87,0,1.0,4,7,220000.0
1240,2,2.5,28,0,2.0,3,7,174500.0
2960,4,2.5,28,0,2.0,3,9,695000.0
1020,3,1.5,55,0,1.0,3,7,255000.0
2590,5,2.25,42,0,1.0,3,8,539000.0
1100,2,1.0,90,0,1.0,3,7,552700.0
1300,3,1.0,62,0,1.0,4,6,571500.0
1200,3,1.0,65,0,1.0,3,6,263700.0
1390,2,2.0,28,0,2.0,3,7,186950.0
1430,3,1.75,29,0,2.0,3,8,520000.0
1250,3,1.5,45,0,1.0,4,7,358000.0
840,2,0.75,66,0,1.0,2,6,210000.0
2060,4,2.25,31,0,2.0,3,8,543000.0
2000,4,2.25,55,0,1.0,3,7,330000.0
1530,3,2.0,107,0,1.0,3,7,529000.0
700,1,1.0,107,0,1.0,4,7,295000.0
950,3,1.0,52,0,1.0,3,7,365000.0
1380,3,3.0,9,0,3.0,3,8,473000.0
1830,3,1.0,54,0,1.0,3,8,403500.0
1790,3,1.5,104,0,1.5,3,7,544000.0
1340,3,1.0,87,0,1.5,4,7,621000.0
1520,3,2.25,106,0,2.0,3,8,672600.0
1370,2,1.75,65,0,1.0,3,7,689800.0
1470,3,1.5,97,0,1.0,4,7,613000.0
2500,4,2.25,27,0,2.0,4,9,808000.0
1060,3,1.0,58,0,1.0,4,7,301000.0
1210,3,1.75,27,0,1.0,4,7,340000.0
920,3,1.0,51,0,1.0,3,7,206000.0
1340,3,1.5,54,0,1.0,4,7,550000.0
960,2,1.0,102,0,1.5,2,6,325000.0
1630,3,2.5,28,0,2.0,3,8,475000.0
1840,3,1.75,38,0,1.0,3,8,432100.0
3085,3,2.0,56,0,1.0,4,7,359000.0
920,3,1.0,89,0,1.0,4,6,490000.0
2260,4,1.75,67,0,1.0,4,7,648360.0
1730,3,1.75,96,0,1.0,5,6,340000.0
1610,3,2.0,60,0,1.0,5,7,545000.0
550,2,0.75,62,0,1.0,3,5,115000.0
2400,3,2.25,47,0,1.0,4,8,705640.0
1960,3,2.25,11,0,2.0,3,7,300000.0
3190,4,2.75,65,0,1.0,4,9,1650000.0
3160,4,3.5,16,0,2.0,3,8,1137500.0
1550,3,1.75,70,0,1.5,5,7,280000.0
1930,4,1.75,33,0,1.0,4,8,245000.0
1170,4,1.0,89,0,1.5,4,7,564000.0
2520,3,1.75,60,0,1.0,5,9,849000.0
1220,3,1.75,51,0,1.0,4,7,698000.0
960,3,1.0,43,0,1.0,3,7,319000.0
4110,3,3.5,15,0,1.0,3,10,1450000.0
3310,4,3.5,22,0,2.0,5,9,695000.0
2220,4,2.75,64,0,1.0,5,7,680000.0
2250,4,2.25,29,0,2.0,3,8,287500.0
1510,3,3.25,13,0,2.0,3,8,465000.0
1350,3,1.0,33,0,1.0,4,6,335000.0
2420,4,1.75,33,0,1.0,4,8,602000.0
2950,3,2.5,12,0,2.0,3,8,482000.0
1260,5,1.0,96,0,1.5,3,7,220000.0
1700,4,2.0,36,0,1.0,3,6,206000.0
3320,4,3.0,61,0,2.0,3,9,1100000.0
1470,3,2.5,12,0,2.0,3,7,491150.0
2500,4,2.75,39,0,1.0,3,8,390000.0
2641,4,2.5,17,0,2.0,3,7,393000.0
2260,4,2.0,22,0,2.0,3,9,635000.0
1160,2,1.0,77,0,1.0,4,8,490000.0
3680,4,3.5,84,0,2.5,3,9,770000.0
1615,2,2.0,108,0,1.5,5,8,665000.0
1250,3,1.0,49,0,1.0,3,7,287000.0
1230,3,1.0,90,0,1.0,3,7,410000.0
2510,3,2.0,90,0,1.0,5,8,562000.0
1540,2,2.0,31,0,2.0,3,7,475000.0
1860,3,3.25,13,0,3.0,3,8,387500.0
2700,5,2.0,52,0,1.0,4,7,580000.0
3290,3,2.5,14,0,2.0,3,10,930000.0
2700,3,1.75,67,0,1.0,4,7,625000.0
1570,3,2.0,15,0,1.0,3,8,325000.0
1950,3,1.75,54,0,1.0,3,7,235000.0
1380,2,1.0,83,0,1.0,4,8,450000.0
2410,4,2.75,106,0,1.5,5,8,745000.0
1200,4,2.0,53,0,1.0,4,7,223000.0
1770,4,1.75,77,0,1.0,3,7,630000.0
1540,3,2.5,6,0,3.0,3,8,413450.0
2860,5,2.75,9,0,2.0,3,9,720000.0
1740,3,1.5,42,0,1.0,4,7,339000.0
2830,4,3.5,96,0,1.5,3,7,1115500.0
4280,5,4.0,18,0,2.0,3,10,839000.0
3890,4,3.25,91,1,2.0,5,10,2950000.0
2340,4,2.0,48,0,1.0,4,7,568000.0
1410,3,2.0,21,0,1.0,3,7,269000.0
1350,2,2.0,41,0,1.0,4,8,382000.0
1100,2,2.25,6,0,2.0,3,8,574000.0
2070,3,2.5,12,0,2.0,3,7,405000.0
2360,3,2.5,27,0,1.0,3,8,572000.0
2760,4,2.25,38,0,2.0,4,9,675000.0
1220,4,1.0,70,0,1.5,3,6,165000.0
1220,4,1.0,71,0,1.5,3,6,260000.0
1220,3,1.0,62,0,1.0,3,6,196000.0
3020,3,2.5,12,0,2.0,3,8,515000.0
3470,4,3.5,35,0,2.0,3,8,810000.0
2380,4,2.25,38,0,2.0,4,8,365650.0
2260,3,3.0,12,0,2.0,3,8,651000.0
720,2,1.0,71,0,1.0,3,6,240000.0
1730,3,2.0,10,0,1.0,3,8,299000.0
2660,3,2.5,26,0,2.0,3,9,768000.0
1030,2,1.0,90,0,1.0,3,6,397380.0
2890,4,3.0,69,0,1.0,3,7,476000.0
890,3,1.0,58,0,1.0,3,7,315000.0
1410,3,2.25,34,0,1.0,3,7,240000.0
810,2,1.0,73,0,1.0,4,6,325000.0
1370,3,1.75,24,0,2.0,3,7,160000.0
2260,3,2.5,8,0,2.0,3,8,435000.0
1430,3,1.75,48,0,1.0,4,7,427500.0
2510,5,2.5,31,0,1.0,4,8,450000.0
1760,3,1.5,86,0,1.5,3,8,688000.0
1430,4,1.0,68,0,1.0,3,6,285000.0
1510,3,3.25,8,0,3.0,3,8,530000.0
1320,4,1.75,87,0,1.0,3,7,195000.0
1180,3,1.5,55,0,1.0,5,7,250200.0
1560,3,2.25,38,0,1.0,5,7,1100000.0
2470,3,2.5,26,0,2.0,3,9,732500.0
2190,3,2.25,27,0,1.0,3,7,194250.0
1610,4,2.0,49,0,1.0,3,7,526000.0
2700,4,2.75,57,0,2.0,3,7,520000.0
1530,3,1.75,56,0,1.0,3,7,526000.0
7320,5,4.0,22,0,2.0,3,11,1135250.0
920,2,1.0,64,0,1.0,4,6,202000.0
2990,4,2.5,14,0,2.0,3,9,645500.0
720,1,1.0,110,1,1.0,4,6,570000.0
1750,3,2.0,79,0,1.5,4,5,325000.0
2410,2,1.0,7,0,2.0,3,9,725000.0
1240,3,1.75,27,0,1.0,3,6,192000.0
1010,2,1.0,54,0,1.0,4,7,560000.0
2770,5,2.75,35,0,1.0,3,7,283450.0
2800,4,1.75,90,0,1.0,3,9,863000.0
1400,4,2.0,28,0,2.0,3,7,815000.0
1020,2,1.0,73,0,1.0,5,6,245000.0
2860,4,3.0,61,0,1.0,4,8,1315000.0
4270,4,3.5,20,0,2.0,3,10,1156000.0
2270,3,2.5,15,0,2.0,3,7,480000.0
2560,4,2.5,13,0,2.0,3,7,600000.0
900,2,1.0,58,0,1.0,4,6,329950.0
2010,4,2.5,28,0,2.0,3,8,299500.0
1690,3,2.5,73,0,1.0,3,7,460000.0
2310,5,3.5,15,0,2.0,3,8,515000.0
1520,3,2.25,10,0,3.0,3,8,405000.0
1220,4,1.5,87,0,1.5,3,7,483000.0
2170,4,2.5,23,0,2.0,3,8,377000.0
2790,4,1.75,58,0,1.0,3,7,568000.0
1760,2,1.75,88,0,1.0,4,7,355000.0
2100,4,1.75,103,0,1.5,4,7,640000.0
1430,4,1.0,68,0,1.0,3,6,270000.0
2450,5,3.5,10,0,2.0,3,9,559950.0
1820,4,3.0,45,0,1.0,3,7,515000.0
1850,4,1.75,60,0,1.0,3,7,352000.0
1870,3,1.75,56,0,1.0,5,9,595888.0
2580,4,2.25,37,0,2.0,3,8,588000.0
3680,4,3.25,56,0,1.0,5,10,1050000.0
1750,3,1.5,31,0,2.0,3,8,260000.0
3890,4,3.5,10,0,2.0,3,9,1600000.0
1000,2,1.0,63,0,1.0,3,6,380000.0
2210,2,2.5,11,0,1.0,3,8,802000.0
2850,4,3.25,109,0,2.5,5,10,1325000.0
2460,4,2.75,108,0,2.0,3,8,710000.0
2630,3,2.5,10,0,2.0,3,9,600000.0
1750,3,1.0,85,0,2.0,4,7,707900.0
1100,2,1.0,32,0,1.0,3,7,179950.0
2620,4,2.5,24,0,2.0,3,9,683000.0
1200,3,2.0,19,0,1.0,3,7,222400.0
1920,2,1.5,102,0,1.0,4,7,517000.0
1690,3,2.75,29,0,1.0,5,7,410000.0
1680,3,1.75,62,0,1.0,4,7,480000.0
3440,3,1.75,41,0,1.5,5,8,430000.0
2190,5,1.75,36,0,1.0,3,7,439950.0
3270,4,2.5,17,0,2.0,3,10,797500.0
1280,4,1.5,94,0,1.5,5,7,379000.0
1310,1,1.0,96,0,1.5,1,6,575000.0
1660,3,1.0,53,0,1.0,4,7,247500.0
2700,4,2.75,30,0,2.0,3,9,385000.0
1940,4,1.75,73,0,1.0,4,7,423000.0
1520,3,1.75,61,0,1.0,3,7,550000.0
1620,4,1.0,87,0,1.5,3,7,415000.0
2090,3,2.25,62,0,1.0,5,8,693000.0
1070,2,1.0,105,0,1.0,5,7,543000.0
2000,5,1.75,62,0,1.0,3,7,465000.0
1020,3,2.5,11,0,2.0,3,7,280000.0
2400,3,1.25,22,0,3.0,3,11,1388000.0
2480,6,3.0,43,0,2.0,3,8,665000.0
1310,3,1.75,55,0,1.0,5,6,237950.0
2420,4,2.75,53,0,1.0,3,8,440000.0
1890,2,1.0,87,0,1.0,4,7,618000.0
1860,3,2.25,94,0,1.5,5,7,572000.0
2500,3,1.5,74,0,1.5,3,7,725000.0
1970,3,1.0,44,0,1.0,4,7,454000.0
1660,4,1.0,95,0,1.5,4,7,535000.0
1850,3,2.5,35,0,1.0,3,7,249000.0
1970,4,2.75,53,0,1.0,4,8,395000.0
1890,3,2.0,60,0,1.0,4,8,690000.0
1310,3,1.5,86,0,1.0,4,7,526500.0
1870,4,1.5,58,0,2.0,3,7,325000.0
1520,3,3.0,67,0,2.0,5,7,495000.0
3070,5,3.0,3,0,2.0,3,9,825000.0
1400,3,1.5,104,0,1.5,4,7,383000.0
1960,3,1.75,61,0,1.0,3,7,320000.0
2680,3,2.5,25,0,1.0,3,7,475000.0
2030,3,2.5,21,0,2.0,3,7,275000.0
2320,2,2.25,77,0,1.5,5,9,1150000.0
1760,3,1.75,55,0,1.0,5,8,455000.0
1870,5,1.0,52,0,1.0,3,7,262000.0
1280,4,1.0,64,0,1.0,3,7,390000.0
1730,3,2.25,29,0,1.0,4,8,300000.0
2060,3,1.75,50,0,1.0,3,9,746300.0
1030,3,1.5,62,0,1.0,4,7,267000.0
1720,3,2.5,43,0,1.5,4,7,525000.0
1210,3,1.75,38,0,1.0,3,7,570000.0
2620,4,2.25,50,0,1.0,4,7,360000.0
1860,3,1.0,68,0,1.0,4,6,1052000.0
2510,3,2.5,11,0,2.0,3,9,699950.0
2040,4,2.5,41,0,1.5,4,8,375000.0
2410,4,1.75,90,0,1.0,4,7,625000.0
780,2,1.0,86,0,1.0,4,7,464050.0
2210,5,2.5,38,0,1.0,3,8,470000.0
1590,4,2.0,47,0,1.0,3,7,330000.0
2230,4,1.75,47,0,1.0,4,7,537000.0
1560,3,2.0,39,0,1.0,5,7,250000.0
2950,4,2.5,29,0,2.0,3,10,835000.0
1480,4,1.0,103,0,1.5,4,7,770000.0
2850,4,2.0,104,0,1.5,3,7,650000.0
2390,3,1.75,61,0,1.0,3,7,335000.0
1740,3,1.75,49,0,1.0,4,7,350000.0
2060,5,2.75,36,0,1.0,4,7,415000.0
2680,4,2.5,37,0,2.0,4,8,788000.0
3150,4,2.75,99,0,1.5,4,7,640000.0
2440,4,2.5,21,0,2.0,3,8,388000.0
2230,6,1.75,45,0,1.0,3,7,360000.0
2230,6,1.75,46,0,1.0,3,7,692500.0
1600,4,1.5,68,0,1.5,3,6,425000.0
1600,4,1.5,69,0,1.5,3,6,645000.0
1580,3,1.0,67,0,1.5,3,7,340000.0
2840,4,3.25,31,0,1.0,4,8,713000.0
2550,3,2.75,20,0,2.0,3,8,430000.0
1700,3,2.25,41,0,1.0,4,7,280000.0
1470,3,2.0,29,0,1.5,3,7,215000.0
1680,3,2.5,30,0,2.0,3,8,306000.0
1110,3,1.0,35,0,1.0,3,7,299900.0
2120,5,1.75,55,0,1.0,3,7,534000.0
2380,3,2.75,75,0,2.0,3,9,1160000.0
2670,3,2.5,72,0,2.0,5,9,1165000.0
890,2,1.0,79,0,1.0,3,6,199990.0
3140,4,3.0,25,0,1.0,3,9,946000.0
1260,4,1.0,68,0,1.5,3,7,295000.0
920,2,1.0,106,0,1.0,3,6,475000.0
2990,5,3.5,21,0,2.0,3,8,750000.0
3120,4,2.5,40,1,2.0,4,9,1225000.0
1010,3,1.0,40,0,1.0,4,6,183500.0
1010,2,1.0,91,0,1.0,4,6,450000.0
1020,3,1.0,54,0,1.5,3,7,180000.0
3540,5,4.5,89,0,2.0,4,8,707000.0
900,2,0.75,76,0,1.0,3,6,230000.0
1100,3,1.0,48,0,1.0,4,7,192500.0
1990,3,2.5,9,0,2.0,3,7,309000.0
1980,3,1.5,65,0,1.0,4,8,759000.0
4040,4,3.75,13,0,2.0,3,11,1115000.0
1250,5,1.75,48,0,1.0,4,7,462000.0
1820,4,1.5,94,0,1.5,3,7,229000.0
1140,2,2.25,15,0,2.0,3,8,399950.0
1730,5,2.0,72,0,1.0,4,5,325000.0
1170,2,2.25,7,0,3.0,3,8,512000.0
2910,5,2.75,8,0,2.0,3,7,410000.0
970,2,1.0,58,0,1.0,3,7,210000.0
2130,4,2.25,39,0,1.0,4,7,325000.0
2520,3,2.5,36,0,1.0,3,8,685000.0
1360,2,2.0,70,0,1.0,3,7,488000.0
1620,3,2.25,17,0,1.0,3,7,247500.0
2120,4,2.0,74,0,1.0,4,7,489000.0
2700,4,1.75,61,0,1.0,4,8,725000.0
1370,3,1.5,57,0,1.5,3,6,199950.0
2520,5,3.0,42,0,2.0,3,8,670000.0
1540,3,2.0,47,0,1.0,4,7,275000.0
2610,3,1.75,91,0,2.0,3,8,1000000.0
1490,3,2.0,30,0,1.5,3,7,255000.0
2760,3,1.75,54,0,1.0,3,7,465000.0
1260,3,1.75,3,0,1.0,3,7,259000.0
2630,3,3.5,6,0,2.0,3,9,695000.0
1800,3,1.75,39,0,1.0,3,7,505000.0
1130,2,1.0,87,0,1.0,4,8,631500.0
1180,3,1.0,88,0,1.5,3,7,630500.0
2800,4,2.75,22,0,2.0,3,10,999000.0
1830,3,1.5,104,0,1.0,4,7,740000.0
2220,3,2.5,83,0,1.5,4,8,650000.0
1870,2,2.0,10,0,1.0,3,8,554000.0
2580,3,2.5,68,0,1.5,3,8,400000.0
1660,3,2.0,54,0,1.0,4,7,529941.0
1330,3,1.0,111,0,1.5,3,6,310000.0
1330,3,1.0,112,0,1.5,3,6,389000.0
2630,3,3.0,8,0,2.0,3,9,731781.0
1100,2,1.0,69,0,1.0,3,7,502501.0
1810,3,1.75,46,0,1.0,4,7,443000.0
2060,3,2.0,93,0,1.0,5,7,607000.0
4660,3,3.5,105,0,2.0,5,10,2147500.0
2370,4,2.5,39,0,1.0,3,8,585000.0
2430,3,2.5,25,0,2.0,3,9,1027000.0
1880,3,2.5,21,0,2.0,3,8,315000.0
1150,2,1.0,56,0,1.0,4,6,180000.0
1350,3,2.0,25,0,1.0,3,7,322500.0
2180,3,2.75,33,0,1.0,4,7,568500.0
3370,4,2.75,66,0,1.0,4,8,813000.0
3650,5,2.25,39,0,1.0,4,10,1085000.0
2100,4,2.0,49,0,2.0,3,8,424000.0
670,2,1.0,111,0,1.0,3,6,235000.0
2420,3,3.5,107,0,2.0,5,9,740000.0
760,1,1.0,114,0,1.0,3,7,415000.0
2200,3,2.75,32,0,1.0,3,6,432000.0
4410,5,3.25,25,0,2.0,3,12,1268890.0
1300,3,1.75,53,0,1.0,3,8,676500.0
720,2,1.0,71,0,1.0,4,6,419000.0
2180,3,2.5,17,0,2.0,3,9,650000.0
1130,2,1.0,60,0,1.0,4,7,239000.0
2230,4,2.5,79,0,2.0,5,8,900000.0
2100,5,1.75,34,0,1.0,3,7,330000.0
2060,3,1.75,32,0,1.0,3,8,510000.0
3060,4,2.5,2,0,2.0,3,9,465000.0
2810,3,2.75,40,1,2.0,4,10,1700000.0
2550,3,2.25,25,0,1.0,3,9,490000.0
4290,5,3.0,29,0,2.0,4,11,2680000.0
3040,3,2.25,9,0,1.0,3,9,1000000.0
2530,4,2.75,17,0,2.0,3,8,469950.0
1300,3,1.75,89,0,1.5,3,7,536000.0
1790,4,2.5,49,0,1.0,4,7,244950.0
1530,3,1.0,87,0,1.0,4,7,575000.0
2380,5,2.75,31,0,1.0,3,7,361000.0
2400,5,2.25,58,0,1.0,5,7,650000.0
1030,2,1.0,64,0,1.0,2,7,230005.0
3250,4,2.5,41,0,1.0,3,9,293000.0
1970,3,3.0,4,0,1.0,3,8,445000.0
1940,4,1.5,60,0,1.0,3,7,280000.0
1850,3,2.25,29,0,1.0,3,8,520000.0
3900,4,3.25,23,0,2.0,3,10,780000.0
3160,3,1.75,36,0,1.0,4,8,625000.0
1440,3,1.75,29,0,1.0,3,7,239950.0
2040,3,1.5,57,0,1.0,3,7,335000.0
2120,3,2.5,26,0,2.0,3,8,612000.0
830,2,1.0,60,0,1.0,3,6,200000.0
3140,3,1.75,29,0,1.0,4,8,345000.0
2410,4,2.5,41,0,1.0,3,8,520000.0
2190,4,2.25,96,0,2.0,3,8,855000.0
2190,4,1.75,65,0,1.0,3,7,567500.0
1210,3,1.5,47,0,1.0,4,7,208000.0
1880,3,1.75,92,0,1.0,3,7,452000.0
2410,3,3.0,26,0,2.0,3,9,555000.0
2620,5,2.75,35,0,1.0,5,8,519000.0
1850,3,2.25,1,0,2.0,3,9,474950.0
1760,3,2.25,25,0,1.0,3,7,419000.0
860,2,1.0,105,0,1.0,3,7,390000.0
2620,7,2.25,53,0,2.0,4,7,539000.0
2400,4,1.75,58,0,1.0,5,8,569000.0
1850,3,1.0,92,0,1.5,3,7,611000.0
4040,3,2.5,10,0,2.0,3,9,760000.0
1940,3,2.0,60,0,1.0,5,9,732000.0
3490,3,2.5,75,1,2.0,4,9,1675000.0
3170,5,2.75,0,0,2.0,3,9,919950.0
2530,4,2.5,36,0,1.0,3,7,400000.0
3230,4,2.5,21,0,2.0,3,9,785000.0
2120,3,2.25,50,0,2.0,4,9,835000.0
1640,2,1.75,76,0,1.0,4,8,640500.0
2130,4,2.5,27,0,2.0,3,8,310000.0
1440,4,1.0,45,0,1.5,3,7,355000.0
1940,3,1.75,54,0,1.0,4,8,685000.0
1120,3,1.0,71,0,1.0,3,6,202500.0
2400,3,2.5,17,0,2.0,3,8,540000.0
1810,4,2.5,15,0,2.0,3,8,295000.0
1270,3,1.0,88,0,1.5,3,7,518000.0
1350,2,1.75,10,0,1.0,3,7,250000.0
1550,2,2.0,42,0,1.5,2,7,330000.0
1620,2,1.0,90,0,1.0,4,7,481000.0
2650,3,2.25,37,0,1.0,3,9,898000.0
2510,5,1.75,45,0,1.5,3,8,570000.0
2040,4,2.5,18,0,2.0,3,8,475000.0
1660,3,2.5,27,0,2.0,4,8,265000.0
1980,3,2.5,30,1,2.0,3,10,380000.0
2690,4,2.5,27,0,2.0,4,9,790000.0
2910,2,2.25,30,0,2.0,4,9,620000.0
2720,4,3.5,17,0,2.0,3,8,709050.0
1280,3,1.0,66,0,1.0,3,7,296500.0
2160,3,2.5,32,0,2.0,3,8,475000.0
1760,3,2.25,38,0,1.0,4,8,440000.0
800,2,1.0,72,0,1.0,3,6,405000.0
930,2,1.0,72,0,1.0,3,6,269500.0
2040,5,1.75,53,0,1.0,4,7,520000.0
1180,1,1.0,66,0,1.0,3,6,229500.0
2000,4,1.75,53,0,1.0,4,7,335000.0
3310,4,2.75,16,0,2.0,3,9,680000.0
3130,4,3.5,7,0,2.0,3,9,1389000.0
2300,4,2.5,53,0,1.0,3,8,740000.0
2140,3,2.25,53,0,1.0,4,8,270000.0
2210,4,2.0,104,0,1.5,3,7,510000.0
970,2,1.0,65,0,1.0,3,6,300000.0
2690,5,2.25,59,0,1.0,4,8,1298890.0
1890,4,2.0,74,0,1.5,4,7,675000.0
3140,6,3.25,23,0,2.0,3,10,925850.0
1440,2,1.0,49,0,1.0,4,7,255500.0
2910,3,2.5,25,0,2.0,3,10,450000.0
1310,3,1.0,46,0,1.0,3,7,280000.0
2140,4,2.25,52,0,2.0,4,7,245000.0
1090,3,1.0,43,0,1.0,4,7,344950.0
1330,3,1.75,45,0,1.0,3,7,381000.0
4690,4,4.0,13,0,2.0,3,11,1945000.0
1910,3,1.5,60,0,1.0,1,8,1500000.0
1750,3,1.75,38,0,2.0,4,7,232603.0
1760,5,2.5,89,0,1.5,3,6,220000.0
1810,4,1.75,37,0,1.0,5,8,600000.0
1360,3,2.5,20,0,2.0,3,7,239000.0
1730,3,1.75,53,0,1.0,3,8,400000.0
4710,6,2.75,83,0,2.0,3,10,2180000.0
1010,3,1.0,61,0,1.0,5,7,350000.0
2400,3,2.5,31,0,2.0,5,8,562000.0
1540,3,1.5,46,0,1.0,5,7,380000.0
1480,4,1.75,87,0,1.0,3,7,511200.0
2520,4,2.5,10,0,2.0,3,9,680000.0
1210,3,3.25,12,0,2.0,3,8,350000.0
2670,5,2.5,35,0,1.0,3,8,410000.0
3030,4,2.5,26,0,1.5,4,10,1050000.0
1440,3,2.0,12,0,1.0,3,8,391265.0
3250,4,2.25,35,0,2.0,3,9,1410000.0
1750,3,2.0,59,0,1.0,5,7,575000.0
2120,4,1.5,41,0,2.0,3,7,316000.0
1050,3,1.0,96,0,1.5,3,7,165000.0
1950,3,2.25,103,0,1.5,5,8,850000.0
1020,3,1.0,114,0,1.0,3,5,210000.0
1820,4,2.5,39,0,1.0,4,7,325000.0
2390,4,2.5,26,0,2.0,3,8,682000.0
1400,3,2.5,27,0,2.0,4,7,430000.0
1540,3,1.5,55,0,1.0,4,7,325500.0
2370,3,1.75,60,0,1.0,3,7,385000.0
670,1,1.0,110,0,1.0,5,6,435000.0
2420,4,1.0,69,0,2.0,4,7,550000.0
1000,3,1.0,84,0,1.0,4,6,400000.0
2100,4,2.75,36,0,1.0,5,7,503000.0
2800,4,2.5,11,0,2.0,3,8,676000.0
940,3,1.0,55,0,1.5,4,7,180000.0
1640,3,2.0,104,0,1.5,5,6,234000.0
2760,4,2.5,86,0,1.5,5,7,734200.0
3660,3,3.25,11,0,2.0,3,10,920000.0
3070,4,2.5,64,0,1.0,4,9,1920000.0
1100,3,1.75,45,0,1.0,4,7,224000.0
3130,3,2.75,68,1,1.0,3,8,1400000.0
1320,3,1.0,53,0,1.0,4,6,185000.0
1470,3,1.75,114,0,1.5,5,7,554600.0
1480,3,1.75,34,0,1.0,3,7,268000.0
2260,4,2.25,38,0,1.0,4,8,675000.0
2210,4,2.25,47,0,1.0,4,8,620000.0
1540,3,1.75,47,0,1.0,5,8,396450.0
1910,5,1.75,59,0,1.0,4,7,565000.0
1760,3,1.75,48,0,1.0,3,7,410000.0
2240,4,3.0,100,0,1.5,4,8,1190000.0
2110,3,2.25,30,0,1.0,4,9,716125.0
1396,2,1.0,74,0,1.0,3,7,225000.0
3040,4,2.75,28,0,2.0,3,9,640000.0
1140,2,1.0,94,0,1.0,3,6,374000.0
1780,4,2.0,65,0,1.0,5,7,415000.0
3370,4,2.5,21,0,1.0,5,8,592500.0
1484,3,2.5,11,0,3.0,3,7,365000.0
2230,4,2.5,33,0,1.0,4,7,600000.0
2820,4,2.5,25,0,2.0,4,9,465000.0
1580,3,1.0,39,0,1.0,4,7,254999.0
2040,4,2.5,20,0,2.0,3,7,279000.0
2720,3,2.5,13,0,2.0,3,8,460000.0
1490,4,2.25,9,0,2.0,3,7,507000.0
1560,3,1.75,50,0,1.0,3,7,291000.0
830,2,1.5,8,0,2.0,3,7,350000.0
980,3,1.0,45,0,2.0,4,6,90000.0
1980,3,1.75,37,0,1.0,4,8,329000.0
3680,4,2.5,28,0,2.0,3,10,909000.0
860,2,1.0,61,0,1.0,4,5,187000.0
1850,3,1.75,105,0,1.0,3,7,580000.0
1620,3,2.5,13,0,2.0,3,7,345000.0
2240,4,2.5,19,0,2.0,3,8,497000.0
1010,3,1.0,110,0,1.5,3,6,345000.0
1610,3,1.75,40,0,1.0,3,8,313500.0
2720,3,2.5,25,0,2.0,3,9,910000.0
2080,3,1.5,55,0,1.0,3,7,399950.0
1930,4,2.0,47,0,1.0,4,7,268000.0
2250,4,1.75,60,0,1.0,3,8,559000.0
1980,3,2.25,51,0,1.0,4,7,309000.0
1960,3,2.5,8,0,2.0,3,7,410000.0
1320,3,1.0,57,0,1.0,4,7,259000.0
2940,5,2.0,105,0,2.0,4,9,950000.0
1460,4,1.0,59,0,1.5,4,7,320000.0
2330,4,2.5,64,0,1.0,3,8,1150000.0
2620,3,2.0,32,0,1.0,3,7,394250.0
700,1,1.0,104,0,1.0,3,6,315000.0
1140,2,2.0,71,0,1.0,3,6,480000.0
2750,3,2.5,20,0,2.0,3,9,556000.0
2480,3,2.5,12,0,2.0,3,7,450000.0
1130,3,1.5,68,0,1.0,3,7,420000.0
2770,6,3.75,46,0,1.0,3,8,890000.0
1710,4,2.0,39,0,1.0,5,7,295000.0
2150,4,2.25,38,0,2.0,5,8,410000.0
2250,3,2.5,20,0,2.0,3,8,308900.0
2960,4,2.5,65,0,1.0,3,8,1161000.0
2300,2,2.5,9,0,1.0,3,8,665000.0
1740,3,1.75,61,0,1.0,5,7,577000.0
2830,3,2.5,0,0,3.0,3,10,959000.0
1240,2,1.75,90,0,1.0,5,7,471000.0
2180,3,2.5,25,0,2.0,3,8,560000.0
2510,5,2.25,42,0,2.0,3,8,955000.0
6630,7,5.5,10,0,2.0,3,10,1240000.0
2300,3,2.5,53,0,1.0,3,8,579000.0
3220,4,2.25,37,0,2.0,3,8,335000.0
2270,3,2.5,10,0,2.0,3,8,485000.0
1840,3,2.5,36,0,1.0,3,9,552000.0
3820,4,3.25,11,0,2.0,3,10,950000.0
1660,3,2.0,32,0,1.0,3,7,203700.0
3360,4,3.5,24,0,2.0,3,9,412000.0
1350,3,2.0,29,0,1.0,4,7,237500.0
2970,4,3.5,13,0,2.0,3,9,866800.0
1000,3,1.0,69,0,1.0,3,7,425000.0
1190,3,2.0,19,0,1.0,3,7,200000.0
1670,3,1.75,57,0,1.0,3,7,280000.0
1200,3,1.5,48,0,2.0,3,8,140000.0
2250,5,2.5,41,0,1.0,3,8,370000.0
1040,2,0.75,105,0,1.0,3,7,550000.0
3180,2,2.5,29,0,2.0,5,10,1411600.0
3180,2,2.5,30,0,2.0,5,10,1505000.0
2040,4,1.5,53,0,1.0,4,7,510000.0
1160,3,1.0,54,0,1.0,3,7,351000.0
880,3,1.0,73,0,1.0,3,6,210000.0
2290,4,1.75,77,0,1.5,5,7,449999.0
950,3,1.0,60,0,1.0,3,6,137000.0
1010,3,1.0,40,0,1.0,5,7,270000.0
3100,3,2.5,33,0,1.0,4,7,540000.0
2560,5,3.0,2,0,1.0,3,8,565000.0
2430,4,1.5,35,0,2.5,3,8,940000.0
830,2,1.0,86,1,1.0,4,6,385000.0
2090,3,3.0,13,0,1.0,3,8,400000.0
2030,3,2.0,17,0,1.0,3,7,365000.0
1060,2,1.0,35,0,2.0,3,7,353250.0
1090,2,1.5,73,0,1.0,3,7,455000.0
3400,4,3.5,23,0,2.0,3,8,475000.0
1920,4,1.75,75,0,1.0,4,7,571500.0
1150,2,1.0,100,0,1.0,3,6,441000.0
3970,6,2.75,45,0,1.0,4,10,810000.0
1880,3,2.25,28,0,2.0,3,8,550000.0
1500,2,1.0,81,0,1.0,3,8,736000.0
2190,3,1.75,26,0,1.0,3,7,375000.0
2530,3,2.5,20,0,2.0,3,8,717500.0
1930,2,1.75,63,0,1.0,3,8,581000.0
1510,3,2.0,105,0,2.0,4,7,629000.0
1100,3,2.0,45,0,1.0,3,6,225000.0
1730,3,2.5,21,0,2.0,3,7,315000.0
1480,3,2.5,10,0,3.0,3,8,425000.0
1150,3,1.0,82,0,1.0,4,7,346500.0
1950,3,2.25,50,0,1.0,4,8,550000.0
2380,3,1.75,38,0,1.0,3,8,565000.0
3100,4,2.0,75,0,1.5,5,7,1001000.0
2010,2,2.0,92,0,1.5,3,7,400000.0
2270,4,2.0,105,0,2.0,4,8,724950.0
2050,3,1.75,41,0,1.0,2,8,623000.0
650,2,1.0,64,0,1.0,3,6,295000.0
2780,4,3.25,8,0,2.0,3,9,700000.0
1300,2,1.5,15,0,2.0,3,8,482000.0
2730,3,2.5,19,0,2.0,3,10,770000.0
3140,4,2.5,54,0,1.0,4,8,310000.0
2410,4,2.25,49,0,2.0,5,8,720000.0
1180,3,1.0,87,0,1.5,4,6,355000.0
2600,4,2.5,9,0,2.0,3,9,512000.0
1400,2,1.5,15,0,3.0,3,7,303000.0
2220,5,2.5,46,0,1.0,4,7,299000.0
1660,3,2.5,11,0,2.0,3,8,285000.0
2330,3,1.75,46,0,1.0,4,8,680000.0
1440,4,1.75,60,0,1.0,5,6,285000.0
2920,4,2.25,37,0,1.0,4,9,707000.0
1760,3,2.0,72,0,1.0,4,7,690000.0
2860,4,2.25,32,0,2.0,3,10,872000.0
2090,4,1.75,47,0,1.0,3,8,290000.0
1910,4,1.75,34,0,1.0,4,7,425000.0
3280,3,2.75,36,0,1.0,4,9,925000.0
1770,3,1.0,57,0,1.0,3,7,340500.0
920,2,1.0,104,0,1.0,4,6,365000.0
1690,3,1.75,55,0,1.0,4,7,725000.0
2470,3,3.0,37,0,2.0,5,8,811000.0
1040,3,1.0,45,0,1.0,4,7,299000.0
1220,4,2.0,62,0,1.0,5,7,287500.0
3500,4,2.25,76,0,1.0,4,9,879950.0
760,2,1.0,64,0,1.0,3,6,135900.0
3070,4,2.25,38,0,1.0,3,9,1225000.0
2100,4,1.75,67,0,1.0,5,7,522500.0
1660,4,1.5,68,0,1.0,5,7,399500.0
1430,3,1.0,98,0,1.5,4,7,450000.0
1620,4,1.0,52,0,1.0,3,7,218000.0
1490,3,2.0,20,0,1.0,3,8,289999.0
1170,2,1.0,112,0,1.0,3,6,540000.0
1240,3,1.0,38,0,1.0,4,7,324950.0
2910,3,2.0,114,0,2.0,4,7,718500.0
2660,3,2.0,50,0,1.0,4,9,495000.0
2220,6,2.0,37,0,1.0,3,7,260000.0
1920,4,1.5,60,0,1.0,4,7,430000.0
2780,3,3.25,5,0,2.0,3,8,402500.0
3110,4,3.0,83,0,2.5,4,10,1415000.0
1820,3,2.25,27,0,1.0,4,7,275000.0
1765,3,2.25,18,0,2.0,3,7,250000.0
1800,3,2.75,48,0,1.0,4,7,665000.0
2650,3,2.5,48,0,1.0,3,8,425000.0
1410,2,1.0,89,0,1.5,4,7,760000.0
1650,3,2.5,11,0,2.0,3,7,447000.0
1180,3,1.0,47,0,1.0,4,7,205000.0
800,3,1.5,55,0,1.0,4,6,191000.0
1430,2,1.75,32,0,1.0,3,7,350000.0
3300,5,3.5,14,0,2.0,3,9,789888.0
1220,2,1.0,67,0,1.0,3,7,443000.0
3530,4,3.5,14,0,2.0,3,9,695000.0
1380,4,2.0,109,0,1.5,4,7,560000.0
1410,3,1.75,91,0,1.0,4,7,550000.0
3360,2,2.5,10,0,2.0,3,9,850000.0
2270,4,2.75,38,0,1.0,4,7,352750.0
2890,4,2.5,13,0,2.0,3,8,550000.0
1750,5,1.0,111,0,1.5,3,7,774900.0
1010,3,1.0,70,0,1.0,5,6,250000.0
3780,4,2.5,17,0,2.0,3,9,962800.0
1880,3,1.75,46,0,1.0,4,7,299500.0
800,2,1.0,71,0,1.0,3,6,250000.0
4720,5,4.0,40,0,2.0,5,9,745000.0
1060,2,1.0,47,0,1.5,3,6,279475.0
2530,3,2.25,27,0,2.0,3,8,450000.0
1980,5,2.25,52,0,1.0,4,7,307700.0
1650,3,1.0,61,0,1.0,4,8,665000.0
1890,3,2.75,15,0,2.0,3,8,375000.0
3360,4,2.5,25,0,2.0,3,11,420000.0
630,2,1.0,84,0,1.0,3,6,148000.0
1980,3,1.5,95,0,2.0,3,8,707000.0
990,3,1.0,90,0,1.0,4,7,399000.0
3420,4,2.5,25,0,2.0,3,9,570000.0
3440,4,2.25,27,0,2.0,3,10,853000.0
1300,3,1.0,71,0,1.0,4,7,400000.0
2040,2,1.75,95,1,1.5,4,7,615000.0
1250,3,1.0,60,0,1.0,4,7,463000.0
1960,4,2.5,56,0,1.0,4,8,600000.0
2720,5,2.5,44,0,1.0,3,7,429000.0
3250,4,4.25,70,0,2.0,3,8,980000.0
3190,6,3.75,12,0,2.0,3,8,359500.0
2570,4,2.5,16,0,2.0,3,9,715000.0
1420,3,1.75,35,0,1.0,4,7,240000.0
2120,4,2.0,46,0,1.0,5,7,455000.0
2080,3,2.5,14,0,1.0,3,7,610000.0
2740,3,2.75,11,0,2.0,3,9,675000.0
1250,3,1.75,30,0,1.0,3,7,283500.0
2150,2,1.0,97,0,1.5,3,7,235000.0
3230,4,2.5,37,0,1.0,3,9,827000.0
860,2,1.0,65,0,1.0,3,7,353000.0
2810,4,2.5,21,0,2.0,4,9,747500.0
1040,2,1.0,101,0,1.0,3,6,341000.0
1160,3,1.0,64,0,1.0,2,5,182000.0
1470,3,2.0,11,0,2.0,3,6,250000.0
2350,4,3.5,20,0,2.0,3,8,655000.0
1660,3,2.25,53,0,1.0,4,8,405000.0
2020,4,1.75,39,0,1.0,3,7,390000.0
890,2,1.0,67,0,1.0,3,7,275400.0
2430,3,2.25,25,0,2.0,3,8,791000.0
1460,3,1.75,35,0,1.0,3,7,424500.0
980,3,1.0,64,0,1.0,4,7,430000.0
2580,4,2.5,23,0,2.0,4,9,865000.0
1250,2,2.0,53,0,1.0,3,7,163000.0
3140,4,2.75,53,0,1.0,5,8,920000.0
2680,5,3.25,104,0,2.0,3,9,1028950.0
1810,3,1.75,31,0,1.0,4,7,325000.0
2090,5,2.5,16,0,2.0,3,7,315000.0
1120,4,1.0,43,0,1.0,3,6,227000.0
1790,4,1.75,114,0,1.5,3,6,179000.0
870,2,1.0,10,0,1.0,3,7,276000.0
3160,4,1.5,47,0,1.5,4,6,335000.0
2350,3,2.0,33,0,1.0,3,7,430000.0
1810,3,2.5,10,0,2.0,3,7,266490.0
3160,4,2.75,52,0,1.0,3,8,655000.0
1660,3,2.0,75,0,1.0,3,7,635500.0
2500,5,2.5,35,0,1.0,3,7,235000.0
2880,3,2.5,29,0,2.0,4,9,885000.0
1470,3,1.0,61,0,1.0,4,7,352500.0
1460,3,2.5,31,0,2.0,3,8,450000.0
2480,3,2.25,47,0,1.0,3,9,1050000.0
1140,2,2.25,15,0,3.0,3,8,476000.0
1830,3,2.5,24,0,2.0,3,8,375000.0
3110,4,3.5,0,0,2.0,3,8,600600.0
2630,4,1.75,66,0,1.0,4,8,567000.0
2390,4,1.75,35,0,1.0,3,8,650000.0
1750,5,2.0,71,0,1.0,4,5,190000.0
4370,4,3.5,36,0,1.0,4,10,858000.0
1020,1,1.75,78,0,1.0,3,7,435500.0
2500,3,2.0,36,0,1.0,3,8,685000.0
1540,3,2.0,30,0,2.0,4,7,252000.0
2200,4,2.25,39,0,2.0,4,8,512500.0
1940,3,2.5,49,0,2.0,3,8,423800.0
1453,3,2.25,29,0,2.0,4,8,460000.0
1830,3,2.75,23,0,2.0,3,8,434000.0
2000,3,1.0,67,0,1.0,3,6,244000.0
1400,3,1.0,62,0,1.5,3,7,348125.0
2400,4,3.25,32,0,2.0,4,8,585000.0
1390,3,1.0,54,0,1.0,4,6,230000.0
1680,3,2.0,47,0,1.0,4,8,450000.0
1820,5,2.0,45,0,1.0,4,7,393000.0
1140,2,1.0,89,0,1.0,4,7,517000.0
1060,3,1.0,45,0,1.0,3,7,400000.0
3050,2,1.75,24,0,2.0,3,10,890000.0
970,3,1.0,45,0,1.0,4,6,205950.0
1320,3,1.0,102,0,1.5,3,6,209000.0
1890,4,1.75,67,0,1.0,4,6,430000.0
2040,4,1.75,89,0,1.5,4,6,534000.0
2370,4,3.0,98,0,1.5,5,7,735000.0
2720,3,2.25,18,0,2.0,3,11,873000.0
1970,4,2.25,31,0,1.0,3,8,475000.0
2180,3,1.75,53,0,1.0,4,7,325000.0
2990,3,2.25,20,0,2.0,3,9,500000.0
2180,4,2.75,28,0,1.0,4,7,279000.0
1440,3,2.0,27,0,1.0,3,8,350000.0
3180,4,2.25,37,0,2.0,3,9,660000.0
1643,2,1.5,61,0,1.0,4,7,324950.0
1530,4,2.0,60,0,1.0,3,7,500000.0
1310,2,1.0,64,0,1.0,3,6,187300.0
2800,5,3.5,111,0,2.5,3,9,345600.0
1510,3,1.5,55,0,1.0,3,7,400000.0
2700,5,3.0,6,0,2.0,3,10,935000.0
2220,4,1.75,51,0,1.0,5,7,374000.0
1440,3,1.75,37,0,2.0,3,7,328000.0
1300,3,2.0,33,0,1.0,5,7,257500.0
2230,4,2.5,108,0,2.0,5,8,1003000.0
1390,2,1.75,34,0,1.0,4,8,216500.0
2760,3,2.25,36,0,2.0,5,10,1185000.0
3200,4,2.5,7,0,2.0,3,9,360000.0
1240,3,0.75,47,0,1.0,4,7,699999.0
1960,3,2.5,36,0,2.0,4,8,535000.0
2190,3,2.0,21,0,1.0,3,7,464950.0
3540,4,2.5,18,0,2.0,3,10,925000.0
2640,3,3.25,102,0,2.0,3,9,930000.0
2660,3,2.0,104,0,1.5,3,8,727500.0
1670,4,1.75,39,0,1.0,3,7,325000.0
3080,3,3.25,30,0,2.0,3,8,695000.0
2890,4,2.75,41,0,1.0,3,8,585000.0
1800,3,2.25,51,0,1.0,3,7,319000.0
2000,6,2.5,55,0,1.5,4,7,265000.0
1940,5,1.75,61,0,1.5,4,7,359000.0
1940,5,1.75,62,0,1.5,4,7,390000.0
960,3,1.0,46,0,1.0,5,7,374500.0
1750,2,1.5,50,0,2.0,4,8,661000.0
2320,3,2.5,107,0,2.0,3,8,900000.0
2380,5,2.5,58,0,1.0,3,8,600000.0
6490,5,4.25,23,0,2.0,4,11,2000000.0
1620,4,1.75,99,0,1.5,5,7,512500.0
1770,3,1.75,46,0,1.0,4,8,229500.0
2320,3,2.5,11,0,2.0,3,8,589000.0
1330,3,2.5,1,0,3.0,3,8,539950.0
3420,4,2.5,12,0,2.0,3,9,640000.0
1270,3,1.0,48,0,1.0,3,7,218250.0
2550,4,3.5,18,0,2.0,3,8,675000.0
1860,5,2.0,34,0,2.0,3,7,338000.0
1020,3,1.0,34,0,1.0,3,7,231750.0
720,1,1.0,84,0,1.0,3,6,199900.0
4460,4,3.5,13,0,2.0,3,11,1059000.0
1830,4,2.75,35,0,1.0,5,7,263000.0
1520,3,1.5,24,0,1.0,4,7,279950.0
1080,3,1.5,94,0,1.5,4,7,395000.0
1900,3,2.0,23,0,1.0,3,7,252500.0
5300,4,3.75,26,0,2.0,3,11,1150000.0
1370,3,1.0,45,0,1.0,3,7,205000.0
2960,5,2.5,49,0,1.0,4,8,654000.0
960,3,1.0,82,0,1.0,2,6,200000.0
2190,3,2.5,10,0,2.0,3,8,700000.0
3990,4,3.25,25,0,2.0,4,11,2720000.0
1200,2,1.75,58,0,1.0,5,7,306000.0
1780,3,2.5,5,0,2.0,3,7,270000.0
2630,3,2.25,26,0,2.0,4,9,340000.0
2300,4,2.5,59,0,1.0,4,7,450000.0
3210,4,2.75,39,0,1.0,5,7,580000.0
2290,4,1.75,55,0,1.0,3,7,435000.0
2780,4,2.5,11,0,2.0,3,9,690000.0
2650,4,2.5,26,0,2.0,3,8,720000.0
1840,3,2.25,35,0,1.0,3,8,403000.0
1560,3,2.75,42,0,1.0,5,7,440000.0
1200,3,1.0,53,0,1.0,5,7,178500.0
1900,4,2.5,46,0,1.0,3,7,270000.0
710,2,1.0,71,0,1.0,3,6,129888.0
1360,3,1.75,28,0,1.0,3,7,260000.0
2990,5,2.5,24,0,2.0,4,8,339950.0
1640,3,1.0,39,0,2.0,3,6,250000.0
3650,3,3.5,4,0,1.0,3,10,680000.0
2920,10,3.0,101,0,2.0,4,7,660000.0
3680,3,3.5,15,0,2.0,3,11,1225000.0
1830,3,2.0,55,0,1.0,5,8,550000.0
2570,5,2.75,28,0,2.0,3,8,675000.0
2730,3,3.25,31,0,2.0,3,10,981000.0
1150,3,1.0,102,0,1.5,4,6,168000.0
4260,4,3.0,18,0,2.0,3,11,1000000.0
1260,3,1.0,45,0,1.0,3,7,320000.0
4440,6,3.25,56,0,1.0,4,9,959000.0
2300,4,1.0,56,0,1.0,3,7,372000.0
1920,3,2.5,21,0,2.0,3,8,391500.0
1080,2,1.0,71,0,1.5,3,7,390000.0
890,2,1.0,67,0,1.0,4,6,302000.0
1650,3,3.5,2,0,2.0,3,7,495000.0
1820,3,2.5,16,0,3.0,3,8,504500.0
2320,4,1.75,97,0,1.5,3,7,555000.0
3260,4,3.5,78,0,2.0,5,9,1550000.0
1730,3,1.5,67,0,1.0,3,7,550000.0
3320,4,2.5,109,0,2.5,5,10,1800000.0
1660,1,1.0,107,0,1.0,4,7,655000.0
3290,3,2.5,23,0,2.0,4,10,685000.0
2280,4,2.0,61,0,1.0,4,7,721000.0
3650,4,4.25,107,0,1.5,3,9,1518630.0
1620,4,2.5,35,0,2.0,3,7,365000.0
2020,3,2.0,57,0,1.0,4,7,458000.0
1150,2,1.0,56,0,1.0,3,6,280000.0
1940,4,1.75,104,0,1.0,4,7,628000.0
3440,4,2.5,14,0,2.0,3,10,781500.0
2000,3,1.75,46,0,1.0,4,7,295000.0
750,2,1.0,68,0,1.0,5,7,435000.0
1420,3,1.75,36,0,1.0,3,7,300000.0
880,2,1.0,109,0,1.0,4,5,208500.0
2680,2,2.5,8,0,1.0,3,9,930000.0
860,2,2.0,109,0,1.0,3,6,316000.0
1310,3,2.0,24,0,1.0,4,7,249900.0
1780,3,2.25,25,0,2.0,4,8,675000.0
1440,3,2.25,29,0,2.0,3,7,447000.0
1510,3,2.0,110,0,1.5,3,8,675000.0
2100,4,2.5,7,0,3.0,3,8,546000.0
1310,3,2.0,11,0,3.0,3,7,310000.0
1280,3,1.0,54,0,1.0,3,7,190000.0
1320,3,1.5,63,0,1.0,3,8,650000.0
1740,3,2.5,19,0,2.0,3,8,585000.0
2910,4,2.5,11,0,2.0,3,10,1430800.0
2500,4,2.5,32,0,1.0,3,9,565000.0
1100,3,1.0,88,0,1.5,2,6,174900.0
1381,3,2.25,7,0,3.0,3,8,360000.0
960,3,1.0,62,0,1.0,3,7,234000.0
3840,8,3.0,53,0,1.0,3,7,575000.0
2200,3,2.5,11,0,2.0,3,7,315000.0
1250,3,1.0,48,0,1.0,3,7,225000.0
2380,3,1.5,53,0,1.0,4,7,370000.0
1500,3,1.0,67,0,1.0,3,7,606000.0
1410,3,2.0,31,0,1.0,4,7,272500.0
1680,3,1.75,23,0,1.0,3,7,475000.0
1500,3,1.0,46,0,1.0,4,7,270000.0
2710,4,1.75,53,0,1.0,3,8,624000.0
1730,3,1.75,60,0,1.5,3,7,355000.0
960,3,1.0,42,0,1.0,3,7,345000.0
2380,4,2.5,21,0,2.0,3,8,342000.0
1120,3,1.75,97,0,1.5,4,7,316000.0
2960,4,2.5,24,0,2.0,3,9,539950.0
1580,3,2.0,71,0,1.0,3,6,221347.0
1870,3,2.5,14,0,2.0,3,8,330000.0
1810,4,2.5,37,0,1.0,4,8,279000.0
2550,4,3.0,114,0,1.5,4,8,850000.0
1910,3,1.75,63,0,1.0,4,7,746000.0
1200,2,2.0,90,0,1.0,3,7,478000.0
2420,4,2.75,110,0,1.5,5,7,820000.0
3080,3,3.5,18,0,2.0,3,11,2160000.0
3850,3,3.0,14,0,2.0,3,10,820000.0
3000,3,2.0,73,0,2.0,4,8,887000.0
1360,3,1.0,61,0,1.0,4,7,159000.0
3670,7,4.25,50,0,2.0,3,8,824000.0
2270,4,2.5,0,0,2.0,3,9,812000.0
1750,4,2.5,39,0,2.0,4,7,242000.0
3550,4,2.5,7,0,2.0,3,9,625000.0
2370,4,1.0,66,0,1.5,4,7,399888.0
1670,3,2.25,24,0,2.0,4,7,289000.0
1860,3,2.0,12,0,1.0,3,9,400000.0
4460,3,2.5,22,0,2.0,3,12,1550000.0
1080,2,1.0,74,0,1.0,3,7,345000.0
1080,2,1.0,75,0,1.0,3,7,874950.0
2280,3,2.75,97,0,1.0,5,7,875000.0
2540,4,2.5,19,0,2.0,3,9,628990.0
2560,2,3.5,70,0,1.0,4,6,535000.0
2390,4,2.75,35,0,1.0,3,8,770126.0
2870,4,2.5,46,0,1.0,5,8,710000.0
1510,3,1.75,89,0,1.0,3,7,465000.0
2200,3,1.75,62,0,1.0,4,7,359000.0
720,2,0.75,66,0,1.0,3,4,151000.0
2970,3,2.5,20,0,2.0,3,9,820000.0
960,3,1.5,45,0,1.0,4,7,160000.0
1420,4,1.75,69,0,1.5,4,7,535000.0
1800,3,2.25,40,0,1.0,3,7,365000.0
3090,4,2.5,10,0,2.0,3,9,708000.0
1200,3,1.0,47,0,1.0,4,7,215000.0
4065,4,3.5,27,0,2.0,4,10,1950000.0
2570,4,2.5,56,0,2.0,5,7,390000.0
1530,3,2.0,77,0,1.0,4,7,570000.0
1500,3,1.75,37,0,1.0,3,7,383000.0
2490,4,3.0,10,0,2.0,3,9,370000.0
3040,4,2.5,15,0,2.0,3,7,454000.0
4140,5,3.25,42,0,1.0,3,10,1400000.0
1690,4,1.75,37,0,1.0,3,7,371000.0
1430,3,1.75,56,0,1.0,3,7,530000.0
2490,4,2.75,31,0,1.0,4,8,608000.0
1350,3,1.75,60,0,1.0,5,7,450000.0
3140,4,2.5,20,0,2.0,3,10,780000.0
2340,4,2.5,36,0,2.0,2,8,290000.0
1610,3,1.75,36,0,1.0,4,7,225000.0
3320,4,2.5,23,0,2.0,4,10,805000.0
2390,3,2.5,24,0,2.0,3,9,660000.0
1180,3,1.75,52,0,1.0,5,7,299000.0
1260,2,2.25,7,0,3.0,3,8,530000.0
1800,3,2.5,44,0,1.0,5,7,680000.0
1790,4,1.75,71,0,1.0,5,6,199900.0
1760,3,1.75,52,0,1.0,3,7,224000.0
1540,3,1.75,34,0,1.0,4,7,244000.0
1260,4,1.75,97,0,1.0,5,7,485000.0
2240,4,2.5,21,0,2.0,3,8,330000.0
1630,4,2.0,99,0,1.5,3,6,509000.0
2350,4,2.5,25,0,2.0,3,8,440000.0
1350,3,2.0,16,0,1.0,3,7,244000.0
1320,4,1.75,84,0,1.0,4,7,399700.0
1950,4,2.5,104,0,1.5,4,7,519000.0
2100,4,1.0,55,0,1.0,3,7,211000.0
3480,3,2.5,73,0,1.0,4,7,950000.0
1830,3,2.5,15,0,2.0,3,8,410000.0
2640,4,2.0,66,0,2.0,3,7,750000.0
900,3,1.0,36,0,1.0,4,6,133400.0
1553,3,2.0,115,0,1.0,3,7,240000.0
1710,3,2.5,9,0,2.0,3,8,539000.0
3400,4,3.0,16,0,2.0,3,10,688000.0
1270,3,1.5,64,0,1.0,3,7,465000.0
2960,3,1.75,62,0,1.0,4,8,936000.0
3040,4,2.5,11,0,2.0,3,7,620000.0
1430,3,1.75,52,0,1.0,5,7,429950.0
1520,3,2.5,10,0,2.0,3,7,296475.0
1820,4,2.0,53,0,1.0,3,7,330000.0
1800,3,2.25,35,0,1.0,3,8,445000.0
2720,4,3.25,0,0,2.0,3,10,846000.0
1980,4,1.75,55,0,1.0,4,8,725000.0
2550,4,2.5,26,0,2.0,3,9,369000.0
2210,3,1.75,56,0,1.0,3,8,625000.0
2120,3,2.0,11,0,2.0,3,7,535000.0
1570,4,1.5,103,0,1.0,5,6,229950.0
1310,3,1.75,41,0,1.0,4,7,229999.0
3150,5,3.5,103,0,2.0,3,8,850000.0
3870,4,4.5,13,0,2.0,3,10,589900.0
1840,2,1.0,100,0,1.0,4,7,513000.0
1120,3,1.0,73,0,1.0,4,6,401000.0
1440,3,2.5,8,0,2.0,3,7,260000.0
2300,4,2.75,65,0,1.0,4,8,525000.0
2070,3,3.5,38,0,1.0,4,8,470000.0
1420,4,1.5,53,0,1.0,3,7,205000.0
2010,3,2.25,36,0,1.0,4,8,620000.0
1200,3,1.5,35,0,1.0,3,6,229000.0
1150,2,2.0,74,0,1.0,3,7,445000.0
1240,2,1.0,47,0,1.0,3,7,215000.0
1900,2,2.5,9,0,2.0,3,8,504975.0
2350,4,2.25,34,0,2.0,3,8,495000.0
1120,3,1.0,39,0,1.0,4,7,205000.0
1020,1,1.0,77,0,1.0,3,6,152275.0
1930,4,2.25,47,0,1.0,3,8,586000.0
2680,2,2.5,12,0,1.0,3,9,779950.0
2660,4,1.75,31,0,2.0,4,8,557000.0
2200,4,2.25,56,0,1.0,4,8,610000.0
1010,3,1.5,61,0,1.5,5,7,405000.0
2310,4,2.25,34,0,2.0,3,8,320000.0
920,3,1.0,44,0,1.0,3,6,356000.0
3030,5,3.0,102,0,1.5,4,7,794500.0
1590,3,1.75,26,0,1.0,3,7,349000.0
2740,4,2.25,23,0,2.0,3,7,549000.0
960,3,1.0,52,0,1.0,4,6,193000.0
2240,3,1.5,37,0,2.0,3,9,700000.0
2400,3,2.5,17,0,2.0,3,8,523000.0
2860,5,3.25,49,0,1.0,4,7,565000.0
2960,4,2.5,15,0,2.0,3,7,500000.0
3770,4,3.25,89,0,2.0,5,9,1450000.0
3830,6,3.5,20,0,2.0,3,9,710000.0
2750,4,2.0,6,0,1.0,3,8,333000.0
2100,3,1.75,71,0,1.0,3,7,580000.0
1500,4,1.75,58,0,1.0,3,7,289950.0
710,2,1.0,90,0,1.0,3,5,375000.0
2770,2,3.0,30,0,1.5,5,8,505000.0
2050,3,1.75,75,0,1.0,3,7,324950.0
1960,4,2.25,49,0,2.0,3,7,490000.0
1770,4,2.0,103,0,2.0,5,7,630000.0
3290,3,2.75,21,0,2.0,4,8,595000.0
1990,4,2.0,59,0,1.0,3,9,872500.0
1760,2,1.0,64,0,1.0,4,7,490000.0
5080,4,3.25,13,0,2.0,3,11,1900000.0
1020,2,1.0,59,0,1.0,3,7,310000.0
1350,3,1.0,69,0,1.0,2,6,450000.0
1740,3,1.5,40,0,2.0,3,9,539000.0
3540,3,2.5,25,0,2.0,3,10,888550.0
1520,3,2.5,33,0,1.0,3,7,269950.0
1310,3,1.75,47,0,1.0,3,7,300000.0
3000,2,3.25,62,0,1.0,3,10,780000.0
2660,3,2.5,22,0,2.0,3,8,545000.0
2120,3,2.25,21,0,2.0,3,7,278000.0
1200,3,2.25,28,0,2.0,3,7,342000.0
1900,4,1.75,48,0,1.0,4,7,190000.0
1010,2,1.5,15,0,3.0,3,8,387000.0
1850,3,2.25,37,0,2.0,3,7,279950.0
4520,6,4.5,62,0,2.0,3,9,550000.0
2010,3,2.0,11,0,2.0,3,8,439000.0
2420,3,2.25,45,0,1.0,4,8,774888.0
2732,5,2.5,39,0,1.0,4,8,480000.0
1910,4,2.0,73,0,1.5,5,8,835000.0
3520,5,3.5,7,0,2.0,3,9,1500000.0
2220,4,2.0,86,0,1.5,4,7,771000.0
2020,4,2.25,73,0,1.0,4,9,1225000.0
2090,4,2.5,48,0,1.0,5,8,600000.0
1580,3,1.0,52,0,1.0,3,7,305000.0
2650,5,1.75,60,0,1.0,3,8,1388000.0
1020,3,1.0,43,0,1.0,4,6,216500.0
1070,3,2.5,11,0,2.0,3,7,370000.0
2120,4,1.75,47,0,1.0,3,8,492650.0
1360,5,1.75,48,0,1.0,3,7,431200.0
1700,4,2.0,25,0,2.0,3,7,277500.0
1820,5,1.5,55,0,1.0,5,7,278000.0
1430,4,1.0,45,0,1.0,3,6,351000.0
4140,4,3.5,11,0,2.0,3,10,850000.0
1313,2,2.0,110,0,1.0,3,8,885000.0
1590,3,2.0,16,0,1.0,3,8,399950.0
1080,3,1.75,46,0,1.0,3,7,185000.0
2730,5,3.0,35,0,1.0,3,8,440000.0
3800,4,3.25,45,0,2.0,3,10,2395000.0
2540,3,2.25,45,0,1.0,4,8,299000.0
1810,3,1.75,34,0,1.0,3,8,299500.0
1540,3,1.5,54,0,1.0,5,7,420000.0
1390,4,1.0,59,0,1.0,3,7,234000.0
1460,2,1.75,64,0,1.0,5,7,540000.0
2350,4,2.5,20,0,2.0,4,8,649950.0
1160,3,1.0,59,0,1.0,4,7,330000.0
3500,4,3.25,5,0,2.0,3,9,840000.0
1980,3,2.5,23,0,2.0,5,8,370000.0
1250,3,1.5,46,0,1.0,5,7,410000.0
770,2,1.0,63,0,1.0,3,7,257000.0
1920,3,1.0,55,0,1.0,3,7,350000.0
1120,2,1.0,67,0,1.0,3,6,380000.0
1150,3,1.0,46,0,1.0,4,6,344000.0
1590,3,2.5,29,0,3.0,3,7,488000.0
910,3,1.0,72,0,1.0,3,7,465000.0
1870,2,1.75,67,0,1.0,3,7,229500.0
2420,5,3.0,1,0,2.0,3,8,445000.0
2120,4,1.5,96,0,1.5,3,6,246000.0
2730,5,2.5,56,0,1.0,5,7,545000.0
2560,4,2.5,9,0,2.0,3,8,518000.0
2620,4,2.5,18,0,2.0,3,8,565000.0
2760,4,2.5,14,0,2.0,3,7,445000.0
2900,5,2.5,55,0,1.0,3,8,968000.0
1820,3,2.0,70,0,1.0,5,7,725000.0
1870,3,1.75,37,0,1.0,3,7,315500.0
2010,4,1.75,37,0,1.0,3,7,487585.0
940,2,1.0,61,0,1.0,2,7,246500.0
1850,3,1.75,101,0,1.5,3,8,819000.0
2530,5,2.5,10,0,2.0,3,7,349900.0
940,3,1.0,72,0,1.0,4,6,267000.0
1820,3,2.25,37,0,1.0,3,7,480000.0
1510,2,1.0,90,0,1.0,3,7,525000.0
2070,4,2.5,18,0,2.0,3,8,578000.0
1380,3,2.5,15,0,3.0,3,8,345000.0
1270,3,1.0,60,0,1.0,3,7,499000.0
1390,3,1.5,58,0,1.0,4,7,425000.0
1840,4,3.0,26,0,2.0,5,8,268000.0
1600,3,1.0,43,0,1.0,4,7,240000.0
1480,3,1.5,51,0,1.0,4,7,147000.0
2120,4,2.0,66,0,1.0,4,6,500000.0
2940,4,2.75,104,0,1.5,5,8,1010000.0
3820,4,3.0,20,0,2.0,3,11,991500.0
2740,5,2.0,55,0,1.0,4,7,510000.0
4360,4,4.0,7,0,2.0,3,10,1980000.0
1540,4,2.5,0,0,2.0,3,8,484998.0
4660,4,3.5,11,0,2.0,3,11,1280000.0
1590,3,1.75,28,0,2.0,3,7,210000.0
1180,2,1.0,59,0,1.0,4,7,450000.0
2360,4,1.75,63,0,1.0,3,7,875000.0
1860,4,2.75,48,0,1.0,5,8,529950.0
1470,3,1.75,35,0,1.0,3,7,415000.0
2990,4,2.0,67,0,1.5,4,7,590000.0
1690,3,1.5,58,0,1.0,4,7,379950.0
660,1,1.0,109,0,1.0,3,6,385000.0
2310,3,1.75,72,0,2.0,3,8,588000.0
770,2,1.0,77,0,1.0,3,6,252500.0
2320,3,3.5,17,0,2.0,3,9,530000.0
1370,2,1.5,55,0,1.0,3,7,385000.0
1700,3,2.25,39,0,1.0,4,7,419000.0
960,2,1.0,63,0,1.0,3,6,175000.0
1150,2,1.0,67,0,1.0,3,7,515000.0
2910,4,2.5,78,0,1.5,5,9,945000.0
2290,5,2.25,41,0,1.0,3,7,359900.0
2260,4,2.5,18,0,2.0,3,8,419950.0
1300,3,1.75,61,0,1.0,3,7,460000.0
1850,3,2.25,26,0,2.0,3,7,255000.0
1920,4,1.75,48,0,1.0,4,7,481000.0
1920,4,1.75,49,0,1.0,4,7,719521.0
4910,3,3.0,25,0,2.0,4,10,1080000.0
2210,4,2.5,49,0,1.0,4,8,334000.0
2280,4,2.75,83,0,1.5,5,8,675000.0
1640,3,1.75,66,0,1.0,3,7,556000.0
1980,4,2.0,104,0,2.0,3,8,900000.0
900,3,1.0,104,0,1.5,3,7,400000.0
1960,4,1.75,103,0,1.0,5,8,724950.0
1800,4,2.25,10,0,2.0,4,8,321000.0
4270,4,3.5,77,0,2.0,5,10,1356920.0
1520,4,2.0,94,0,1.0,3,6,171000.0
5430,4,3.0,27,0,2.0,4,10,1360000.0
1950,3,1.75,26,0,1.0,3,7,323000.0
2190,4,1.75,46,0,1.0,3,9,491500.0
1200,4,1.5,42,0,1.0,5,7,226000.0
2180,6,1.75,88,0,1.5,4,7,580000.0
2320,4,2.5,32,0,2.0,3,9,640000.0
1040,3,1.75,70,0,1.0,4,7,619790.0
2700,4,2.5,13,0,2.0,3,8,383962.0
1400,3,2.0,12,0,1.0,3,7,373000.0
2060,3,2.5,37,0,2.0,3,8,541338.0
780,2,1.0,61,0,1.0,4,6,254922.0
2400,3,2.25,88,0,1.5,4,7,575000.0
2900,4,3.0,53,0,1.0,4,7,650000.0
1740,3,1.5,52,0,1.0,4,7,269950.0
780,2,1.0,73,0,1.0,3,6,270950.0
2430,3,2.75,26,0,1.0,3,9,495000.0
2210,4,2.0,60,0,1.0,4,8,794154.0
1510,3,1.5,54,0,1.0,4,8,340768.0
900,2,1.0,67,0,1.0,3,7,375000.0
3670,4,2.5,9,0,2.0,3,10,820000.0
1160,2,2.25,0,0,2.0,3,8,555000.0
1070,2,1.5,15,0,2.0,3,7,312500.0
950,2,1.0,89,0,1.5,3,7,450000.0
2950,3,2.75,12,0,2.0,3,9,739000.0
1420,3,2.0,12,0,2.0,3,7,320000.0
1590,3,1.0,70,0,1.5,3,6,235000.0
1290,4,1.0,58,0,1.5,3,7,275500.0
1690,2,2.0,10,0,1.0,3,8,564000.0
1340,4,1.75,57,0,1.5,3,6,263000.0
1397,3,1.75,49,0,1.0,3,7,257000.0
3750,4,2.5,24,0,2.0,3,10,725000.0
2000,3,2.25,35,0,1.0,3,7,300000.0
2250,3,2.0,16,0,1.5,3,8,328000.0
840,3,1.0,55,0,1.0,3,6,187500.0
1100,3,1.0,115,0,2.0,4,7,400000.0
1660,3,1.5,61,0,1.0,4,7,515000.0
2180,2,2.0,63,1,1.0,5,9,1410000.0
1460,3,1.0,57,0,1.0,3,7,235000.0
2470,4,2.5,2,0,2.0,3,8,669000.0
1250,3,1.0,84,0,1.5,4,6,282000.0
1480,3,2.0,86,0,1.0,5,7,663000.0
2240,3,3.25,26,0,2.0,3,9,279900.0
1570,3,2.0,62,0,1.0,4,7,335000.0
3250,4,2.75,0,0,2.0,3,9,689000.0
1790,3,2.25,35,0,1.0,3,7,413100.0
2080,3,2.5,15,0,2.0,3,8,506950.0
1480,3,2.5,8,0,3.0,3,8,500000.0
3610,5,3.0,11,0,2.0,3,8,540000.0
2040,3,2.5,16,0,2.0,3,9,812000.0
3850,4,3.25,25,0,2.0,3,11,1200000.0
3230,3,2.25,27,0,2.0,3,9,370000.0
2440,3,2.0,81,0,1.0,3,6,338000.0
1490,4,1.0,45,0,1.0,3,7,185000.0
1150,3,1.0,64,0,1.0,4,7,450000.0
900,2,1.0,70,0,1.0,3,7,451000.0
3210,4,2.5,31,0,1.5,3,11,785000.0
3900,5,3.0,83,0,1.5,5,8,850000.0
1240,3,1.0,71,0,1.0,2,7,235000.0
1760,3,1.75,75,1,2.0,3,7,1150000.0
1410,3,2.25,9,0,2.0,3,7,377500.0
2780,3,2.5,5,0,2.0,3,9,825500.0
3230,5,3.25,0,0,2.0,3,9,1059500.0
4600,5,3.5,7,0,2.0,3,10,880000.0
1440,3,2.0,7,0,1.0,3,8,413800.0
1200,2,1.5,6,0,3.0,3,8,504200.0
2793,4,3.0,6,0,2.0,3,9,421500.0
2970,4,2.5,1,0,2.0,3,8,855169.0
1440,3,2.0,7,0,1.0,3,7,380000.0
1480,3,2.25,0,0,3.0,3,8,580000.0
1870,3,2.5,3,0,2.0,3,8,377000.0
2475,4,2.75,0,0,2.0,3,7,329900.0
2950,4,2.5,2,0,2.0,3,10,921800.0
1410,3,2.25,1,0,3.0,3,9,529500.0
2240,4,2.5,0,0,2.0,3,8,363990.0
3230,5,2.75,1,0,2.0,3,9,834950.0
2100,3,2.0,4,0,1.0,3,8,399000.0
1936,3,2.25,1,0,1.0,3,8,338900.0
3120,3,2.5,8,0,2.0,3,9,419950.0
2070,4,2.5,5,0,2.0,3,8,493000.0
3700,4,2.5,7,0,2.0,3,9,650000.0
2130,3,2.5,1,0,2.0,3,8,456000.0
1620,3,2.25,4,0,2.5,3,8,425000.0
1490,3,2.5,6,0,3.0,3,8,348000.0
4180,5,4.0,0,0,2.0,3,9,1040890.0
1400,2,2.5,6,0,2.0,3,8,299000.0
3490,4,3.75,2,0,2.0,3,9,1264000.0
1300,3,1.0,1,0,1.0,3,7,155000.0
2730,4,2.5,9,0,2.0,3,8,319500.0
1830,3,2.5,9,0,2.0,3,8,274000.0
2340,5,2.5,5,0,2.0,3,7,429000.0
1410,3,1.75,0,0,2.0,3,8,267800.0
1930,3,2.5,1,0,2.0,3,7,369950.0
3028,6,5.0,10,0,2.0,3,7,480000.0
3180,4,3.5,7,0,2.0,3,8,440000.0
2950,4,3.25,1,0,2.0,3,10,839704.0
1430,3,3.25,8,0,3.0,3,8,535000.0
1020,2,1.5,6,0,3.0,3,8,290000.0
1650,3,2.5,7,0,3.0,3,8,370000.0
1060,3,2.0,8,0,3.0,3,7,405000.0
2620,4,2.75,1,0,2.0,3,8,499431.0
1830,4,2.5,7,0,2.0,3,7,275000.0
998,3,2.25,7,0,2.0,3,7,320000.0
2070,4,2.5,7,0,2.0,3,7,425000.0
2860,4,3.5,2,0,3.0,3,10,1450000.0
1920,3,2.0,8,0,1.0,3,9,340000.0
1210,3,2.5,6,0,2.0,3,9,299900.0
4890,5,3.5,0,0,2.0,3,9,865950.0
3420,4,2.5,7,0,2.0,3,9,720000.0
2870,4,3.5,8,0,2.0,3,9,460000.0
1600,3,2.5,9,0,2.0,3,8,375000.0
960,2,1.5,10,0,2.0,3,7,386180.0
1740,3,2.75,5,0,1.0,3,7,280000.0
2575,4,2.5,3,0,2.0,3,8,359000.0
3660,5,3.25,8,0,2.0,3,10,785000.0
1420,3,2.25,6,0,2.0,3,8,425000.0
3070,5,2.5,10,0,2.0,3,8,575000.0
1920,3,2.5,1,0,1.0,3,8,465000.0
4160,4,3.25,1,0,2.0,3,10,1850000.0
3276,4,3.25,7,0,2.0,3,9,720000.0
2890,5,3.75,8,0,1.0,3,7,390000.0
3430,3,2.5,1,0,2.0,3,10,2205000.0
3390,4,3.5,0,0,2.0,3,9,1054690.0
2930,6,3.75,1,0,2.0,3,9,915000.0
1300,2,2.25,7,0,3.0,3,8,562000.0
1250,2,1.75,7,0,2.0,3,7,349000.0
2310,4,2.5,3,0,2.0,3,8,375000.0
1360,2,2.25,6,0,3.0,3,8,479950.0
2020,4,2.5,5,0,2.0,3,7,319000.0
1270,3,1.5,5,0,3.0,3,8,325000.0
2790,4,2.75,1,0,2.0,3,8,505657.0
2320,4,2.5,5,0,2.0,3,7,340000.0
1750,3,2.5,3,0,2.0,3,7,250000.0
2030,4,2.5,0,0,2.0,3,8,349500.0
1270,3,2.5,7,0,2.0,3,7,290750.0
2710,5,3.25,2,0,2.0,3,8,715000.0
2520,4,2.75,0,0,2.0,3,8,689950.0
1340,2,2.5,6,0,3.0,3,8,425000.0
1570,2,3.0,1,0,3.0,3,8,657000.0
2690,4,3.5,7,0,2.0,3,7,359950.0
2475,4,2.75,0,0,2.0,3,7,319900.0
2260,3,3.75,5,0,2.0,3,9,532000.0
840,2,1.0,7,0,3.0,3,8,291000.0
1720,3,3.25,10,0,2.0,3,8,675000.0
2940,3,2.25,1,0,3.0,3,9,885000.0
4170,5,3.5,6,0,2.0,3,10,1450000.0
4310,6,4.25,6,0,2.0,3,8,780000.0
3010,4,2.75,0,0,2.0,3,9,839950.0
2170,3,2.5,7,0,2.5,3,8,645000.0
1584,3,2.5,3,0,2.0,3,7,263000.0
1110,2,2.25,8,0,3.0,3,8,345000.0
2420,4,2.5,1,0,2.0,3,8,505000.0
1430,2,2.25,9,0,2.0,3,8,522500.0
2393,3,2.5,2,0,2.0,3,8,400000.0
1240,3,2.25,6,0,3.0,3,8,543000.0
2980,4,2.5,7,0,1.0,3,8,495000.0
2970,4,3.5,0,0,2.0,3,8,549995.0
2329,3,2.5,5,0,2.0,3,8,327555.0
3340,5,3.25,10,0,2.0,3,8,690000.0
2580,4,2.25,0,0,2.0,3,9,673000.0
2029,3,2.5,0,0,2.0,3,9,384435.0
3430,4,2.75,8,0,2.0,3,9,780000.0
3330,5,3.75,0,0,2.0,3,9,1375000.0
3220,5,3.5,2,0,2.0,3,8,950968.0
1240,2,2.25,7,0,2.0,3,7,334950.0
1500,3,3.5,10,0,2.0,3,8,489000.0
3530,3,3.0,9,0,2.0,3,10,600000.0
1260,3,2.25,7,0,2.0,3,8,282000.0
4168,4,4.0,7,0,2.0,3,10,442000.0
1030,2,1.5,20,0,2.0,3,7,220000.0
3080,3,2.5,9,0,2.0,3,8,489000.0
1072,3,1.5,5,0,2.0,3,7,250000.0
2790,4,2.75,0,0,2.0,3,8,484259.0
4090,3,2.5,8,0,2.0,3,11,1680000.0
1800,3,2.5,2,0,2.0,3,8,450000.0
830,2,1.5,9,0,2.0,3,7,299000.0
2280,3,2.5,4,0,2.0,3,8,450000.0
2110,4,3.0,8,0,2.0,3,9,585000.0
1570,3,2.25,0,0,3.0,3,8,660000.0
830,2,1.5,9,0,2.0,3,7,301500.0
4120,4,3.75,2,0,2.0,3,10,949950.0
2540,4,2.5,5,0,2.0,3,9,759990.0
2050,4,2.75,1,0,2.0,3,8,355000.0
3080,4,2.75,0,0,2.0,3,9,889950.0
2390,3,2.5,6,0,2.0,3,8,629800.0
3170,4,2.5,3,0,2.0,3,9,745000.0
1240,2,1.5,7,0,2.0,3,7,379900.0
1090,3,2.5,5,0,2.0,3,8,335000.0
4630,5,4.5,8,0,2.0,3,9,809000.0
3230,4,2.5,2,0,2.0,3,8,569950.0
3510,4,3.5,13,0,2.0,3,10,723000.0
1785,4,2.5,5,0,2.0,3,8,282000.0
2360,5,3.25,8,0,2.0,3,8,569900.0
2340,4,2.0,6,0,1.0,3,7,385000.0
1620,3,2.25,5,0,3.0,3,8,420000.0
3890,3,3.25,8,0,2.0,3,12,2250000.0
3590,4,3.5,8,0,2.0,3,9,1205000.0
1984,4,3.0,2,0,2.0,3,7,292000.0
1640,3,2.25,1,0,3.0,3,8,645000.0
1350,4,2.0,7,0,3.0,3,7,304500.0
2730,4,3.5,4,0,2.0,3,8,489500.0
5610,4,4.0,9,0,3.0,3,11,1583000.0
962,2,1.0,3,0,2.0,3,7,390000.0
3040,4,3.5,1,0,2.0,3,8,815000.0
2540,3,3.5,1,0,2.0,3,9,719000.0
2240,4,2.5,1,0,2.0,3,8,331210.0
1260,3,1.5,9,0,2.0,3,7,245000.0
3210,5,4.0,3,0,2.0,3,8,465000.0
1620,3,2.5,6,0,3.0,3,8,580000.0
1580,3,2.0,8,0,2.5,3,8,540000.0
1430,3,2.5,7,0,3.0,3,7,399000.0
1850,4,2.5,5,0,2.0,3,8,328000.0
3340,4,2.5,5,0,2.0,3,10,701000.0
2670,3,2.75,0,0,2.0,3,8,408000.0
4660,5,4.25,10,0,2.0,3,11,2641100.0
1550,3,2.5,8,0,2.0,3,8,445000.0
3470,4,2.5,9,0,2.0,3,9,672500.0
3010,3,2.5,5,0,2.0,3,8,538000.0
3931,5,3.5,0,0,2.0,3,10,450000.0
1800,3,2.5,3,0,2.0,3,8,362500.0
1570,3,2.5,6,0,3.0,3,8,414950.0
2230,3,2.5,1,0,2.0,3,8,679950.0
2423,4,2.5,9,0,2.0,3,8,290000.0
1160,3,2.0,7,0,2.0,3,7,230000.0
1440,2,2.0,5,0,1.0,3,8,439950.0
2052,4,2.5,0,0,2.0,3,8,349900.0
2780,5,2.5,0,0,2.0,3,8,550000.0
3720,4,4.25,9,0,2.0,3,9,1050000.0
1460,2,2.25,1,0,2.0,3,9,655000.0
1370,3,3.5,8,0,2.0,3,8,385000.0
3600,6,4.5,3,0,2.0,3,9,729999.0
1420,3,2.25,8,0,3.0,3,8,523950.0
980,2,2.5,5,0,2.0,3,8,369000.0
1790,3,2.5,4,0,2.0,3,8,509900.0
2010,3,2.5,8,0,2.0,3,7,282000.0
2370,3,2.5,0,0,2.0,3,8,387865.0
2560,4,2.5,7,0,2.0,3,8,385000.0
1900,3,2.5,9,0,2.0,3,7,536000.0
1350,2,2.25,7,0,2.0,3,8,395000.0
2650,4,2.75,0,0,2.0,3,10,545000.0
3020,4,2.5,14,0,2.0,3,9,715000.0
1500,3,2.5,9,0,2.0,3,7,348000.0
3120,4,2.75,4,0,2.0,3,10,575000.0
1540,3,2.25,0,0,3.0,3,7,449950.0
1800,3,2.5,3,0,2.0,3,8,364000.0
3640,4,2.5,0,0,2.0,3,9,932990.0
2440,3,2.5,11,0,2.0,3,9,710000.0
3970,4,4.0,1,0,2.0,3,9,949990.0
2060,3,2.5,0,0,2.0,3,8,326989.0
2538,3,2.5,1,0,2.0,3,8,335606.0
4270,5,4.5,7,0,2.0,3,11,1532500.0
1320,3,2.5,9,0,2.0,3,7,299950.0
3340,4,2.75,1,0,2.0,3,11,962000.0
1590,2,2.5,2,0,2.0,3,8,395825.0
2710,5,2.75,0,0,2.0,3,8,419354.0
3140,4,2.75,8,0,2.0,3,10,920000.0
1445,3,2.25,9,0,2.0,3,7,366000.0
2430,4,2.5,5,0,2.0,3,7,480000.0
1370,3,3.25,8,0,2.0,3,8,388000.0
5050,4,3.5,8,0,2.0,3,11,2320000.0
1860,3,2.5,5,0,2.0,3,9,730000.0
5330,5,3.75,8,0,2.0,3,10,950000.0
1710,3,3.25,0,0,2.0,3,7,358990.0
2650,4,2.5,0,0,2.0,3,8,398651.0
2590,4,2.5,8,0,2.0,3,9,530000.0
2610,4,2.5,1,0,2.0,3,9,610360.0
1770,3,2.5,7,0,3.0,3,8,436110.0
3730,4,2.75,2,0,2.0,3,10,925000.0
2420,4,2.5,8,0,2.0,3,9,449950.0
3330,4,2.5,5,0,2.0,3,9,760000.0
1910,3,2.25,5,0,2.0,3,8,293000.0
2170,2,2.5,2,0,1.0,3,8,695000.0
2437,3,2.5,3,0,2.0,3,7,285000.0
4180,5,4.0,0,0,2.0,3,10,1255780.0
1800,3,2.5,3,0,2.0,3,8,379900.0
2570,5,2.5,9,0,2.0,3,8,472000.0
2090,4,2.5,7,0,2.0,3,7,300000.0
2789,4,2.5,7,0,2.0,3,7,272000.0
2906,4,2.5,0,0,2.0,3,9,418395.0
2550,5,2.5,6,0,2.0,3,7,465000.0
3550,4,2.75,0,0,2.0,3,9,659950.0
1590,3,2.25,1,0,3.0,3,8,484950.0
1950,3,2.25,36,0,2.0,4,7,359000.0
3250,4,2.5,5,0,2.0,3,8,519000.0
4590,5,4.5,5,0,2.0,3,10,1710000.0
3070,4,2.75,8,0,2.0,3,9,535000.0
3030,4,3.25,9,0,2.0,3,8,622950.0
2610,3,2.5,9,0,2.0,3,8,515000.0
3150,4,3.5,9,0,2.0,3,7,330000.0
1240,3,1.5,6,0,3.0,3,8,318000.0
1680,3,2.5,3,0,2.0,3,7,439000.0
2220,3,2.5,9,0,2.0,3,8,540000.0
4800,4,3.25,3,0,2.0,3,10,1079000.0
3100,4,2.5,5,0,2.0,3,9,435000.0
7850,4,4.0,9,0,2.0,3,12,2700000.0
3590,4,2.75,2,0,2.0,3,10,1100000.0
1590,4,2.0,7,0,3.0,3,7,293467.0
2242,3,2.5,2,0,2.0,3,8,328000.0
2490,3,3.5,9,0,2.0,3,8,550000.0
1530,3,2.0,0,0,3.0,3,9,649000.0
2150,4,2.5,4,0,2.0,3,7,435000.0
2440,3,2.5,0,0,2.0,3,10,625000.0
1270,3,1.5,8,0,3.0,3,8,415000.0
1450,3,2.25,5,0,2.0,3,7,400000.0
2690,3,2.5,0,0,3.0,3,10,979000.0
2755,4,2.5,12,0,2.0,3,7,625250.0
2650,4,3.5,3,0,2.0,3,8,665000.0
2310,3,3.25,9,0,2.0,3,8,589500.0
1460,2,3.0,8,0,2.0,3,8,437000.0
1400,3,1.0,55,0,1.0,5,7,320000.0
2196,3,2.5,9,0,2.0,3,8,333500.0
2020,3,2.25,6,0,2.0,3,8,430000.0
4280,5,4.5,0,0,2.0,3,10,995500.0
2340,3,3.0,1,0,2.0,3,8,427874.0
2220,4,2.5,0,0,2.0,3,8,334990.0
4420,4,4.0,9,0,2.0,3,10,909500.0
1580,3,2.0,9,0,2.0,3,7,210000.0
3550,4,2.75,2,0,2.0,3,9,952990.0
1510,2,1.75,2,0,3.0,3,8,622500.0
1360,3,3.5,7,0,2.0,3,8,515000.0
2040,3,2.5,6,0,2.0,3,8,350000.0
1120,1,1.5,3,0,3.0,3,7,310000.0
4490,4,3.5,8,0,2.0,3,9,700000.0
3560,4,2.5,0,0,2.0,3,9,907687.0
2150,2,2.5,4,0,1.0,3,8,741500.0
2130,3,2.5,3,0,2.0,3,8,395000.0
2990,5,2.75,1,0,2.0,3,8,559950.0
1847,4,2.5,6,0,2.0,3,7,215000.0
2610,4,2.5,4,0,2.0,3,9,390000.0
1670,3,2.25,8,0,1.0,3,7,425000.0
1860,3,2.5,9,0,2.0,3,7,472000.0
3440,4,3.5,9,0,2.0,3,10,1330000.0
3510,4,3.5,13,0,2.0,3,10,695000.0
1740,3,2.5,7,0,3.0,3,8,545000.0
2240,4,2.5,1,0,2.0,3,8,389950.0
1550,3,2.25,4,0,3.0,3,8,380000.0
1390,4,2.0,6,0,3.0,3,7,288790.0
2500,3,3.0,3,0,2.0,3,8,432500.0
2710,3,3.5,9,0,2.0,3,8,615000.0
1720,3,2.5,3,0,2.0,3,9,500000.0
1760,3,2.25,0,0,3.0,3,9,615000.0
2270,4,2.25,51,0,1.0,5,7,500000.0
1690,3,3.5,8,0,2.0,3,8,622000.0
4000,5,3.5,0,0,2.0,3,9,802945.0
2880,4,2.5,6,0,2.0,3,10,1260000.0
1480,3,2.5,1,0,3.0,3,8,598950.0
1950,3,2.5,6,0,2.0,3,7,430000.0
2700,4,2.75,5,0,2.0,3,9,515000.0
2210,2,3.0,6,0,2.0,3,10,1262000.0
2370,4,3.5,1,0,2.5,3,8,400000.0
1310,3,2.5,8,0,2.0,3,7,390000.0
2410,3,2.5,7,0,2.0,3,7,450000.0
3360,5,1.5,0,0,2.0,3,9,804995.0
3040,4,3.25,2,0,2.0,3,8,825000.0
2140,4,2.25,12,0,2.0,3,7,435000.0
1720,3,2.5,10,0,2.0,3,7,398000.0
2658,4,2.5,0,0,2.0,3,9,411605.0
1480,3,3.25,1,0,2.0,3,8,315000.0
1350,2,2.0,1,0,3.0,3,8,455000.0
1150,3,2.5,9,0,2.0,3,8,452950.0
1690,3,1.75,6,0,2.0,3,8,380000.0
1270,2,1.75,2,0,2.0,3,8,340000.0
2655,3,2.5,1,0,2.0,3,8,409950.0
880,2,1.0,10,0,2.0,3,8,360000.0
4645,4,4.25,9,0,2.0,3,10,1595000.0
1270,3,1.5,7,0,3.0,3,8,440000.0
1728,2,1.75,2,0,1.0,3,9,730000.0
1950,3,2.25,8,0,1.0,4,8,408000.0
3170,4,2.5,6,0,3.0,3,8,820000.0
1233,2,2.5,7,0,2.0,3,7,360000.0
2570,3,2.5,0,0,2.0,3,8,339990.0
1560,3,2.0,0,0,3.0,3,8,515000.0
1630,3,1.75,2,0,2.0,3,8,541000.0
2510,4,2.5,8,0,2.0,3,9,375000.0
2223,4,2.5,4,0,2.0,3,8,320000.0
1230,2,2.25,7,0,2.0,3,7,325000.0
3050,5,2.75,1,0,2.0,3,8,740000.0
2710,5,2.75,0,0,2.0,3,8,450000.0
2090,4,2.5,3,0,2.0,3,8,455000.0
1440,3,2.5,9,0,2.0,3,8,292500.0
2500,3,2.5,1,0,1.0,3,9,650000.0
2740,4,2.75,0,0,2.0,3,10,530000.0
3360,5,3.25,0,0,2.0,3,9,829995.0
2280,4,2.75,5,0,2.0,3,8,395000.0
3520,4,2.75,0,0,2.0,3,9,859990.0
1320,2,1.5,6,0,2.0,3,8,342500.0
3410,4,2.75,2,0,2.0,3,9,743000.0
2730,3,2.25,39,0,1.0,3,7,345000.0
1780,3,2.5,7,0,2.0,3,8,443000.0
1427,3,2.5,5,0,2.0,3,7,260000.0
2910,4,2.5,9,0,2.0,3,9,810000.0
3250,4,2.75,3,0,2.0,3,8,570000.0
3630,5,3.5,7,0,2.0,3,10,1563100.0
1680,2,2.5,5,0,3.0,3,9,840000.0
2280,3,2.5,2,0,3.0,3,9,950000.0
3310,3,2.5,0,0,2.0,3,9,572800.0
1290,3,3.0,6,0,3.0,3,7,305000.0
3940,5,4.75,6,0,2.0,3,10,1695000.0
2170,4,2.5,6,0,2.0,3,7,445000.0
3290,4,3.5,2,0,2.0,3,9,801000.0
2550,3,2.5,10,0,2.0,3,9,711000.0
1140,3,2.25,6,0,2.0,3,7,268500.0
2300,4,2.5,2,0,2.0,3,7,320000.0
2670,4,3.25,1,0,1.0,3,9,500000.0
2440,4,2.5,0,0,2.0,3,9,631625.0
1611,2,2.5,10,0,2.0,3,10,850000.0
2710,3,3.5,8,0,2.0,3,8,600000.0
2015,3,2.75,7,1,2.0,3,9,988500.0
3444,4,3.25,1,0,2.0,3,8,430236.0
3060,3,2.5,9,0,2.0,3,10,1266520.0
2050,4,2.5,2,0,2.0,3,8,689500.0
1390,3,1.5,0,0,2.0,3,7,175003.0
1240,2,2.5,8,0,3.0,3,8,459000.0
3750,4,3.25,2,0,2.0,3,10,1180000.0
1410,3,3.25,8,0,3.0,3,8,358000.0
2448,4,2.5,0,0,2.0,3,9,447055.0
2600,3,2.75,5,0,1.5,3,8,415000.0
3330,4,3.25,10,0,2.0,3,9,1210000.0
1160,2,2.25,8,0,2.0,3,8,495000.0
1330,2,2.25,9,0,2.0,3,8,479000.0
2830,3,2.5,9,1,3.0,3,10,1898000.0
1610,3,2.5,9,0,2.0,3,8,249900.0
2800,4,2.5,3,0,2.0,3,9,1465000.0
4570,5,3.75,9,0,2.0,3,11,1037000.0
2820,4,2.5,0,0,2.0,3,9,897000.0
2570,4,2.5,9,0,2.0,3,9,1100000.0
1710,3,2.25,0,0,2.0,3,9,685000.0
1220,3,1.5,32,0,2.0,3,7,295000.0
1650,3,2.25,0,0,3.0,3,8,619000.0
1130,2,1.5,6,0,2.0,3,8,439108.0
1489,3,2.25,4,0,2.0,3,7,260000.0
2690,5,2.5,2,0,2.0,3,7,279000.0
1530,3,2.25,8,0,2.0,3,7,380000.0
1600,3,2.5,1,0,2.0,3,8,287000.0
1000,2,1.5,8,0,2.0,3,7,377000.0
2440,4,3.5,10,0,3.0,3,8,649950.0
1260,3,2.5,7,0,3.0,3,8,445000.0
1660,3,2.5,10,0,3.0,3,7,605000.0
1190,3,2.25,15,0,2.0,3,7,475000.0
1520,3,3.0,5,0,3.0,3,8,399000.0
3250,5,2.75,1,0,2.0,3,8,718000.0
4700,4,3.25,9,0,1.0,3,11,1400000.0
1480,3,2.5,2,0,2.0,3,9,341000.0
2380,2,2.5,3,0,1.0,3,8,818000.0
1640,3,2.25,0,0,3.0,3,8,759000.0
1650,3,3.5,4,0,3.0,3,8,547500.0
5305,5,4.75,9,0,2.0,3,11,2700000.0
1278,2,2.5,7,0,2.0,3,7,358000.0
1200,3,2.5,4,0,3.0,3,9,412000.0
690,2,1.5,10,0,2.0,3,7,245000.0
3202,4,2.5,0,0,2.0,3,9,460940.0
1347,3,2.25,4,0,3.0,3,7,321000.0
2960,4,3.5,0,0,2.0,3,9,633634.0
740,1,0.75,86,0,1.0,4,6,290000.0
1200,2,2.25,8,0,3.0,3,7,445000.0
4320,5,3.5,3,0,2.0,3,9,887250.0
2310,3,2.5,4,0,1.0,3,8,739000.0
1490,3,2.0,0,0,3.0,3,8,429900.0
1480,3,2.0,1,0,2.0,3,8,459000.0
1481,3,2.25,2,0,2.0,3,7,240000.0
1730,3,3.0,0,0,3.0,3,8,566950.0
3900,4,3.5,8,0,2.0,3,10,1040000.0
1130,3,3.5,10,0,3.0,3,7,343000.0
3230,4,3.25,0,0,2.0,3,9,572115.0
3920,5,3.5,11,0,2.0,3,9,918000.0
1190,2,1.5,8,0,2.0,3,8,555000.0
2311,4,2.5,0,0,2.0,3,9,399440.0
1810,3,2.5,6,0,3.0,3,8,450000.0
3290,4,2.5,6,0,2.0,3,9,648000.0
3250,4,2.5,6,0,2.0,3,8,580000.0
2544,4,2.5,2,0,2.0,3,9,415000.0
1380,3,2.5,6,0,3.0,3,8,527500.0
1430,3,2.25,3,0,2.0,3,8,384000.0
3490,3,2.5,5,0,1.5,3,9,692000.0
910,2,1.5,8,0,2.0,3,8,455000.0
3080,4,3.25,1,0,2.0,3,9,1280000.0
2280,3,2.5,3,0,2.0,3,8,415000.0
1660,3,2.5,6,0,3.0,3,8,975000.0
3320,4,2.5,0,0,2.0,3,9,799950.0
1680,5,4.0,7,0,1.0,3,8,545000.0
2584,4,3.5,0,0,2.0,3,8,429900.0
2217,3,2.5,5,0,2.0,3,7,275000.0
2480,3,2.5,5,0,2.0,3,8,498000.0
2610,3,2.5,0,0,2.0,3,9,754950.0
3240,4,3.0,1,0,2.0,3,10,895000.0
3569,4,3.25,1,0,2.0,3,10,580000.0
3181,4,2.5,1,0,2.0,3,8,379900.0
1921,4,2.5,6,0,2.0,3,7,245000.0
1570,3,2.5,0,0,2.0,3,8,417000.0
1940,3,2.5,5,0,2.0,3,8,555000.0
1940,3,2.5,5,0,2.0,3,8,555000.0
2210,4,2.5,5,0,2.0,3,8,353000.0
1280,3,2.25,7,0,2.0,3,8,539000.0
1520,3,2.0,37,0,2.0,3,7,434900.0
1230,2,2.25,6,0,2.0,3,7,325000.0
1480,3,2.5,8,0,3.0,3,8,650000.0
2612,4,2.5,1,0,2.0,3,8,379950.0
2350,3,2.5,2,0,2.0,3,8,700000.0
1300,3,2.5,0,0,2.0,3,8,675000.0
2020,4,1.5,54,0,1.0,4,7,379000.0
2140,3,2.5,10,0,2.0,3,8,571000.0
1380,3,2.25,7,0,2.0,3,8,475000.0
2730,4,3.5,8,0,2.0,3,8,769900.0
4220,4,3.5,8,0,2.0,3,9,633000.0
1570,3,2.5,4,0,3.0,3,8,635000.0
4670,4,3.5,7,0,2.0,3,11,1238000.0
1370,3,2.25,6,0,3.0,3,8,524000.0
3273,4,3.5,0,0,2.0,3,8,485000.0
3880,3,4.0,5,0,2.0,3,11,1030000.0
1494,3,3.5,3,0,3.0,3,8,650000.0
2930,3,2.5,1,0,2.0,3,8,754842.0
2598,4,2.5,0,0,2.0,3,9,428900.0
2242,3,2.5,3,0,2.0,3,8,329900.0
2830,4,2.5,0,0,2.0,3,9,1035290.0
2710,4,2.5,5,0,2.0,3,7,544999.0
2320,4,2.75,2,0,2.0,3,8,449950.0
2720,4,2.5,9,0,2.0,3,9,635000.0
1650,3,1.75,0,0,3.0,3,8,599000.0
1430,3,3.25,6,0,2.0,3,8,478000.0
2090,4,2.5,0,0,2.0,3,9,388000.0
3660,4,3.5,0,0,2.0,3,9,809950.0
4220,4,3.5,3,0,3.0,3,10,1060000.0
1450,2,2.5,0,0,2.0,3,9,659000.0
3460,4,3.75,1,0,2.0,3,11,971971.0
1350,3,2.5,9,0,3.0,3,8,389000.0
3000,4,2.75,9,0,2.0,3,8,355000.0
2950,4,2.5,8,0,2.0,3,9,551500.0
2530,4,2.5,0,0,2.0,3,8,417838.0
4650,4,4.5,6,0,2.0,3,11,1750000.0
710,2,1.0,71,0,2.0,4,7,399950.0
3050,4,2.5,7,0,2.0,3,9,740000.0
1150,3,2.5,2,0,2.0,3,7,335000.0
3410,5,5.25,9,0,2.0,3,11,2250000.0
1370,3,1.75,8,0,3.0,3,8,667000.0
3540,4,2.5,8,0,2.0,3,9,920000.0
1370,3,2.5,7,0,2.0,3,7,368000.0
1714,4,2.5,5,0,2.0,3,8,307000.0
3650,4,2.75,1,0,2.0,3,7,550000.0
2990,4,2.5,2,0,2.0,3,9,594491.0
3284,4,2.5,0,0,2.0,3,8,460458.0
3550,4,2.25,4,0,1.0,3,8,859000.0
1860,3,3.0,5,0,2.0,3,8,399950.0
1720,3,3.25,8,0,2.0,3,8,547500.0
2540,3,2.5,8,0,2.0,3,7,310000.0
3270,4,2.75,0,0,2.0,3,9,939000.0
980,2,2.5,6,0,3.0,3,8,329900.0
1150,3,2.5,8,0,2.0,3,8,436000.0
1820,3,2.5,6,0,2.0,3,8,320000.0
1580,3,2.5,3,0,2.0,3,8,375000.0
1460,3,2.0,5,0,2.0,3,7,392137.0
2900,4,2.5,10,0,2.0,3,8,520000.0
2620,5,2.75,7,0,2.0,3,9,535000.0
1340,2,2.5,7,0,2.0,3,8,407000.0
3266,4,3.25,0,0,2.0,3,8,424950.0
1076,2,1.5,8,0,3.0,3,7,290000.0
1680,3,3.25,5,0,2.0,3,8,399000.0
1930,3,2.5,9,0,2.0,3,8,439990.0
2880,4,2.5,1,0,2.0,3,9,635000.0
2240,4,2.25,1,0,2.0,3,8,635000.0
2594,3,2.5,3,0,2.0,3,8,351000.0
1210,2,1.5,7,0,3.0,3,8,437500.0
3760,4,3.5,0,0,2.0,3,9,919204.0
3600,4,2.5,0,0,2.0,3,9,923990.0
2050,4,2.5,2,0,2.0,3,8,639888.0
1510,3,3.25,7,0,2.0,3,8,675000.0
2580,4,2.5,1,0,2.0,3,8,899900.0
1670,3,2.5,6,0,2.0,3,7,252000.0
3190,4,2.5,8,0,2.0,3,9,925000.0
1280,3,2.5,5,0,3.0,3,8,552000.0
2718,4,2.5,9,0,2.0,3,8,388500.0
1370,2,2.0,10,0,3.0,3,8,548000.0
1794,3,2.5,9,0,2.0,3,7,254950.0
5120,4,4.5,6,0,2.0,3,10,1237500.0
2160,3,2.5,0,0,2.0,3,9,629000.0
2180,4,2.5,1,0,2.0,3,8,734000.0
1490,3,2.25,4,0,2.0,3,7,309000.0
2950,3,2.5,8,0,2.0,3,9,554950.0
2990,3,2.75,15,0,2.0,3,9,785000.0
2700,4,2.5,7,0,2.0,3,9,550000.0
3130,4,3.5,0,0,3.0,3,10,1010000.0
3620,3,2.0,7,0,2.0,3,8,1575000.0
2481,5,2.75,0,0,2.0,3,8,309000.0
1730,3,2.5,0,0,2.0,3,8,328423.0
1420,3,1.5,6,0,2.0,3,8,345000.0
3160,5,3.5,0,0,2.0,3,9,660000.0
1320,3,3.25,6,0,2.0,3,8,385000.0
1010,2,2.25,9,0,2.0,3,8,459000.0
1870,3,2.5,8,0,2.0,3,7,248000.0
5220,4,3.5,8,0,2.0,3,11,1481000.0
2260,4,2.5,3,0,2.0,3,8,379000.0
4340,5,4.5,5,0,3.0,3,10,2945000.0
1620,2,2.25,10,0,2.0,3,8,395000.0
2280,3,2.5,8,0,2.0,3,8,535000.0
3400,5,3.5,6,0,2.0,3,9,970000.0
830,2,1.5,9,0,2.0,3,7,205000.0
2310,4,2.5,4,0,2.0,3,8,310000.0
830,2,1.5,9,0,2.0,3,7,334500.0
4130,5,3.25,2,0,2.0,3,10,995000.0
2050,4,3.0,1,0,2.0,3,8,370228.0
2050,4,2.5,1,0,2.0,3,9,383000.0
1600,3,2.5,9,0,2.0,3,8,384500.0
3190,5,2.5,0,0,2.0,3,9,865000.0
3860,4,3.75,7,0,2.5,3,10,1051000.0
2040,4,2.5,2,0,2.0,3,8,502000.0
3845,4,3.5,1,0,2.0,3,10,1750000.0
2650,4,2.5,0,0,2.0,3,8,569995.0
3430,4,2.5,1,0,2.0,3,8,749950.0
2430,3,2.5,7,0,2.0,3,8,550000.0
2876,3,3.5,7,0,2.0,3,8,525000.0
2550,4,3.5,7,0,2.0,3,7,516000.0
4100,4,3.75,0,0,2.0,3,9,1350000.0
2730,4,2.5,6,0,2.0,3,7,440000.0
1780,3,2.5,7,0,2.0,3,8,660000.0
1880,3,2.5,4,0,2.0,3,7,261950.0
3090,5,3.75,4,0,2.0,3,10,551000.0
2460,3,3.5,1,0,2.0,3,8,665000.0
2910,4,3.5,2,0,2.0,3,9,610000.0
2910,4,3.5,3,0,2.0,3,9,645000.0
1930,3,1.75,1,0,1.0,3,9,536751.0
1413,3,2.25,6,0,2.0,3,8,260000.0
4030,3,3.25,9,0,2.0,3,10,1312000.0
2880,4,3.25,1,0,2.5,3,8,429900.0
2360,4,2.75,0,0,1.0,3,8,535000.0
1070,2,1.75,9,0,3.0,3,8,462550.0
1460,3,3.25,7,0,3.0,3,8,602000.0
3800,4,2.75,6,0,2.0,3,9,730000.0
1190,2,1.5,5,0,3.0,3,8,300500.0
3200,5,2.5,5,0,2.0,3,9,675000.0
1970,3,2.25,6,0,2.0,3,8,415000.0
2830,3,2.5,4,0,2.0,3,9,614000.0
2630,4,2.5,4,0,2.0,3,7,385000.0
2720,4,2.75,9,0,2.0,3,9,594000.0
3160,4,2.75,0,0,2.0,3,9,860000.0
3770,4,4.0,8,0,2.0,3,10,1104500.0
3500,4,2.75,10,0,2.0,3,9,775000.0
2710,5,2.75,0,0,2.0,3,8,430760.0
2170,2,2.5,6,0,1.0,3,8,755000.0
1540,2,2.25,7,0,3.0,3,9,640000.0
1876,3,3.25,6,0,3.0,3,9,613500.0
3720,4,3.5,7,0,1.0,3,10,780000.0
3148,4,2.5,1,0,2.0,3,9,550000.0
3240,4,3.25,4,0,2.0,3,9,789500.0
3340,5,3.5,2,0,2.0,3,8,592000.0
2413,4,2.5,1,0,2.0,3,8,454950.0
2500,4,2.5,5,0,2.0,3,7,475000.0
1180,2,1.75,0,0,2.0,3,10,659000.0
2890,4,2.5,9,0,2.0,3,9,570000.0
2230,5,3.0,1,0,1.0,3,7,347500.0
1767,4,2.5,9,0,2.0,3,8,205000.0
1450,3,3.25,5,0,2.0,3,8,380000.0
2930,5,2.75,1,0,2.0,3,9,718000.0
2710,5,2.75,0,0,2.0,3,8,515805.0
3600,4,3.25,1,0,2.0,3,10,1029280.0
1800,3,2.5,0,0,2.0,3,8,437718.0
2290,4,2.5,8,0,2.0,3,8,450000.0
1510,3,2.5,7,0,2.0,3,8,515000.0
1090,2,2.5,8,0,2.0,3,7,204000.0
1270,3,2.0,8,0,3.0,3,8,360000.0
1540,3,2.25,6,0,3.0,3,8,550000.0
2930,3,2.5,6,0,2.0,3,9,650880.0
4360,5,3.75,1,0,2.0,3,10,1789950.0
3640,4,3.5,1,0,2.0,3,9,895900.0
2430,4,2.5,6,0,2.0,3,8,585000.0
1520,3,2.25,5,0,2.0,3,8,380000.0
2730,5,2.75,0,0,2.0,3,8,565997.0
2440,3,3.0,9,0,2.0,3,8,459000.0
1580,3,3.75,5,0,2.0,3,8,550000.0
1420,3,2.25,8,0,3.0,3,8,500000.0
2820,5,3.25,9,0,2.0,3,8,461500.0
5060,4,5.5,6,0,2.0,3,11,2150000.0
2650,4,2.5,8,0,2.0,3,8,790000.0
1490,3,2.25,3,0,2.0,3,9,735000.0
3060,4,2.5,6,0,2.0,3,9,588000.0
3240,3,3.25,4,0,2.0,3,8,724500.0
2820,3,2.75,6,0,2.0,3,9,749000.0
4140,5,3.5,11,0,2.0,3,8,720000.0
982,2,1.5,8,0,2.0,3,8,250000.0
2460,3,2.75,8,0,2.0,3,9,790000.0
2547,4,2.5,1,0,2.0,3,9,392440.0
1834,4,2.25,2,0,2.0,3,8,280000.0
3130,4,4.5,0,0,3.0,3,10,1333000.0
2730,4,2.5,6,0,2.0,3,9,649000.0
1380,2,2.5,6,0,2.0,3,8,457000.0
4700,4,4.25,13,0,2.0,3,11,2225000.0
2330,3,3.0,10,0,2.0,3,9,453000.0
1730,3,2.5,0,0,2.0,3,8,329780.0
2350,2,2.5,7,0,3.0,3,10,1050000.0
4000,5,4.5,0,0,2.0,3,9,771005.0
3350,3,2.5,5,0,1.0,3,9,1300000.0
1530,3,3.25,8,0,3.0,3,8,607500.0
1610,2,2.25,36,0,2.0,4,7,278000.0
2620,4,2.75,1,0,2.0,3,8,475000.0
1300,3,2.0,8,0,2.0,3,8,270000.0
3590,4,3.5,9,0,2.0,3,9,1302000.0
2490,4,2.5,0,0,2.0,3,8,778983.0
1320,3,2.5,9,0,2.0,3,7,221000.0
1800,4,2.25,0,0,2.0,3,8,338800.0
3360,5,1.5,0,0,2.0,3,9,834995.0
3220,4,2.5,9,0,2.0,3,8,550000.0
2514,3,3.5,7,0,2.0,3,8,575000.0
3130,4,2.75,0,0,2.0,3,9,649000.0
2720,4,2.5,2,0,2.0,3,8,545000.0
1390,2,2.25,7,0,2.0,3,8,625000.0
4920,4,4.5,8,0,2.0,3,10,1042000.0
2134,3,2.5,6,0,2.5,3,8,611000.0
1741,3,2.5,3,0,2.0,3,8,300000.0
2560,3,2.5,13,0,2.0,3,8,577000.0
2220,4,2.5,0,0,2.0,3,8,349990.0
1910,3,2.5,8,0,2.0,3,9,650000.0
980,2,1.5,6,0,2.0,3,7,378000.0
1950,3,2.5,2,0,2.0,3,7,313200.0
4150,5,4.25,0,0,2.0,3,10,1206690.0
1110,2,1.5,6,0,2.0,3,7,252500.0
1250,3,2.5,6,0,2.0,3,8,308000.0
3310,4,2.5,10,0,2.0,3,9,803100.0
2020,4,2.5,4,0,2.0,3,7,415000.0
3310,4,3.5,4,0,2.0,3,9,785000.0
2798,4,2.5,2,0,2.0,3,9,499950.0
1847,4,2.5,7,0,2.0,3,7,216000.0
2420,4,2.5,6,0,2.0,3,9,380000.0
2020,4,2.5,2,0,2.0,3,7,345000.0
2400,4,2.5,7,0,2.0,3,8,456500.0
1760,3,2.5,0,0,1.0,3,8,382495.0
2110,4,2.5,2,0,2.0,3,7,324950.0
2692,4,2.5,0,0,2.0,3,9,436472.0
1490,3,2.25,5,0,2.0,3,7,365250.0
3960,5,3.25,1,0,2.0,3,10,919990.0
1740,4,2.5,3,0,2.0,3,7,316475.0
1940,4,2.5,5,0,1.0,3,8,425000.0
970,2,1.0,8,0,2.0,3,7,302860.0
1852,3,2.5,0,0,2.0,3,7,298000.0
5635,4,4.0,3,0,2.0,3,10,950000.0
1520,3,2.5,5,0,2.0,3,7,333000.0
2099,3,2.5,5,0,2.0,3,7,289950.0
1250,3,2.25,1,0,3.0,3,8,419950.0
1090,2,1.5,6,0,3.0,3,8,306000.0
3216,4,2.5,0,0,2.0,3,9,498445.0
2970,4,2.5,0,0,2.0,3,8,775950.0
2610,3,2.5,13,0,2.0,3,8,605000.0
1340,2,1.75,8,0,2.0,3,7,520000.0
3300,4,2.75,0,0,2.0,3,9,849990.0
1630,3,2.0,8,0,1.0,3,10,767450.0
1590,3,2.25,0,0,2.0,3,9,665000.0
1310,2,2.75,7,0,3.5,3,8,525000.0
3600,4,3.5,0,0,2.0,3,9,870515.0
2154,4,2.5,2,0,2.0,3,9,390000.0
1530,3,1.75,0,0,3.0,3,8,500000.0
1360,3,2.25,8,0,2.0,3,8,399950.0
1320,3,2.5,10,0,2.0,3,7,305000.0
1660,4,2.5,6,0,2.0,3,7,255000.0
2891,4,2.5,0,0,2.0,3,9,415000.0
2340,3,2.5,3,0,2.0,3,10,716500.0
2320,3,2.5,5,0,3.0,3,8,425000.0
2190,4,2.5,5,0,2.0,3,8,540000.0
2060,3,2.5,0,0,2.0,3,8,324747.0
1740,3,2.5,5,0,2.0,3,7,385000.0
1400,3,2.25,2,0,2.0,3,7,270000.0
4410,5,4.0,8,0,2.0,3,11,1240000.0
1780,3,2.5,7,0,2.0,3,8,672000.0
1760,3,2.5,5,0,2.0,3,8,310000.0
4410,3,3.5,0,1,2.0,3,11,3000000.0
5550,6,4.25,1,0,2.0,3,11,2350000.0
2432,3,2.5,9,0,2.0,3,9,427000.0
2283,3,2.5,7,0,2.0,3,8,389950.0
1860,3,2.5,2,0,2.0,3,8,309620.0
2701,4,2.5,0,0,2.0,3,9,399895.0
2930,4,2.5,1,0,2.0,3,9,442515.0
1540,3,2.25,4,0,3.0,3,8,375000.0
2242,3,2.5,0,0,2.0,3,8,309780.0
1950,3,2.5,8,0,2.0,3,7,425000.0
1160,2,3.0,8,0,2.0,3,7,405000.0
2060,3,2.5,0,0,2.0,3,9,356250.0
1230,3,2.25,2,0,3.0,3,8,550000.0
1160,2,1.5,13,0,2.0,3,7,340000.0
2245,4,2.5,0,0,2.0,3,8,362865.0
4120,4,3.5,1,0,2.0,3,11,1360000.0
3400,4,2.5,7,0,2.0,3,9,830000.0
4270,5,3.75,0,0,2.0,3,10,1598000.0
2890,4,3.5,1,0,2.0,3,9,855000.0
3220,5,3.5,6,0,2.0,3,9,1205000.0
4010,4,3.5,8,0,2.0,3,11,1385000.0
2260,4,3.5,2,0,2.0,3,7,400200.0
1140,2,1.0,7,0,1.5,3,8,235000.0
1640,3,2.0,6,0,1.0,3,8,349950.0
3510,4,2.75,0,0,2.0,3,9,659950.0
3010,3,2.75,3,0,2.0,3,9,785000.0
1060,2,2.25,9,0,2.0,3,8,475000.0
1658,3,2.5,0,0,2.0,3,8,263900.0
1960,3,2.5,3,0,2.0,3,8,342000.0
2420,3,2.5,0,0,2.0,3,8,367899.0
3420,3,3.5,1,0,1.5,3,9,657044.0
893,2,1.5,7,0,2.0,3,8,359950.0
3020,4,2.75,0,0,2.0,3,9,879950.0
2470,4,2.5,1,0,2.0,3,8,550000.0
2009,4,2.5,2,0,2.0,3,8,279000.0
1530,3,2.5,9,0,2.5,3,7,255000.0
1590,3,1.75,1,0,3.0,3,8,609500.0
2630,5,3.0,1,0,2.0,3,8,420000.0
3230,4,2.5,6,0,2.0,3,9,570000.0
1430,3,2.25,3,0,2.0,3,8,439000.0
2242,3,2.5,2,0,2.0,3,8,310000.0
2500,4,2.5,1,0,2.0,3,8,635000.0
1230,3,2.5,5,0,2.0,3,8,399950.0
3020,4,2.5,5,0,2.5,3,9,805000.0
3480,4,3.5,0,0,2.0,3,9,1800000.0
3330,4,3.0,7,0,1.0,3,9,1205000.0
3400,4,2.5,8,0,2.0,3,10,745000.0
830,2,1.5,9,0,2.0,3,7,329445.0
3110,5,3.0,7,0,2.0,3,8,588000.0
1910,3,2.5,0,0,2.0,3,8,494815.0
3230,3,2.75,0,0,2.0,3,9,591975.0
3380,5,2.75,4,0,2.0,3,9,600000.0
2830,3,2.75,2,0,2.0,3,8,673000.0
3700,5,3.5,1,0,2.0,3,9,889950.0
2520,4,3.0,13,0,2.0,3,7,500000.0
1530,3,2.25,7,0,2.0,3,8,500000.0
4420,4,4.25,8,0,2.0,3,10,890000.0
1460,3,3.0,9,0,3.0,3,8,437000.0
1450,3,2.25,8,0,2.0,3,8,419700.0
1160,3,2.0,84,0,1.0,4,6,394000.0
1640,3,2.0,4,0,1.0,3,8,342000.0
1444,3,1.75,6,0,1.5,3,7,420000.0
1620,3,2.5,6,0,3.0,3,8,580000.0
1100,2,1.5,8,0,2.0,3,7,343000.0
1340,2,1.5,7,0,2.0,3,8,390000.0
1450,3,1.5,3,0,2.0,3,7,274000.0
3040,4,2.5,7,0,2.0,3,9,700000.0
2560,4,2.5,9,0,2.0,3,9,838000.0
2744,6,3.0,8,0,2.0,3,7,300000.0
1420,3,2.25,6,0,3.0,3,8,467000.0
700,2,1.0,72,0,1.0,3,6,395000.0
4110,5,4.25,14,0,2.0,3,10,734000.0
2670,5,2.75,2,0,2.0,3,8,480000.0
2130,3,2.75,5,0,2.0,3,9,539000.0
3078,5,2.75,1,0,2.0,3,9,459950.0
840,2,1.0,8,0,2.0,3,7,306500.0
1800,3,2.5,1,0,2.0,3,8,408474.0
2580,3,2.75,6,0,2.0,3,8,437000.0
1270,3,1.5,2,0,2.0,3,7,160797.0
3065,4,3.5,1,0,3.0,3,9,729000.0
1861,3,2.5,7,0,2.0,3,8,499000.0
2260,4,2.75,0,0,2.0,3,8,359950.0
4150,5,3.25,1,0,2.0,3,10,929000.0
1500,2,2.5,0,0,2.0,3,8,529950.0
1620,3,2.25,3,0,2.5,3,8,461000.0
830,2,1.5,9,0,2.0,3,7,271115.0
3120,4,2.5,12,0,2.0,3,7,653000.0
1870,3,2.5,7,0,3.0,3,8,565000.0
1240,3,2.25,0,0,3.0,3,8,529950.0
2820,4,2.5,8,0,2.0,3,9,585000.0
1630,3,1.75,0,0,3.0,3,8,609000.0
1584,3,2.25,2,0,2.0,3,7,267000.0
2840,4,2.5,2,0,2.0,3,8,557000.0
3910,4,3.25,8,0,2.0,3,9,709950.0
1730,3,2.5,3,0,3.0,3,9,625000.0
1840,3,2.75,1,0,2.0,3,10,599000.0
4030,4,3.75,7,0,2.0,3,10,920000.0
3440,4,3.5,0,0,3.0,3,9,1285000.0
2110,4,2.5,3,0,2.0,3,7,324500.0
2430,3,2.5,6,0,2.0,3,7,471500.0
4690,4,3.75,7,0,2.0,3,10,1015000.0
3500,4,3.5,0,0,2.0,3,9,998000.0
2070,4,2.5,9,0,2.0,3,7,262000.0
3350,4,3.5,6,0,2.0,3,8,844000.0
2440,4,2.5,1,0,2.0,3,8,745641.0
3010,5,3.0,6,0,2.0,3,9,659950.0
2060,3,2.5,0,0,2.0,3,8,339989.0
1570,2,2.5,6,0,2.0,3,7,352500.0
1580,3,2.5,6,0,2.0,3,8,525000.0
4280,5,3.5,0,0,2.0,3,10,1138990.0
2815,5,3.5,3,0,2.0,3,9,491000.0
2620,4,2.5,3,0,2.0,3,9,675000.0
1250,3,2.25,8,0,3.0,3,8,344000.0
3250,4,2.5,6,0,2.0,3,8,530000.0
2510,4,3.25,11,0,2.0,3,9,290500.0
1270,2,1.75,3,0,2.0,3,8,335000.0
6670,5,4.0,8,0,2.0,3,12,2998000.0
1580,3,2.5,1,0,2.0,3,8,379000.0
1360,3,1.5,6,0,3.0,3,8,385000.0
2400,4,2.5,53,0,1.0,3,8,500012.0
1571,3,3.0,6,0,3.0,3,8,366750.0
1405,2,2.0,7,0,2.0,3,8,405000.0
1010,3,1.5,44,0,2.0,3,8,356999.0
1450,2,2.5,9,0,2.0,3,8,590000.0
1420,3,1.75,0,0,2.0,3,7,294000.0
2650,4,2.5,2,0,2.0,3,8,731500.0
3030,5,2.75,0,0,2.0,3,9,837219.0
6530,4,5.5,7,0,2.0,3,11,1600000.0
2670,3,2.75,1,0,1.0,3,10,798800.0
1170,2,2.5,7,0,2.0,3,9,482500.0
3260,4,2.5,8,0,2.0,3,9,820000.0
1480,3,1.5,7,0,3.0,3,7,319000.0
2700,3,2.5,1,0,2.0,3,9,950000.0
4640,4,3.5,8,0,2.0,3,10,1267500.0
1601,3,2.5,7,0,3.0,3,7,378000.0
2540,3,2.5,3,0,2.0,3,8,489950.0
1030,2,1.75,9,0,2.0,3,7,345000.0
2730,3,2.5,3,0,2.0,3,8,510000.0
3172,4,2.5,0,0,2.0,3,8,432500.0
3160,4,2.5,9,0,2.0,3,9,650000.0
2850,4,2.5,6,0,2.0,3,9,750000.0
2780,4,3.5,1,0,2.0,3,8,870000.0
3860,4,3.5,0,0,2.0,3,10,900000.0
1180,2,1.75,0,0,2.0,3,10,664950.0
1410,3,2.25,10,0,2.0,3,7,391000.0
6370,4,3.5,7,0,2.0,3,12,1800000.0
3223,5,3.0,1,0,2.0,3,9,479349.0
2600,4,3.25,3,0,2.0,3,8,661000.0
1380,3,3.25,8,0,3.0,3,8,379000.0
1620,3,2.25,4,0,2.5,3,8,415000.0
1370,3,3.25,7,0,3.0,3,8,375000.0
1220,3,2.0,7,0,3.0,3,8,355000.0
1280,3,2.5,5,0,3.0,3,8,540000.0
770,2,1.5,8,0,2.0,3,7,290000.0
1210,3,2.5,6,0,3.0,3,8,500000.0
2890,4,2.5,3,0,2.0,3,8,416000.0
1580,3,2.5,3,0,2.0,3,8,349900.0
1530,3,2.25,0,0,2.0,3,9,465000.0
3670,4,2.5,7,0,2.5,3,10,950000.0
1850,4,2.25,1,0,2.5,3,8,496800.0
2440,4,2.5,1,0,2.0,3,8,680000.0
2190,4,3.25,0,0,2.0,3,9,920000.0
4360,5,4.0,0,0,2.0,3,10,1289990.0
3990,4,2.75,11,0,2.0,3,9,825000.0
1270,3,2.5,7,0,3.0,3,7,292000.0
3340,4,2.5,6,0,2.0,3,8,576000.0
1500,2,2.0,7,0,3.0,3,8,670000.0
3120,4,3.5,6,0,2.0,3,9,953007.0
2480,4,2.5,3,0,2.0,3,8,399000.0
1110,2,2.0,7,0,3.0,3,7,399000.0
2760,4,2.75,0,0,2.0,3,10,847093.0
1510,3,2.5,1,0,3.0,3,8,599950.0
1460,3,2.5,7,0,2.0,3,8,499000.0
3980,4,2.75,8,0,2.0,3,9,760000.0
3320,4,3.75,0,0,2.0,3,10,1699990.0
3270,4,3.25,0,0,2.0,3,9,1033890.0
2670,4,2.5,8,0,2.0,3,9,515000.0
1410,3,2.25,10,0,2.0,3,7,355000.0
2475,4,2.75,0,0,2.0,3,7,319900.0
1600,3,3.5,8,0,2.0,3,8,460000.0
1290,2,1.0,7,0,2.0,3,7,305000.0
1608,3,2.5,3,0,2.0,3,8,280000.0
1300,2,2.25,4,0,2.0,3,8,394950.0
2530,4,3.5,0,0,2.0,3,8,382000.0
1390,3,2.5,7,0,3.0,3,8,560000.0
1640,3,2.25,0,0,3.0,3,8,772000.0
2229,4,2.5,2,0,2.0,3,7,324950.0
1790,3,2.5,4,0,2.0,3,8,530000.0
990,3,2.25,5,0,2.5,3,8,384000.0
3240,5,2.75,1,0,2.0,3,10,719950.0
1280,2,2.5,8,0,2.0,3,8,319950.0
1610,3,2.5,9,0,2.0,3,8,292000.0
3670,6,3.5,7,0,2.0,3,10,1500000.0
1150,2,2.5,6,0,3.0,3,8,425000.0
3760,5,3.75,0,0,2.0,3,9,799950.0
1320,2,2.5,0,0,2.0,3,8,499000.0
2700,4,2.75,3,0,2.0,3,9,572000.0
1480,2,2.0,6,0,3.0,3,8,459000.0
1410,3,2.25,1,0,3.0,3,9,529500.0
3135,4,2.5,9,0,2.0,3,9,374500.0
1480,3,2.5,7,0,2.0,3,8,584000.0
4020,4,4.5,8,0,2.0,3,10,1898000.0
1060,2,2.25,8,0,2.0,3,8,505000.0
1950,2,2.5,5,0,3.0,3,8,565000.0
3340,4,2.75,4,0,2.0,3,9,799000.0
1570,3,2.5,8,0,2.5,3,9,547000.0
1930,3,2.5,1,0,2.0,3,7,550000.0
1590,3,2.0,18,0,1.0,3,7,250000.0
3720,4,4.5,1,0,2.0,3,10,960000.0
4470,4,4.25,4,0,2.0,3,11,2950000.0
1290,2,1.0,10,0,2.0,3,7,441000.0
1489,3,2.25,3,0,2.0,3,7,265000.0
2075,3,2.5,3,0,1.0,3,7,430000.0
1413,3,2.5,3,0,2.0,3,8,286800.0
1300,3,2.5,7,0,2.0,3,8,375000.0
1480,3,3.25,1,0,2.0,3,8,312500.0
3320,4,2.75,3,0,2.0,3,9,850000.0
1530,3,2.25,8,0,2.0,3,7,390500.0
1180,3,2.5,4,0,3.0,3,8,455000.0
1190,2,2.0,6,0,2.0,3,8,455000.0
1300,3,2.25,6,0,3.0,3,8,515000.0
1710,3,3.5,2,0,2.0,3,7,362500.0
2390,3,2.5,7,0,2.0,3,9,460000.0
3510,4,3.5,4,0,2.0,3,8,540000.0
1140,3,1.75,0,0,2.0,3,8,230000.0
1320,2,2.5,7,0,2.0,3,8,425000.0
2100,5,3.0,7,0,1.0,3,8,298450.0
2400,4,2.5,10,0,2.0,3,8,344000.0
1408,3,2.5,9,0,3.0,3,8,416286.0
2560,4,2.5,2,0,2.0,3,8,379500.0
1260,2,2.5,9,0,3.0,3,8,350000.0
1290,2,1.75,1,0,2.0,3,8,258800.0
2730,4,2.5,6,0,2.0,3,8,620000.0
1630,2,2.5,5,0,2.0,3,7,295000.0
3530,4,2.75,1,0,2.0,3,10,908990.0
2714,4,2.5,0,0,2.0,3,9,485230.0
1630,3,2.25,9,0,2.0,3,7,475000.0
5790,5,3.25,0,0,2.0,3,10,1240420.0
2230,3,3.0,1,0,2.5,3,8,635000.0
1380,3,2.5,2,0,2.0,3,9,350000.0
1320,3,3.5,4,0,3.0,3,8,345000.0
1490,2,2.0,0,0,3.0,3,9,700000.0
1280,3,2.25,6,0,2.0,3,8,490000.0
3870,5,4.0,0,0,2.0,3,10,1299890.0
1280,2,2.5,5,0,2.0,3,8,579000.0
1300,3,1.5,8,0,2.0,3,8,552500.0
2170,4,2.75,3,0,2.0,3,8,467000.0
1763,4,2.25,2,0,2.0,3,8,305000.0
1020,2,1.5,10,0,2.0,3,7,212000.0
1840,4,2.5,4,0,2.0,3,7,429000.0
1820,3,2.0,0,0,3.0,3,9,479950.0
2670,3,3.5,0,0,2.0,3,9,825000.0
6260,6,6.5,8,0,2.0,3,11,1180000.0
1400,3,2.25,2,0,2.0,3,7,250000.0
1160,2,1.5,32,0,2.0,3,7,289000.0
1400,3,2.5,1,0,2.0,3,7,265000.0
1232,3,2.5,7,0,3.0,3,7,344000.0
2700,4,2.75,104,0,2.0,4,8,749000.0
2550,4,2.5,7,0,2.0,3,7,492000.0
3260,4,2.5,7,0,2.0,3,8,552500.0
1680,2,2.5,0,0,2.0,3,8,653500.0
2630,4,3.25,9,0,2.0,3,10,855000.0
1260,3,1.5,15,0,2.0,3,7,333000.0
2550,4,2.5,5,0,2.0,3,7,415000.0
3450,4,3.25,6,0,2.0,3,8,445000.0
1550,3,2.5,5,0,2.0,3,7,273500.0
4150,4,2.5,0,0,2.0,3,10,969990.0
3900,5,3.5,0,0,2.0,3,9,1200000.0
1550,3,3.25,8,0,3.0,3,8,430000.0
2130,4,2.5,1,0,2.0,3,8,392000.0
2890,4,2.5,9,0,2.0,3,9,795000.0
1220,3,2.5,6,0,2.0,3,8,457000.0
2502,4,2.5,2,0,2.0,3,9,453000.0
1340,3,2.0,6,0,3.0,3,8,376000.0
2350,4,2.5,0,0,2.0,3,8,469995.0
1810,3,2.5,7,0,2.0,3,8,540000.0
3310,4,2.5,2,0,2.0,3,8,555000.0
1620,3,2.0,8,0,1.0,3,7,445000.0
1070,2,2.0,6,0,2.0,3,9,256950.0
2230,4,2.5,3,0,2.0,3,8,297000.0
1970,4,2.5,9,0,2.0,3,8,320000.0
4600,5,4.5,8,0,2.0,3,9,805000.0
3110,4,2.75,0,0,2.0,3,9,799990.0
3490,4,2.5,8,0,2.0,3,9,680000.0
1600,3,2.5,7,0,2.0,3,7,395000.0
1960,3,2.5,4,0,2.0,3,8,732000.0
1000,2,2.5,10,0,2.0,3,7,163800.0
1000,2,2.5,10,0,2.0,3,7,220000.0
1500,2,2.0,15,0,3.0,3,7,308625.0
2424,3,2.5,1,0,2.0,3,9,375000.0
2303,4,2.5,8,0,2.0,3,8,300000.0
1880,3,2.5,5,0,2.0,3,7,284000.0
1210,2,2.0,1,0,2.0,3,8,610000.0
3720,4,3.25,3,0,2.0,3,9,955000.0
3610,4,2.75,0,0,2.0,3,9,982000.0
1360,3,1.5,6,0,3.0,3,8,359000.0
2590,5,2.5,0,0,2.0,3,8,779380.0
4390,5,3.25,7,0,2.0,3,10,1510000.0
2290,3,3.0,1,0,2.5,3,8,635000.0
3880,4,3.75,7,0,2.5,3,10,1060000.0
1350,3,2.5,8,0,3.0,3,8,389500.0
2170,5,2.5,0,0,2.0,3,8,359800.0
1296,3,3.0,5,0,3.0,3,8,399950.0
1530,3,3.25,1,0,2.0,3,8,320000.0
1489,3,2.5,0,0,2.0,3,7,255900.0
2130,4,2.5,1,0,2.0,3,8,380000.0
1430,3,2.75,5,0,2.0,3,9,580000.0
2380,5,3.75,7,0,1.0,3,8,545000.0
1420,3,2.5,6,0,2.0,3,8,451300.0
3450,4,3.25,0,0,2.0,3,9,852880.0
1914,4,2.5,5,0,2.0,3,8,305000.0
988,2,1.5,8,0,3.0,3,7,295000.0
1584,3,2.25,2,0,2.0,3,7,261000.0
2630,4,2.5,14,0,2.0,3,8,560000.0
3520,4,3.25,2,0,2.0,3,9,795000.0
2380,4,2.5,8,0,2.0,3,8,384950.0
1410,3,1.75,2,0,3.0,3,8,500000.0
3220,4,3.5,2,0,2.0,3,9,640000.0
3266,4,3.25,0,0,2.0,3,8,418000.0
2550,3,2.0,7,0,2.0,3,9,799000.0
3828,4,3.5,1,0,2.5,3,9,552900.0
1670,3,2.25,0,0,3.0,3,8,539950.0
3056,4,2.5,1,0,2.0,3,9,524225.0
1000,2,1.5,10,0,3.0,3,8,424950.0
1530,3,3.25,7,0,2.0,3,8,560000.0
3490,5,3.0,6,0,2.0,3,9,715000.0
2760,5,2.5,8,0,2.0,3,8,300000.0
1440,3,2.5,10,0,2.0,3,7,405000.0
1370,3,3.0,5,0,3.0,3,8,327000.0
3180,6,4.0,0,0,2.0,3,9,859950.0
2720,4,3.0,7,0,2.0,3,9,560000.0
1800,3,2.5,3,0,2.0,3,8,379900.0
3220,3,2.5,7,0,2.0,3,9,625000.0
2370,3,2.5,1,0,2.0,3,8,398096.0
1410,3,2.5,7,0,2.0,3,7,315000.0
3640,4,3.5,0,0,2.0,3,9,939000.0
1920,3,2.5,11,0,2.0,3,9,674000.0
2267,4,2.5,0,0,2.0,3,7,306000.0
5780,5,4.75,8,0,2.0,3,11,2321000.0
1131,2,1.0,4,0,3.0,3,7,394950.0
2940,3,3.5,0,0,2.0,3,10,914154.0
2180,3,2.5,4,0,2.0,3,7,496000.0
1400,3,2.25,6,0,2.0,3,8,430100.0
2680,4,2.5,1,0,2.0,3,8,449990.0
2680,4,2.5,2,0,2.0,3,8,502000.0
1300,3,2.5,10,0,2.0,3,7,310000.0
2796,4,3.5,2,0,2.5,3,8,349950.0
1460,2,1.75,6,0,2.0,3,8,625000.0
4210,4,3.5,0,0,2.0,3,9,1054710.0
2330,4,2.75,9,0,2.0,3,9,680000.0
3930,4,3.5,1,0,2.0,3,9,828950.0
1608,3,2.5,1,0,2.0,3,8,274950.0
1610,2,2.25,36,0,2.0,4,7,293000.0
3200,4,3.5,7,0,2.0,3,9,795000.0
1710,4,2.5,0,0,2.0,3,7,282900.0
3050,5,3.75,1,0,2.0,3,9,909950.0
3560,4,3.5,0,0,2.0,3,9,922755.0
2650,4,2.5,9,0,2.0,3,9,424000.0
3490,3,2.5,6,0,2.0,3,8,630000.0
4140,4,3.25,7,0,2.0,3,9,810000.0
1670,3,2.0,0,0,1.0,3,7,256703.0
1720,3,2.5,4,0,2.0,3,7,386380.0
1510,2,2.0,4,0,1.0,3,8,485000.0
1450,3,2.25,5,0,2.0,3,7,275000.0
1812,4,2.5,4,0,2.0,3,8,370000.0
1060,2,2.25,9,0,2.0,3,8,499950.0
1600,3,2.5,6,0,3.0,3,8,502000.0
1530,3,3.25,9,0,2.0,3,8,654000.0
2070,4,2.25,1,0,3.0,3,9,575000.0
3630,4,2.5,7,0,2.0,3,10,500000.0
2140,3,2.5,10,0,2.0,3,8,554000.0
2010,4,1.75,55,0,1.0,4,7,360000.0
2630,4,2.75,0,0,2.0,3,8,619990.0
2233,4,2.5,3,0,2.0,3,7,317500.0
2990,4,2.75,0,0,2.0,3,7,564950.0
1240,2,1.25,0,0,2.0,3,8,545000.0
2230,3,2.5,9,0,2.0,3,7,333700.0
3700,3,3.25,16,0,2.0,3,11,1480000.0
2290,4,3.0,3,0,2.0,3,8,530000.0
950,2,1.5,9,0,3.0,3,8,396000.0
1120,2,1.75,2,0,2.0,3,7,305000.0
2420,5,3.5,1,0,2.0,3,7,380000.0
1714,4,2.5,5,0,2.0,3,8,305000.0
2230,4,2.5,3,0,2.0,3,7,440000.0
2530,4,3.0,1,0,2.0,3,7,459000.0
1550,3,3.5,10,0,2.0,3,8,530000.0
3110,4,2.75,3,0,2.0,3,8,600000.0
2100,3,3.0,6,0,2.0,3,8,515000.0
2150,4,2.5,8,0,2.0,3,8,275000.0
1630,3,1.75,1,0,2.0,3,8,540000.0
2230,3,2.5,9,0,2.0,3,7,445000.0
1320,3,2.5,6,0,3.0,3,7,285000.0
1590,3,2.5,4,0,2.0,3,8,480000.0
2610,5,3.25,10,0,2.0,3,8,440000.0
1440,3,2.5,7,0,2.0,3,7,287450.0
2630,4,2.5,9,0,2.0,3,9,507950.0
3390,3,3.5,2,0,2.0,3,10,750000.0
1400,3,1.5,7,0,3.0,3,8,425000.0
1900,3,3.5,5,0,2.0,3,8,420000.0
1350,3,2.5,8,0,3.0,3,8,394950.0
3420,4,3.25,2,0,2.0,3,9,635000.0
2150,3,2.5,20,0,2.0,3,7,513000.0
2110,4,2.5,3,0,2.0,3,8,380000.0
3810,4,3.25,7,0,1.0,3,10,1130000.0
2870,5,3.0,7,0,2.0,3,8,540000.0
1240,2,2.25,6,0,2.0,3,7,352499.0
3610,4,3.5,7,0,2.0,3,9,603000.0
2310,4,2.5,1,0,2.0,3,9,685000.0
1930,4,3.0,8,0,1.0,3,7,330675.0
1390,3,3.0,8,0,2.0,3,7,275000.0
1578,3,2.5,4,0,2.0,3,7,259950.0
1720,3,2.0,3,0,1.0,3,9,441000.0
4700,5,3.75,8,0,2.0,3,10,1135000.0
1970,3,3.5,7,0,2.0,3,8,590000.0
1460,3,2.25,2,0,2.0,3,8,497000.0
1930,3,2.5,0,0,2.0,3,8,345500.0
1300,3,2.25,8,0,2.0,3,8,562500.0
1445,3,2.25,9,0,2.0,3,7,355000.0
860,2,2.25,5,0,2.0,3,9,345000.0
3040,3,2.5,7,0,2.0,3,9,478000.0
2424,3,2.5,1,0,2.0,3,9,391500.0
1084,2,1.5,39,0,2.0,3,7,265000.0
2510,3,2.5,9,0,2.0,3,8,395000.0
1220,2,1.5,8,0,3.0,3,7,286308.0
1280,2,2.25,5,0,2.0,3,7,370000.0
3740,5,3.5,0,0,2.0,3,9,1079000.0
1852,3,2.5,0,0,2.0,3,7,298900.0
2580,4,2.5,8,0,2.0,3,9,775000.0
3190,4,3.5,4,0,2.0,3,9,790000.0
3400,3,2.5,0,0,2.0,3,8,1050000.0
1090,2,1.5,32,0,2.0,3,7,249000.0
2360,3,2.0,3,0,1.0,3,8,348000.0
2460,5,2.5,3,0,2.0,3,8,358000.0
2025,5,2.5,7,0,2.0,3,7,260000.0
4410,4,3.0,8,0,2.0,3,9,765000.0
2810,3,2.5,9,0,2.0,3,9,739000.0
4490,5,3.5,8,0,2.0,3,10,890000.0
3070,4,2.5,8,0,2.0,3,9,462000.0
1984,4,2.5,52,0,1.0,3,8,380000.0
4750,5,3.5,2,0,2.0,3,10,770000.0
2760,4,3.25,0,0,2.0,3,8,641000.0
4360,4,4.0,8,1,2.5,3,10,2300000.0
3060,4,2.5,7,0,1.5,3,8,369000.0
2770,4,3.0,0,0,2.0,3,9,1112000.0
1540,3,2.75,12,0,2.0,3,8,650000.0
1400,3,2.5,7,0,3.5,3,8,563500.0
1680,3,2.5,7,0,2.0,3,7,345000.0
2260,3,2.0,2,0,1.0,3,9,479950.0
3400,4,3.5,2,0,2.0,3,9,660000.0
2930,4,2.5,7,0,2.0,3,9,800000.0
1239,3,2.0,5,0,1.0,3,7,253101.0
2100,3,3.5,3,0,2.0,3,9,555000.0
1200,4,1.0,81,0,1.5,3,7,240000.0
1200,4,1.0,82,0,1.5,3,7,380000.0
680,2,1.5,9,0,2.0,3,7,239000.0
2690,4,3.25,1,0,2.0,3,9,760000.0
2750,4,2.5,3,0,2.0,3,8,430000.0
2450,3,2.5,4,0,2.0,3,8,660000.0
2620,4,2.5,0,0,2.0,3,8,399963.0
1130,2,2.0,7,0,2.0,3,9,411000.0
2790,4,2.75,0,0,2.0,3,8,483453.0
1820,3,2.0,0,0,3.0,3,9,469950.0
2910,4,2.75,1,0,2.0,3,8,504058.0
2568,4,2.5,1,0,2.0,3,9,425996.0
3090,4,2.75,4,0,2.0,3,9,760005.0
1460,2,2.0,1,0,2.0,3,8,699999.0
2010,3,2.5,0,0,2.0,3,8,749950.0
2610,4,2.5,8,0,2.0,3,8,674600.0
960,2,1.5,7,0,2.0,3,8,450000.0
1528,3,2.5,4,0,2.0,3,7,272000.0
1310,2,1.5,8,0,2.0,3,8,450000.0
1760,3,2.25,0,0,3.0,3,9,643950.0
1420,3,2.5,7,0,2.0,3,8,290000.0
1650,3,2.5,7,0,3.0,3,8,378000.0
2320,3,2.5,6,0,1.0,3,8,728050.0
2628,4,2.5,1,0,2.0,3,9,499160.0
2520,4,2.5,5,0,2.0,3,8,536000.0
2880,5,3.5,3,0,2.0,3,8,419900.0
1440,3,2.25,0,0,3.0,3,7,469000.0
2185,3,2.5,6,0,2.0,3,9,374000.0
1500,4,1.5,0,0,2.0,3,7,182568.0
1769,3,2.5,2,0,2.0,3,9,334888.0
3650,4,4.0,1,0,2.0,3,9,799900.0
2160,4,2.5,4,0,2.0,3,8,383000.0
1820,3,2.5,15,0,2.0,3,7,580000.0
2370,3,2.5,0,0,2.0,3,8,351999.0
3180,3,3.0,7,0,2.0,3,11,1325000.0
1780,3,2.5,4,0,2.0,3,8,312000.0
2650,4,3.5,3,0,2.0,3,8,674950.0
3300,5,2.75,7,0,2.0,3,10,1105000.0
1160,2,2.5,8,0,3.0,3,8,415000.0
3460,3,3.0,7,0,2.0,3,10,1250000.0
1390,3,2.5,5,0,2.0,3,7,208800.0
1260,2,2.5,8,0,3.0,3,8,452000.0
2940,5,2.75,5,0,2.0,3,8,837000.0
3190,5,3.5,2,0,2.0,3,8,780000.0
3930,4,3.5,7,0,2.0,3,10,1485000.0
3570,5,3.75,0,0,2.0,3,10,1600000.0
2420,3,2.5,0,0,2.0,3,8,369946.0
3400,3,2.75,5,0,2.0,3,9,530000.0
2478,4,2.5,3,0,2.0,3,8,386000.0
3070,4,2.5,6,0,2.0,3,11,1900000.0
3200,4,3.5,1,0,2.0,3,9,735000.0
5790,5,3.25,0,0,2.0,3,10,1750000.0
1590,3,2.25,1,0,3.0,3,8,489950.0
1730,3,3.0,7,0,2.0,3,8,357500.0
2303,4,2.5,1,0,2.0,3,8,329995.0
1790,3,2.5,1,0,2.0,3,8,414000.0
2490,3,3.5,9,0,2.0,3,8,533500.0
2669,4,2.5,1,0,2.0,3,9,402395.0
2610,4,3.25,7,0,2.0,3,10,725000.0
6160,6,5.25,7,0,2.0,3,11,1275000.0
1290,2,1.75,0,0,2.0,3,8,239800.0
3560,5,3.5,1,0,2.0,3,8,616950.0
4360,4,3.25,7,0,2.0,3,11,1258000.0
1230,3,2.25,5,0,2.0,3,8,435000.0
3640,4,3.25,9,0,2.0,3,10,925000.0
1780,2,2.5,34,0,3.0,3,8,631500.0
1140,3,1.5,10,0,3.0,3,8,399995.0
1270,3,2.0,8,0,3.0,3,8,369950.0
2780,5,3.5,10,0,2.0,3,8,475000.0
1912,4,2.5,2,0,2.0,3,8,353000.0
2300,4,2.5,9,0,2.0,3,8,329950.0
2828,3,2.5,2,0,2.0,3,8,367000.0
2425,4,2.5,1,0,2.0,3,9,447500.0
730,1,1.0,5,0,1.0,3,7,325000.0
1990,2,2.5,10,0,3.0,3,9,690000.0
1300,3,2.5,6,0,2.0,3,8,329950.0
2560,4,2.5,1,0,2.0,3,8,399500.0
2450,5,2.5,8,0,2.0,3,8,555000.0
1440,2,1.5,3,0,2.0,3,8,427000.0
1140,3,2.25,7,0,3.0,3,8,375000.0
1110,2,1.5,9,0,2.0,3,8,499000.0
2620,3,2.5,1,0,2.0,3,8,750000.0
1690,3,2.5,0,0,2.0,3,8,336900.0
1950,2,2.75,5,0,3.0,3,8,555000.0
3530,4,3.5,7,0,2.0,3,10,1275000.0
3310,4,3.5,0,0,2.0,3,9,999950.0
2620,5,3.0,5,0,2.0,3,10,975000.0
1350,3,2.25,5,0,2.0,3,8,299000.0
1741,2,2.5,8,0,2.0,3,8,479000.0
1650,3,2.5,8,0,3.0,3,8,428000.0
1890,3,2.5,2,0,2.0,3,7,409000.0
1950,3,3.0,6,0,3.0,3,9,798500.0
4490,4,3.5,8,0,2.0,3,9,689000.0
3206,6,2.25,2,0,2.0,3,7,375000.0
4130,4,3.5,3,0,2.0,3,10,775000.0
2800,5,3.0,0,0,2.0,3,8,639983.0
1984,4,3.0,5,0,2.0,3,7,300000.0
2750,4,2.5,0,0,2.0,3,9,627000.0
1740,3,2.75,5,0,1.0,3,7,275000.0
1800,4,2.25,0,0,2.0,3,8,352800.0
1540,3,2.25,7,0,3.0,3,8,565000.0
2030,4,2.25,0,0,2.0,3,9,765000.0
3310,4,2.5,8,0,2.0,3,9,644000.0
1270,3,1.5,8,0,3.0,3,8,461000.0
2406,5,2.5,8,0,2.0,3,8,270500.0
1540,2,2.25,7,0,3.0,3,9,640000.0
2820,4,2.5,1,0,2.0,3,9,457000.0
2540,5,2.5,0,0,2.0,3,7,355000.0
1230,2,2.25,7,0,3.0,3,8,356000.0
1900,4,2.5,0,0,2.0,3,8,425000.0
2920,5,2.75,7,0,2.0,3,8,562500.0
1450,3,2.5,6,0,2.0,3,8,460000.0
5370,4,3.0,10,0,2.0,3,10,790000.0
1270,3,2.0,9,0,3.0,3,8,401000.0
2550,3,2.5,0,0,2.0,3,9,1095000.0
3070,4,3.0,8,0,2.0,3,9,850000.0
1450,3,2.25,4,0,2.0,3,7,274500.0
4230,5,3.5,7,0,2.0,3,10,1940000.0
3480,4,2.5,11,0,2.0,3,9,808000.0
1490,3,2.25,5,0,2.0,3,7,312000.0
1200,3,2.25,9,0,3.0,3,8,320000.0
2150,3,2.5,2,0,2.0,3,8,410000.0
3690,3,3.5,13,0,2.0,3,10,725000.0
1900,4,2.5,7,0,2.0,3,7,335000.0
1690,4,3.25,1,0,2.0,3,8,519990.0
2790,4,2.75,1,0,2.0,3,8,533112.0
1936,3,2.0,0,0,2.0,3,7,274900.0
1150,2,2.25,1,0,2.0,3,7,325000.0
2040,4,2.5,3,0,2.0,3,7,350000.0
2470,4,2.5,8,0,2.0,3,9,550000.0
1890,4,2.5,1,0,2.0,3,8,311850.0
1626,3,2.5,8,0,2.5,3,8,526000.0
2250,4,2.5,2,0,2.0,3,8,375000.0
1350,3,2.25,8,0,2.0,3,7,299999.0
1460,3,2.5,6,0,2.0,3,8,436000.0
2056,3,2.5,0,0,2.0,3,7,303000.0
1160,2,2.5,2,0,2.0,3,8,525000.0
1384,3,3.0,8,0,2.0,3,8,575000.0
1100,2,1.5,6,0,3.0,3,8,420000.0
2456,3,2.5,2,0,2.0,3,8,329950.0
4500,4,4.25,5,0,2.0,3,11,1830000.0
3780,4,3.25,9,0,1.0,3,11,1175000.0
1320,2,2.5,0,0,2.0,3,8,499950.0
5940,4,3.0,10,0,2.0,3,11,1149000.0
1650,3,2.0,6,0,1.5,3,7,400000.0
1670,3,3.0,0,0,1.0,3,7,246950.0
1610,3,3.25,9,0,2.0,3,8,630000.0
3370,5,2.75,8,0,2.0,3,9,561000.0
2660,4,2.5,4,0,2.0,3,7,287000.0
1690,3,3.25,7,0,2.0,3,8,600000.0
1620,3,2.25,0,0,3.0,3,8,490000.0
1300,3,1.75,4,0,2.0,3,7,330000.0
1610,4,2.5,1,0,2.0,3,7,286950.0
3530,3,3.25,0,0,2.0,3,9,1550000.0
3550,4,2.5,8,0,2.0,3,10,880000.0
1730,3,3.0,0,0,3.0,3,8,577450.0
2400,5,2.75,4,0,2.0,3,8,405000.0
1420,3,2.5,0,0,3.0,3,8,510000.0
1220,2,1.5,6,0,2.5,3,8,465000.0
2360,4,2.25,1,0,2.0,3,9,1300000.0
3990,4,3.5,8,0,2.0,3,9,609000.0
1260,3,2.5,10,0,3.0,3,8,336000.0
1580,3,2.5,2,0,2.0,3,8,375000.0
1760,3,2.5,9,0,2.0,3,7,294500.0
3420,5,3.5,6,0,2.0,3,9,925000.0
2870,5,2.75,8,0,2.0,3,9,730000.0
1934,4,2.5,1,0,2.0,3,8,280000.0
1220,3,1.5,0,0,3.0,3,8,500000.0
2450,3,2.75,2,0,2.0,3,9,605000.0
1860,3,3.25,7,0,3.0,3,8,379950.0
1500,3,2.5,7,0,3.0,3,7,605000.0
1570,2,1.75,8,0,3.0,3,9,720000.0
1280,3,2.0,0,0,2.0,3,9,549900.0
3192,3,2.5,1,0,2.0,3,8,427000.0
1690,3,2.5,9,0,3.0,3,8,492000.0
1590,2,2.5,0,0,2.0,3,8,419190.0
2870,3,2.5,2,0,2.0,3,9,650000.0
2580,4,2.5,9,0,2.0,3,8,379950.0
1830,4,2.75,2,0,2.0,3,8,269800.0
2927,4,2.5,3,0,2.0,3,7,407000.0
1320,3,1.5,7,0,3.0,3,8,580000.0
1720,3,2.5,4,0,2.0,3,7,389700.0
828,2,1.0,47,0,1.0,3,6,110000.0
2790,4,2.75,0,0,2.0,3,8,533380.0
1410,3,2.5,0,0,2.0,3,7,295500.0
4040,4,4.5,8,0,2.0,3,9,860000.0
3370,4,3.5,7,0,2.0,3,9,812000.0
1660,3,2.5,5,0,2.0,3,7,324500.0
910,2,1.75,11,0,1.0,3,6,193000.0
1280,3,2.25,9,0,3.0,3,8,355000.0
2360,4,2.75,6,0,2.0,3,8,525000.0
2529,3,2.5,3,0,2.0,3,7,370950.0
4700,4,3.5,12,0,1.0,3,11,1242000.0
2780,3,2.5,9,0,1.0,3,10,950000.0
3540,4,2.75,0,0,2.0,3,9,888990.0
1580,3,2.5,1,0,2.0,3,8,705000.0
1700,3,2.5,0,0,2.0,3,7,268000.0
1600,3,2.5,1,0,2.0,3,7,305450.0
1410,2,1.75,3,0,1.5,3,9,399900.0
1580,3,1.5,0,0,3.0,3,8,495000.0
3940,3,3.5,0,0,2.0,3,10,857326.0
4450,5,2.75,0,0,2.0,3,9,845950.0
2009,4,2.5,0,0,2.0,3,8,303210.0
2732,6,5.0,5,0,2.0,3,7,343000.0
2090,3,2.5,9,0,2.0,3,7,300000.0
980,2,2.5,6,0,3.0,3,8,334900.0
2815,5,3.5,3,0,2.0,3,9,477500.0
3170,4,2.5,6,0,2.0,3,9,820000.0
3030,5,3.25,0,0,2.0,3,8,580000.0
1280,2,2.5,8,0,2.0,3,8,350000.0
2030,3,2.5,8,0,3.0,3,9,910000.0
2490,3,2.5,2,0,2.5,3,8,414000.0
3030,3,2.5,6,0,2.0,3,8,525000.0
1470,2,2.5,7,0,3.0,3,8,650000.0
1620,3,2.25,2,0,2.5,3,8,450000.0
5520,4,3.0,6,0,2.0,3,9,1270000.0
3200,3,3.5,8,0,2.0,3,10,699000.0
2580,4,2.5,1,0,2.0,3,8,899000.0
2050,4,3.0,0,0,2.0,3,8,353500.0
2430,3,2.5,3,0,2.0,3,7,485000.0
3060,4,3.25,0,0,2.0,3,10,782900.0
1540,2,2.0,7,0,2.0,3,8,529000.0
1310,3,3.25,7,0,2.0,3,8,514700.0
1800,3,2.5,0,0,2.0,3,8,409316.0
2370,3,2.5,1,0,2.0,3,8,388598.0
1445,3,2.25,11,0,2.0,3,7,415000.0
1450,3,2.25,9,0,2.0,3,8,521500.0
1740,3,2.5,6,0,3.0,3,8,580000.0
3560,4,2.5,0,0,3.0,3,8,882566.0
2130,3,2.75,5,0,2.0,3,9,525000.0
2980,5,2.75,7,0,2.0,3,9,515000.0
2840,3,3.0,0,0,2.0,3,9,589410.0
3420,4,2.5,6,0,2.0,3,9,757500.0
1660,3,2.5,1,0,2.0,3,7,284000.0
1150,2,2.25,2,0,2.0,3,7,338500.0
1410,3,2.25,9,0,2.0,3,7,379500.0
1420,3,2.0,7,0,2.5,3,9,550000.0
1860,3,2.5,4,0,2.0,3,8,294900.0
1340,2,1.5,6,0,2.0,3,8,345000.0
1530,2,1.5,10,0,2.0,3,8,450000.0
1509,3,2.5,1,0,3.0,3,8,420000.0
2350,3,2.5,2,0,2.0,3,8,740000.0
1010,2,1.5,8,0,3.0,3,7,286000.0
4495,5,3.5,2,0,2.0,3,9,870000.0
1580,3,2.5,5,0,3.0,3,9,727000.0
2750,4,3.0,3,0,2.0,3,9,395000.0
1890,4,2.25,9,0,2.0,3,7,535000.0
1320,3,2.25,7,0,2.0,3,7,255000.0
2150,4,2.5,8,0,2.0,3,8,260000.0
3340,4,2.5,0,0,2.0,3,9,810000.0
1850,3,2.5,4,0,2.0,3,7,359782.0
1950,2,2.5,3,0,2.0,3,9,500000.0
4240,5,3.25,0,0,2.0,3,9,1049990.0
2700,4,3.5,9,0,2.0,3,11,810000.0
3040,5,4.0,4,0,2.0,3,8,605000.0
2460,4,2.5,10,0,2.0,3,8,730000.0
2110,4,2.5,2,0,2.0,3,7,327000.0
780,2,1.0,5,0,2.0,3,7,370000.0
2640,5,3.5,13,0,2.0,3,7,459000.0
5190,5,4.0,1,0,2.0,3,11,2900000.0
2420,4,2.5,1,0,2.0,3,8,365000.0
1987,4,2.5,3,0,2.0,3,7,255000.0
720,1,1.0,94,0,1.0,3,6,375000.0
1130,2,1.5,8,0,2.0,3,8,375000.0
2810,4,2.5,0,0,2.0,3,9,518380.0
1500,3,3.25,7,0,2.0,3,8,346000.0
1390,4,2.0,7,0,3.0,3,7,302059.0
2500,4,2.5,1,0,2.0,3,9,575000.0
3906,4,3.5,0,0,2.0,3,9,549950.0
7120,5,6.0,8,0,2.0,3,12,900000.0
1470,3,2.5,8,0,2.0,3,8,397500.0
3230,5,3.5,7,0,2.0,3,10,1075000.0
2700,3,2.5,1,0,2.0,3,9,775900.0
4073,4,2.5,7,0,2.0,3,8,510000.0
3361,4,2.5,0,0,2.0,3,9,471275.0
1610,4,2.25,4,0,2.0,3,7,288000.0
3830,4,3.5,0,0,2.0,3,9,989990.0
1470,3,3.25,6,0,2.0,3,7,300000.0
3190,5,3.0,1,0,1.0,3,9,664950.0
3250,4,3.25,0,0,2.0,3,9,699188.0
1490,3,2.25,6,0,2.0,3,7,390000.0
2900,5,2.75,7,0,2.0,3,8,670000.0
2540,4,2.5,9,0,2.0,3,9,487000.0
3360,5,2.75,0,0,2.0,3,9,769995.0
860,2,1.25,7,0,2.0,3,7,321950.0
3020,4,2.5,9,0,2.0,3,9,613500.0
1330,3,2.5,12,0,3.0,3,7,300000.0
2578,4,2.5,0,0,2.0,3,9,400950.0
2640,4,2.5,0,0,2.0,3,8,389517.0
1260,3,1.75,3,0,2.0,3,7,255000.0
1990,3,2.5,3,0,3.0,3,9,1080000.0
3340,5,3.25,0,0,2.0,3,9,637850.0
2840,4,2.5,1,0,2.0,3,9,636230.0
1530,3,2.5,5,0,3.0,3,8,375000.0
1780,3,2.5,8,0,3.0,3,8,586500.0
2340,4,2.5,10,0,2.0,3,8,544000.0
2390,4,2.5,12,0,2.0,3,7,425000.0
2090,4,2.5,3,0,2.0,3,8,374950.0
1140,3,1.0,55,0,1.0,4,7,294570.0
1960,3,2.5,2,0,2.0,3,7,300000.0
2738,5,3.5,0,0,2.0,3,8,395950.0
3691,4,2.5,1,0,2.0,3,8,800000.0
2340,3,2.5,1,0,2.0,3,8,439990.0
2510,4,3.5,1,0,2.0,3,8,680000.0
2800,6,3.0,17,0,2.0,3,8,677790.0
1650,3,2.5,2,0,2.0,3,8,424950.0
1061,2,2.25,2,0,2.0,3,7,223990.0
3402,4,2.5,1,0,2.0,3,10,498000.0
2542,4,2.5,0,0,2.0,3,8,359950.0
3150,3,2.5,7,0,2.0,3,9,720000.0
3010,4,2.5,6,0,2.0,3,8,530000.0
1660,3,2.5,3,0,2.0,3,7,295000.0
1770,3,2.5,5,0,2.0,3,7,255500.0
1960,3,3.0,7,0,2.0,3,9,556000.0
1889,4,2.5,2,0,2.0,3,7,277950.0
3040,4,2.5,8,0,2.0,3,9,431000.0
3420,4,2.75,4,0,2.0,3,9,780000.0
1720,3,3.25,10,0,2.0,3,8,649000.0
1740,3,2.5,2,0,2.0,3,7,447000.0
2450,4,2.5,1,0,2.0,3,8,712198.0
1190,3,1.5,0,0,2.0,3,8,277140.0
3753,4,2.5,6,0,2.0,3,10,363000.0
3440,5,3.5,1,0,2.0,3,9,598992.0
2160,3,2.5,4,0,3.0,3,8,585000.0
3820,4,2.75,0,0,2.0,3,10,1274950.0
1120,2,2.0,8,0,2.0,3,7,380950.0
2250,4,2.5,0,0,2.0,3,8,333490.0
1540,3,3.25,3,0,2.0,3,8,520000.0
1240,2,2.25,5,0,2.0,3,7,315000.0
1160,2,1.5,8,0,2.0,3,8,487000.0
2760,5,3.5,1,0,2.5,3,8,424950.0
1580,3,2.25,2,0,3.0,3,9,542300.0
1480,3,3.25,1,0,2.0,3,8,320000.0
3740,4,3.25,0,0,2.0,3,10,1139990.0
1950,4,2.5,2,0,2.0,3,8,425000.0
1530,3,3.0,2,0,3.0,3,8,474950.0
1820,3,2.5,0,0,2.0,3,8,307635.0
2760,3,2.5,0,0,2.0,3,10,834538.0
3010,5,2.75,0,0,2.0,3,9,769995.0
3860,5,3.25,9,0,2.0,3,9,820875.0
2490,4,2.5,2,0,2.0,3,8,595500.0
3236,4,2.5,9,0,2.0,3,10,450000.0
2830,4,2.5,12,0,2.0,3,8,695000.0
1451,3,2.0,5,0,1.0,3,7,300000.0
2910,5,3.25,1,0,2.0,3,8,515000.0
1280,3,2.5,5,0,3.0,3,8,545000.0
1110,3,2.25,7,0,2.0,3,7,365000.0
2840,4,2.75,6,0,2.0,3,9,718500.0
1410,3,1.75,1,0,2.0,3,8,279800.0
3250,4,2.5,0,0,2.0,3,9,486940.0
3030,4,2.75,3,0,2.0,3,8,525000.0
1983,4,2.5,2,0,2.0,3,9,345000.0
2440,3,3.25,9,0,2.0,3,8,613000.0
2313,3,2.5,3,0,2.0,3,9,370000.0
1260,3,2.25,9,0,2.0,3,7,449500.0
2000,3,2.5,4,0,2.0,3,8,515000.0
1150,2,1.75,2,0,2.0,3,7,346100.0
2820,4,2.5,7,0,2.0,3,9,398500.0
1160,2,1.75,6,0,2.0,3,7,310000.0
1481,3,2.25,3,0,2.0,3,7,250000.0
4390,5,3.5,1,0,2.0,3,9,1880000.0
1570,2,1.75,7,0,3.0,3,9,695000.0
3410,4,3.0,7,0,2.0,3,9,1085000.0
3480,5,3.25,0,0,2.0,3,9,864327.0
3430,4,3.25,0,0,2.0,3,9,749995.0
2880,5,2.75,8,0,2.0,3,9,525000.0
2990,3,2.5,8,0,2.0,3,10,659950.0
4490,5,5.0,1,0,2.0,3,10,1800000.0
4100,5,4.0,3,0,2.0,3,9,950000.0
3870,4,2.75,9,0,2.0,3,11,1399950.0
800,2,1.5,6,0,2.0,3,7,265050.0
1620,3,2.25,6,0,3.0,3,8,450000.0
2910,4,2.5,5,0,3.0,3,8,915000.0
3530,4,3.25,7,0,2.0,3,10,963000.0
2701,4,2.5,1,0,2.0,3,7,270000.0
1380,2,2.5,2,0,2.0,3,7,294000.0
2050,3,2.5,3,0,2.0,3,9,700000.0
3370,3,4.0,1,0,2.0,3,10,1065000.0
2040,3,2.5,7,0,2.0,3,7,494900.0
1610,3,2.5,4,0,2.0,3,8,415000.0
2680,3,2.5,1,0,2.0,3,8,459990.0
3560,4,3.5,0,0,2.0,3,10,882990.0
3880,4,3.5,7,0,2.0,3,10,620000.0
1824,3,2.0,5,0,1.0,3,9,375900.0
2220,3,2.5,2,0,2.0,3,10,654000.0
4140,4,3.25,2,0,2.0,3,10,1839900.0
1322,3,2.5,5,0,2.0,3,7,215000.0
1909,3,2.5,8,0,3.0,3,8,630500.0
3460,4,3.5,4,0,2.0,3,10,855000.0
1954,4,2.5,8,0,2.0,3,8,235245.0
3000,5,2.5,7,0,1.0,3,9,770000.0
2650,4,2.5,2,0,2.0,3,8,734990.0
2580,4,2.5,2,0,2.0,3,8,880000.0
2650,4,3.0,4,0,2.0,3,8,525000.0
3390,4,3.5,6,0,2.0,3,10,775000.0
1470,3,1.75,6,0,3.0,3,10,687015.0
1910,3,2.5,8,0,2.0,3,9,663000.0
3030,4,2.5,10,0,2.0,3,9,815000.0
2930,4,3.25,2,0,2.0,3,9,1050000.0
1650,3,2.5,1,0,2.0,3,8,433190.0
2870,4,2.5,8,0,2.0,3,9,725000.0
1608,3,2.5,2,0,2.0,3,8,279950.0
1620,2,2.5,1,0,2.0,3,7,272167.0
1350,3,2.5,7,0,2.0,3,8,468500.0
1950,3,2.5,4,0,2.0,3,7,298000.0
3390,6,4.5,8,0,2.0,3,8,303500.0
1300,3,1.75,7,0,2.0,3,7,308000.0
2230,3,3.0,1,0,2.5,3,8,646800.0
1880,4,2.5,5,0,2.0,3,8,530200.0
3370,5,2.5,8,0,2.0,3,7,405000.0
1320,2,2.5,0,0,2.0,3,8,529000.0
2920,3,2.5,1,0,2.0,3,9,675900.0
1550,3,3.25,2,0,2.0,3,9,570000.0
2301,4,2.5,4,0,2.0,3,9,375500.0
1710,3,3.25,10,0,2.0,3,8,445000.0
2890,4,3.75,2,0,2.0,3,9,1100000.0
2100,3,2.5,8,0,2.0,3,7,477000.0
2240,3,2.75,0,0,2.0,3,8,450000.0
1460,3,3.0,9,0,3.0,3,8,427005.0
1370,3,1.75,1,0,3.0,3,9,720000.0
3760,3,3.5,0,1,2.0,3,11,2230000.0
2510,4,3.25,5,0,2.0,3,9,450800.0
1210,2,2.25,4,0,2.0,3,8,461100.0
2990,4,3.0,0,0,2.0,3,10,1061600.0
1710,3,2.5,9,0,2.0,3,8,590000.0
3274,4,2.5,0,0,2.0,3,9,478830.0
3300,4,2.25,0,0,3.0,3,9,760000.0
4370,4,3.5,6,0,2.0,3,11,1025000.0
2050,4,2.5,8,0,2.0,3,7,385000.0
1310,2,2.5,8,0,2.0,3,8,500000.0
1680,3,1.5,3,0,1.5,3,7,425000.0
1330,3,3.0,9,0,2.0,4,8,552100.0
1950,3,3.0,5,0,3.0,3,9,785000.0
3090,5,3.25,3,0,2.0,3,9,615000.0
1950,3,2.5,2,0,2.0,3,7,309000.0
1108,3,2.0,6,0,3.0,3,7,369500.0
2190,4,2.25,9,0,2.0,3,7,391000.0
1590,3,1.75,0,0,2.0,3,8,465000.0
3010,4,2.75,0,0,2.0,3,9,879950.0
1330,3,2.0,0,0,2.0,3,8,372000.0
1550,3,2.5,3,0,2.0,3,7,259000.0
1260,2,1.5,13,0,2.0,3,7,374000.0
2550,4,2.5,14,0,2.0,3,8,561000.0
1300,3,2.5,8,0,3.0,3,8,610000.0
2230,3,3.0,1,0,2.5,3,8,635000.0
1170,1,1.5,7,0,2.0,3,8,235000.0
4170,4,3.5,7,0,2.0,3,9,623300.0
1680,3,2.0,7,0,1.0,3,7,412500.0
2864,4,3.25,0,0,3.0,3,8,380000.0
1630,3,2.25,9,0,2.0,3,7,497000.0
2716,4,2.5,0,0,2.0,3,9,452000.0
1750,3,2.5,1,0,2.0,3,7,312000.0
3223,5,3.0,0,0,2.0,3,9,469950.0
2600,5,2.5,0,0,2.0,3,9,775000.0
3320,4,2.75,1,0,2.0,3,8,679990.0
1350,4,2.0,6,0,3.0,3,7,288790.0
3410,5,2.5,8,0,2.0,3,9,800000.0
1572,3,2.5,2,0,2.0,3,8,299000.0
2300,4,2.5,2,0,2.0,3,7,332000.0
1030,1,1.5,75,0,1.0,3,8,525000.0
1458,3,1.75,0,0,2.0,3,8,620000.0
2190,4,2.5,7,0,2.0,3,7,452000.0
3640,4,3.0,4,0,2.0,3,8,630000.0
2790,4,2.75,1,0,2.0,3,8,485000.0
2632,4,2.5,1,0,2.0,3,8,349950.0
2910,4,2.75,1,0,2.0,3,8,499990.0
1470,2,2.25,9,0,2.0,3,8,510000.0
2240,3,2.5,20,0,2.0,3,8,1080000.0
2310,3,2.5,3,0,2.0,3,8,494000.0
2370,3,2.5,5,0,2.0,3,8,429900.0
2980,4,2.75,7,0,1.0,3,8,505000.0
1870,4,2.0,5,0,1.0,3,7,272000.0
1770,3,2.5,3,0,3.0,3,8,671500.0
3510,4,3.5,14,0,2.0,3,10,729950.0
3281,4,2.5,0,0,2.0,3,9,471835.0
1670,3,2.0,0,0,1.0,3,7,249950.0
2760,5,3.5,1,0,2.5,3,8,424950.0
5430,5,3.5,7,0,2.0,3,10,1240000.0
2990,4,2.5,3,0,2.0,3,9,440000.0
3170,4,3.5,7,0,2.0,3,8,495000.0
3520,4,2.5,8,0,2.5,3,9,870000.0
2656,4,2.75,0,0,2.0,3,9,495000.0
2230,3,2.5,1,0,2.0,3,8,722000.0
2280,3,2.5,8,0,2.0,3,8,567500.0
2798,4,2.5,3,0,2.0,3,9,440000.0
2398,4,2.5,6,0,2.0,3,8,400000.0
2350,4,2.5,0,0,2.0,3,8,459995.0
2410,5,2.75,6,0,1.0,3,7,365000.0
1580,3,2.25,0,0,3.0,3,8,389950.0
1450,3,3.25,1,0,2.0,3,8,320000.0
1750,4,2.5,5,0,2.0,3,7,415500.0
3020,3,2.5,7,0,2.0,3,9,775000.0
1740,3,3.0,8,0,3.0,3,8,590000.0
2200,2,2.25,8,0,2.0,3,9,950000.0
1867,4,2.5,1,0,2.0,3,9,378950.0
1020,2,1.5,6,0,3.0,3,8,441750.0
2475,4,2.75,0,0,2.0,3,7,335900.0
1110,2,1.75,0,0,2.0,3,8,229800.0
1900,3,2.5,8,0,2.5,3,7,645000.0
1560,3,3.25,6,0,2.0,3,8,448000.0
2510,4,2.5,3,0,2.0,3,8,706000.0
4150,4,4.75,1,0,3.0,3,9,988990.0
1660,3,3.0,1,0,3.0,3,9,716000.0
1090,2,1.5,6,0,3.0,3,8,319000.0
1914,4,2.5,5,0,2.0,3,8,300000.0
2730,4,3.25,7,0,1.0,3,9,625000.0
2470,3,2.75,7,0,2.0,3,9,773000.0
2340,5,2.5,5,0,2.0,3,7,392000.0
2660,4,3.5,0,0,2.0,3,8,549995.0
2410,3,2.5,5,0,2.0,3,7,480000.0
1430,3,2.25,4,0,2.0,3,7,355000.0
1570,2,2.5,7,0,3.0,3,7,208400.0
3010,5,2.75,0,0,2.0,3,9,831548.0
1613,4,2.5,5,0,2.0,3,7,279500.0
2380,3,2.5,7,0,2.0,3,8,445000.0
2570,5,2.5,8,0,2.0,3,8,492500.0
2550,4,2.5,5,0,2.0,3,7,435000.0
1330,3,2.25,8,0,3.0,3,7,325000.0
1160,2,1.5,9,0,2.0,3,7,453000.0
3240,5,3.5,0,0,2.0,3,8,612995.0
2710,4,2.5,3,0,2.0,3,7,540000.0
1150,3,1.0,56,0,1.0,5,7,465000.0
1860,3,2.25,0,0,3.0,3,9,799950.0
1280,3,2.25,6,0,2.0,3,8,495000.0
1810,3,2.5,1,0,3.0,3,7,579950.0
1240,2,2.25,7,0,2.0,3,7,331000.0
1460,4,3.5,6,0,3.0,3,8,580000.0
1640,2,2.5,1,0,2.0,3,10,669000.0
5010,4,4.25,0,0,2.0,3,11,2351960.0
1300,3,3.25,10,0,2.0,3,8,539900.0
2510,4,2.5,4,0,2.0,3,8,490000.0
2710,3,3.5,9,0,2.0,3,8,627000.0
3217,4,3.5,6,0,2.0,3,8,458000.0
1650,3,2.5,7,0,2.0,3,7,440000.0
3950,4,3.5,0,0,2.0,3,11,1698000.0
1680,2,2.5,6,0,3.0,3,9,935000.0
3420,5,3.5,2,0,2.0,3,8,641000.0
2300,3,2.75,7,0,2.0,3,8,452000.0
3010,4,2.75,2,0,2.0,3,9,625000.0
4680,4,3.5,7,0,2.0,3,10,1350000.0
3630,5,3.5,0,0,2.0,3,9,834950.0
3530,3,3.5,6,0,2.0,3,10,1500000.0
2280,4,2.5,8,0,2.0,3,7,305000.0
3090,3,2.5,7,0,2.0,3,8,659000.0
550,1,1.0,6,0,2.0,3,7,353000.0
2840,4,3.25,1,0,2.0,3,9,535000.0
3130,4,2.5,1,0,2.0,3,10,999000.0
1440,3,2.5,6,0,3.0,3,8,375000.0
2840,4,3.5,6,0,3.0,3,8,685000.0
2623,4,2.5,2,0,2.0,3,8,333000.0
390,1,1.0,95,0,1.0,4,6,245000.0
5640,4,3.25,0,0,2.0,3,11,1999950.0
1260,2,2.25,6,0,2.0,3,7,329950.0
894,2,1.0,4,0,2.0,3,7,403000.0
3370,4,2.5,0,0,2.0,3,9,559630.0
1250,3,2.25,7,0,3.0,3,8,344000.0
1180,3,1.5,7,0,3.0,3,7,435000.0
1520,2,2.5,7,0,2.0,3,8,430000.0
2000,3,2.5,4,0,2.0,3,7,417000.0
3180,5,2.75,1,0,2.0,3,9,895950.0
3050,4,2.75,1,0,2.0,3,8,563950.0
2580,3,1.5,61,0,1.0,3,7,332220.0
6880,5,6.0,7,0,2.0,3,12,1488000.0
2570,3,2.5,7,0,2.5,3,9,680000.0
2950,4,3.5,3,0,2.0,3,10,825750.0
1690,3,2.5,0,0,2.0,3,8,338000.0
2790,4,2.75,2,0,2.0,3,8,535365.0
1720,3,2.25,3,0,2.0,3,9,608000.0
2890,3,2.25,0,0,3.0,3,9,930000.0
1130,2,1.75,8,0,1.0,3,8,565000.0
1460,2,2.25,9,0,2.0,3,8,495000.0
2510,3,2.5,7,0,2.0,3,8,667000.0
3390,4,2.5,0,0,2.0,3,8,495000.0
3570,4,2.5,0,0,2.0,3,9,928990.0
2280,4,2.5,8,0,2.0,3,7,345000.0
2920,5,3.5,0,0,2.0,3,9,1065000.0
2590,4,3.0,0,0,2.0,3,8,519995.0
3210,5,2.75,0,0,2.0,3,9,924000.0
1230,3,2.0,5,0,1.0,3,7,295000.0
3800,3,2.5,9,0,2.0,3,8,472000.0
1500,3,2.5,9,0,2.0,3,7,405000.0
2510,4,2.25,2,0,2.0,3,8,410000.0
1400,3,1.5,7,0,3.0,3,8,419500.0
1450,3,2.25,5,0,2.0,3,7,382000.0
1390,2,2.5,8,0,2.0,3,7,370000.0
3160,3,2.75,9,0,2.0,3,9,553000.0
4350,4,3.75,1,0,2.0,3,10,2065000.0
2720,4,2.5,0,0,2.0,3,8,455950.0
1290,3,3.25,6,0,3.0,3,7,331000.0
1606,3,2.25,5,0,3.0,3,8,417250.0
2800,4,3.25,3,0,2.0,3,7,325000.0
3250,5,3.5,5,0,2.0,3,9,705000.0
4310,6,3.5,1,0,2.0,3,10,1174660.0
1310,3,2.25,8,0,2.0,3,7,365000.0
1240,2,1.5,5,0,2.0,3,8,403000.0
1950,3,2.5,7,0,2.0,3,7,409000.0
1800,3,2.5,4,0,2.0,3,8,391000.0
2650,4,2.5,0,0,2.0,3,8,542525.0
820,2,1.0,8,0,3.0,3,8,339950.0
2620,4,2.75,2,0,2.0,3,8,499990.0
3980,4,3.25,3,0,2.0,3,10,1765000.0
1660,3,3.5,6,0,2.0,3,8,608000.0
2130,4,2.5,1,0,2.0,3,8,392000.0
1790,3,1.75,12,0,1.5,3,7,320000.0
1410,3,1.75,1,0,2.0,3,8,274800.0
1330,3,2.25,8,0,2.0,3,8,325000.0
2190,4,2.5,6,0,2.0,3,7,418500.0
2540,3,2.5,8,0,2.0,3,7,300000.0
2244,3,2.5,3,0,2.0,3,7,269950.0
2026,3,2.5,5,0,2.0,3,8,358000.0
1730,3,2.5,2,0,2.0,3,8,350000.0
3910,4,3.5,7,0,2.0,3,9,782000.0
1580,3,2.5,5,0,3.0,3,9,779000.0
2510,4,2.5,7,0,2.0,3,8,685000.0
1000,2,2.25,8,0,3.0,3,8,305000.0
1660,4,2.5,8,0,2.0,3,7,350000.0
3060,4,3.5,2,0,2.0,3,9,775000.0
1980,3,2.5,2,0,2.0,3,7,317750.0
980,2,1.0,4,0,2.0,3,8,438000.0
1050,2,2.5,9,0,2.0,3,7,325000.0
3080,4,3.25,3,0,2.0,3,10,830000.0
1900,3,2.25,8,0,2.0,3,7,353000.0
2200,4,2.5,4,0,2.0,3,8,460000.0
1360,3,1.5,7,0,3.0,3,8,370000.0
2238,3,2.5,3,0,2.0,3,8,330000.0
2590,4,2.5,1,0,2.0,3,8,569888.0
2517,3,2.5,0,0,2.0,3,8,353900.0
3510,4,3.5,14,0,2.0,3,10,695000.0
1290,3,1.75,6,0,2.0,3,7,288790.0
2230,5,3.0,1,0,1.0,3,7,334950.0
3140,4,2.75,1,0,2.0,3,9,869950.0
3350,3,3.5,0,0,2.0,3,8,557500.0
2245,4,2.5,0,0,2.0,3,8,389990.0
1420,3,1.75,8,0,3.0,3,8,455000.0
1560,3,3.0,8,0,3.0,3,8,598500.0
2810,4,2.75,4,0,2.0,3,9,750000.0
1630,2,2.25,0,0,2.0,3,10,729999.0
1740,3,2.5,3,0,2.0,3,7,299950.0
1390,3,2.25,7,0,3.0,3,8,374950.0
1070,3,2.5,6,0,2.0,3,7,386950.0
2850,5,3.25,8,0,2.0,3,8,535000.0
4100,5,3.25,3,0,2.0,3,10,890000.0
3260,4,2.5,8,0,2.0,3,9,1050000.0
3660,4,3.5,0,0,2.0,3,9,1107460.0
2708,4,2.5,0,0,2.0,3,9,436952.0
1800,3,2.5,3,0,2.0,3,8,365000.0
1150,3,2.5,7,0,3.0,3,7,288000.0
2230,3,2.5,1,0,2.0,3,8,700000.0
3540,4,3.25,7,0,2.0,3,9,800000.0
2490,4,3.5,0,0,2.0,3,9,899000.0
2670,3,2.5,7,0,2.0,3,9,465750.0
1430,2,2.5,6,0,3.0,3,8,485000.0
2670,5,2.75,0,0,2.0,3,8,494995.0
2555,3,2.5,9,0,2.0,3,8,255000.0
1970,3,2.5,3,0,2.0,3,7,530000.0
1980,3,2.0,7,0,3.0,3,8,435000.0
2010,3,2.5,0,0,2.0,3,9,639000.0
1270,3,1.5,7,0,3.0,3,8,440000.0
3950,4,2.5,1,0,3.0,3,10,914500.0
1870,3,2.0,5,0,1.0,3,8,580000.0
1180,1,1.5,8,0,2.0,3,8,250000.0
1420,3,2.5,8,0,3.0,3,7,410000.0
2810,4,2.75,0,0,2.0,3,9,531155.0
1400,3,2.5,9,0,2.0,3,7,358000.0
1950,3,2.5,5,0,2.0,3,7,425000.0
1930,3,2.25,10,0,2.0,3,7,326000.0
2210,4,2.5,1,0,2.0,3,9,650000.0
2630,4,3.5,7,0,2.0,3,10,749950.0
1600,3,1.75,1,0,1.0,3,6,239950.0
1480,3,2.5,4,0,2.0,3,8,315000.0
750,2,2.5,8,0,2.0,3,8,375000.0
1290,3,1.5,8,0,3.0,3,8,375000.0
1340,3,3.25,6,0,3.0,3,7,349000.0
1020,2,1.5,7,0,3.0,3,8,450000.0
2330,3,3.0,0,0,2.5,3,8,669950.0
2360,5,3.0,6,0,1.0,3,7,504600.0
1495,3,2.5,8,0,3.0,3,8,400000.0
3770,4,3.5,6,0,2.0,3,10,1020000.0
2890,5,2.5,9,0,2.0,3,8,518000.0
1320,3,2.75,6,0,3.0,3,8,535000.0
2330,4,2.5,1,0,2.0,3,7,337500.0
3120,4,2.5,10,0,2.0,3,9,380000.0
2960,5,3.0,10,0,2.0,3,9,875000.0
1630,3,2.25,6,0,3.0,3,8,385000.0
5230,5,3.5,0,0,2.0,3,11,1987500.0
3150,4,3.0,7,0,2.0,3,9,649500.0
3280,4,3.75,6,0,2.0,3,10,1050000.0
1030,3,1.0,72,0,1.0,3,5,249000.0
3130,4,2.5,6,0,2.0,3,9,525000.0
1240,3,3.5,6,0,2.0,3,7,402000.0
3560,4,2.75,0,0,2.0,3,10,1750000.0
2170,5,2.5,0,0,2.0,3,8,359800.0
1520,3,2.5,5,0,2.0,3,7,330000.0
1270,3,2.5,7,0,2.0,3,8,433000.0
3610,4,3.25,7,0,2.0,3,9,1010800.0
3230,3,2.75,1,0,2.0,3,9,599832.0
2300,5,3.0,1,0,2.0,3,8,312891.0
1460,2,2.5,6,0,2.0,3,8,449000.0
1750,3,2.5,1,0,3.0,3,9,495000.0
3030,5,2.75,1,0,2.0,3,9,819995.0
1522,3,3.5,8,0,2.0,3,8,407500.0
3890,4,3.75,8,0,2.0,3,10,850000.0
4590,5,4.0,6,0,2.0,3,10,1720000.0
4620,4,4.0,1,0,2.0,3,10,1459000.0
3220,4,2.75,2,0,2.0,3,8,579000.0
3170,5,2.75,0,0,2.0,3,9,890776.0
980,2,2.5,7,0,3.0,3,8,352500.0
2340,3,1.75,5,0,1.0,3,10,529000.0
1620,3,2.25,6,0,3.0,3,8,484000.0
1910,3,2.5,8,0,3.0,3,8,400000.0
2420,3,2.5,6,0,2.0,3,9,649950.0
3850,3,4.5,1,0,2.0,3,10,915000.0
3220,5,2.5,9,0,2.0,3,8,534950.0
3040,4,2.5,6,0,2.0,3,8,776000.0
1496,3,1.75,9,0,2.0,3,8,370000.0
1630,3,1.75,0,0,3.0,3,8,610000.0
4200,5,3.5,2,0,2.0,3,9,850000.0
2430,3,2.5,7,0,2.0,3,8,443000.0
4010,5,4.25,0,0,2.0,3,10,1150000.0
1510,3,2.5,3,0,2.5,3,8,453000.0
2340,4,3.5,4,0,2.0,3,8,735000.0
2700,2,2.75,7,0,1.0,3,9,810000.0
4360,3,3.5,6,0,2.0,3,10,1555000.0
7270,5,6.5,4,0,2.0,3,12,2238890.0
1350,3,2.5,8,0,3.0,3,8,377500.0
1380,3,3.25,6,0,3.0,3,8,482000.0
1830,2,2.5,3,0,2.0,3,9,600000.0
1470,3,2.5,7,0,2.0,3,8,420000.0
2940,4,2.5,9,0,2.0,3,9,480000.0
1110,2,2.0,7,0,3.0,3,7,406000.0
2790,4,2.5,5,0,2.0,3,8,505000.0
3790,4,3.75,9,0,2.0,3,11,1865000.0
3570,4,2.5,0,0,2.0,3,9,942990.0
1230,3,2.25,5,0,3.0,3,8,440000.0
1370,3,3.25,8,0,2.0,3,8,390000.0
1380,3,3.25,6,0,3.0,3,8,475000.0
1070,1,2.0,8,0,2.0,3,8,420000.0
4920,4,4.0,2,0,2.0,3,10,1408760.0
5150,5,3.5,7,0,2.0,3,10,1378000.0
2390,6,3.0,1,0,2.0,3,7,462500.0
2460,4,2.75,4,0,2.0,3,9,579950.0
3650,4,2.5,7,0,2.0,3,10,861111.0
4300,4,3.5,0,0,2.0,3,11,1450000.0
1610,3,2.25,3,0,2.0,3,7,290000.0
2610,4,2.5,6,0,2.0,3,8,535000.0
1750,3,2.5,7,0,3.0,3,8,585000.0
3310,3,2.5,6,0,2.0,3,8,670000.0
5090,4,3.75,2,0,1.0,3,11,3000000.0
1060,3,2.0,8,0,2.0,3,7,346000.0
4420,4,4.0,1,0,2.0,3,11,1325000.0
2100,3,2.5,7,0,2.0,3,9,999999.0
1650,3,1.75,0,0,3.0,3,8,599000.0
2380,4,2.5,4,0,2.0,3,7,332000.0
1170,2,2.25,5,0,2.0,3,7,336750.0
2531,4,2.5,1,0,2.0,3,8,370000.0
998,3,2.25,7,0,2.0,3,7,324000.0
1333,3,2.25,6,0,3.0,3,7,338500.0
4410,5,3.5,1,0,2.0,3,10,1881580.0
1160,3,2.75,8,0,2.0,3,7,402723.0
2630,4,3.25,1,0,2.0,3,9,715000.0
1160,3,1.5,6,0,3.0,3,8,459000.0
2140,3,2.5,9,0,2.0,3,8,589999.0
1980,4,2.5,7,0,2.0,3,7,405000.0
3030,3,2.5,5,0,2.0,3,8,509900.0
1490,2,2.0,5,0,2.0,3,8,327000.0
2370,2,1.5,9,0,2.0,3,11,1057000.0
1820,3,2.5,6,0,2.0,3,8,327500.0
1260,3,2.0,3,0,2.0,3,7,249000.0
4350,5,4.5,0,0,2.0,3,11,1375000.0
1100,1,1.25,0,0,3.0,3,9,516500.0
2050,3,2.5,9,0,2.0,3,9,465000.0
2198,3,2.5,4,0,2.0,3,8,388000.0
1230,3,2.25,1,0,3.0,3,8,549000.0
1400,2,2.0,8,0,2.0,3,8,553000.0
1410,3,2.5,5,0,2.0,3,8,530000.0
2110,3,2.5,0,0,2.0,3,8,747450.0
1590,2,2.5,5,0,2.0,3,7,305000.0
3370,5,2.5,7,0,2.0,3,9,540000.0
4500,5,4.0,8,0,2.0,3,10,750000.0
2930,4,2.5,7,0,2.0,3,10,422000.0
2470,4,2.5,9,0,2.0,3,8,337000.0
3080,5,2.75,0,0,2.0,3,9,579950.0
2260,4,2.75,1,0,2.0,3,7,341780.0
1670,4,3.0,7,0,2.0,3,8,710200.0
1540,3,3.25,1,0,3.0,3,9,690000.0
3830,4,3.5,1,0,2.0,3,10,1700000.0
980,2,2.5,6,0,3.0,3,8,329000.0
1450,3,2.5,7,0,1.0,3,7,330000.0
2850,4,3.5,1,0,2.0,3,8,608500.0
1140,3,1.75,0,0,2.0,3,8,230000.0
3070,4,3.5,5,0,2.0,3,10,785000.0
1680,3,3.0,0,0,3.0,3,8,610950.0
3087,3,2.5,0,0,2.0,3,8,399950.0
1900,4,3.25,1,0,2.0,3,9,579000.0
940,2,1.5,5,0,2.0,3,7,362500.0
1730,3,3.25,6,0,2.0,3,9,645000.0
2780,3,3.0,1,0,2.0,3,9,594866.0
2780,3,3.0,2,0,2.0,3,9,625000.0
1500,3,2.25,8,0,2.0,3,8,490000.0
710,2,1.0,71,0,2.0,4,7,399950.0
1260,3,2.5,7,0,2.0,3,7,380000.0
1870,3,2.5,5,0,2.0,3,7,270000.0
1430,2,2.5,5,0,3.0,3,8,505000.0
1520,3,2.5,9,0,3.0,3,8,385000.0
1210,2,1.5,7,0,2.0,3,8,414500.0
2540,3,2.5,4,0,2.0,3,8,347500.0
4910,4,3.5,7,0,1.5,3,11,1222500.0
2770,4,2.75,0,0,2.0,3,8,572000.0
1190,3,2.25,7,0,3.0,3,8,475000.0
4170,5,3.75,9,0,2.0,3,10,1088000.0
2500,4,2.75,6,0,2.0,3,8,350000.0
1530,2,2.25,8,0,3.0,3,8,520000.0
3600,5,2.75,0,0,2.0,3,9,679950.0
3410,4,3.25,8,0,2.0,3,10,1575000.0
3118,4,2.5,0,0,2.0,3,9,541800.0
3990,4,3.0,11,0,2.0,3,9,810000.0
4470,5,3.75,6,0,2.0,3,11,1537000.0
1425,3,2.5,7,0,3.0,3,8,467000.0
1500,3,1.75,0,0,1.0,3,6,224000.0
2270,3,2.5,11,0,2.0,3,8,507250.0
1490,3,2.0,1,0,3.0,3,8,429000.0
2520,4,2.5,0,0,2.0,3,9,610685.0
3510,4,3.5,6,0,2.0,3,9,1007500.0
1310,3,2.5,7,0,2.0,3,8,475000.0
1530,3,2.5,5,0,3.0,3,8,360000.0
2310,4,2.5,1,0,2.0,3,8,400000.0
1020,2,0.75,5,0,2.0,3,7,402101.0
1600,3,2.5,11,0,2.0,3,8,400000.0
1020,2,0.75,6,0,2.0,3,7,325000.0
